-- db_sample_data.sql
-- ==========================================================


-- 1. 회원 (임대인 1명, 임차인 10명, 관리자 1명)
INSERT INTO `tb_users` (`user_no`, `email_id`, `password`, `name`, `phone`, `gender`, `birth_date`, `type`, `role`, `deleted_yn`) 
VALUES 
('lessor1', 'lessor@test.com', '$2a$10$cuSDGuEpLkxydGri9qhQcuWym4C8sEWca4j6ZglG7QmIgI.KHuNs.', '김임대', '010-1111-1111', 'M', '1980-01-01', 'LESSOR', 'USER', 'N'),
('user1', 'user1@test.com', '$2y$10$yDo/X/eoLq/w.OlG/hxlOeEdYO8V5jqiNjfqgpcnkIeWz7TNmK2T.', '박일번', '010-2222-2222', 'F', '1995-05-05', 'USER', 'USER', 'N'),
('user2', 'user2@test.com', '$2y$10$yDo/X/eoLq/w.OlG/hxlOeEdYO8V5jqiNjfqgpcnkIeWz7TNmK2T.', '이이번', '010-3333-3333', 'M', '1998-08-08', 'USER', 'USER', 'N'),
('user3', 'user3@test.com', '$2y$10$yDo/X/eoLq/w.OlG/hxlOeEdYO8V5jqiNjfqgpcnkIeWz7TNmK2T.', '김서연', '010-5555-5555', 'F', '1996-03-14', 'USER', 'USER', 'N'),
('user4', 'user4@test.com', '$2y$10$yDo/X/eoLq/w.OlG/hxlOeEdYO8V5jqiNjfqgpcnkIeWz7TNmK2T.', '정민호', '010-6666-6666', 'M', '1994-07-22', 'USER', 'USER', 'N'),
('user5', 'user5@test.com', '$2y$10$yDo/X/eoLq/w.OlG/hxlOeEdYO8V5jqiNjfqgpcnkIeWz7TNmK2T.', '한지우', '010-7777-7777', 'F', '1999-11-03', 'USER', 'USER', 'N'),
('user6', 'user6@test.com', '$2y$10$yDo/X/eoLq/w.OlG/hxlOeEdYO8V5jqiNjfqgpcnkIeWz7TNmK2T.', '윤도현', '010-8888-8888', 'M', '1997-01-19', 'USER', 'USER', 'N'),
('user7', 'user7@test.com', '$2y$10$yDo/X/eoLq/w.OlG/hxlOeEdYO8V5jqiNjfqgpcnkIeWz7TNmK2T.', '송다은', '010-9999-9999', 'F', '2000-06-27', 'USER', 'USER', 'N'),
('user8', 'user8@test.com', '$2y$10$yDo/X/eoLq/w.OlG/hxlOeEdYO8V5jqiNjfqgpcnkIeWz7TNmK2T.', '임현우', '010-1212-3434', 'M', '1998-09-11', 'USER', 'USER', 'N'),
('user9', 'user9@test.com', '$2y$10$yDo/X/eoLq/w.OlG/hxlOeEdYO8V5jqiNjfqgpcnkIeWz7TNmK2T.', '오가은', '010-2323-4545', 'F', '1995-12-02', 'USER', 'USER', 'N'),
('user10', 'user10@test.com', '$2y$10$yDo/X/eoLq/w.OlG/hxlOeEdYO8V5jqiNjfqgpcnkIeWz7TNmK2T.', '최유진', '010-3434-5656', 'F', '1993-10-08', 'USER', 'USER', 'N'),
('admin1', 'admin@test.com', '$2a$10$cuSDGuEpLkxydGri9qhQcuWym4C8sEWca4j6ZglG7QmIgI.KHuNs.', '최관리', '010-4444-4444', 'F', '1997-01-08', 'USER', 'ADMIN', 'N');

-- 2. 건물 (모두 '김임대' 소유)
INSERT INTO `tb_houses`
(`house_no`, `house_name`, `user_no`, `house_created_at`, `house_updated_at`, `house_zip`, `house_address`, `house_address_detail`, `house_completion_year`, `house_floors`, `house_house_holds`, `house_elevator_yn`, `house_pet_yn`, `house_female_limit`, `house_parking_max`, `house_abstract`, `house_image_count`, `house_lat`, `house_lng`, `deleted`, `deleted_at`)
VALUES
('house1', '우리집오피스텔', 'lessor1', '2026-02-10 13:12:45', '2026-02-27 09:00:00', '06236', '서울특별시 강남구 테헤란로 142', '101호', 2020, 5, 20, 1, 0, 0, 10, '역세권 깔끔한 오피스텔입니다.', 1, 37.49990000, 127.03330000, 0, NULL),
('house2', '너네집빌라', 'lessor1', '2026-02-03 09:05:11', '2026-02-27 09:00:00', '06570', '서울특별시 서초구 방배로 173', '202호', 2015, 4, 8, 0, 1, 0, 4, '반려동물 환영하는 조용한 빌라', 1, 37.49390000, 126.99250000, 0, NULL),
('house3', '강서네스트03', 'lessor1', '2026-02-25 18:22:10', '2026-02-27 09:00:00', '07801', '서울특별시 강서구 공항대로 247', '2~10층', 2018, 10, 72, 1, 1, 0, 12, '강서권 코리빙. 공용 라운지/주방/세탁존.', 3, 37.55890000, 126.83270000, 0, NULL),
('house4', '홍대스테이04', 'lessor1', '2026-01-30 11:40:03', '2026-02-27 09:00:00', '04044', '서울특별시 마포구 양화로 130', '2~6층', 2013, 6, 28, 0, 0, 0, 2, '홍대 생활권, 합리형 원룸/투룸 구성.', 2, 37.55630000, 126.92300000, 0, NULL),
('house5', '종로어반05', 'lessor1', '2026-02-14 00:00:01', '2026-02-27 09:00:00', '03161', '서울특별시 종로구 종로 120', 'B1~8층', 2011, 8, 55, 1, 0, 0, 4, '도심 직주근접, 관리 우수.', 4, 37.57020000, 126.98720000, 0, NULL),
('house6', '용산리버06', 'lessor1', '2026-02-06 21:10:33', '2026-02-27 09:00:00', '04320', '서울특별시 용산구 한강대로 95', '4~12층', 2019, 12, 80, 1, 1, 0, 10, '용산/한강 접근성, 커뮤니티형.', 7, 37.55470000, 126.97230000, 0, NULL),
('house7', '강동메트로07', 'lessor1', '2026-02-20 15:55:00', '2026-02-27 09:00:00', '05355', '서울특별시 강동구 천호대로 1000', '1~7층', 2014, 7, 36, 1, 0, 0, 6, '역세권 실속형 코리빙.', 1, 37.54390000, 127.12590000, 0, NULL),
('house8', '노원그린08', 'lessor1', '2026-02-12 08:30:20', '2026-02-27 09:00:00', '01699', '서울특별시 노원구 동일로 1414', '1~6층', 2009, 6, 24, 0, 1, 0, 3, '조용한 주거지, 반려동물 가능.', 3, 37.65430000, 127.06090000, 0, NULL),
('house9', '관악메이트09', 'lessor1', '2026-01-28 19:45:59', '2026-02-27 09:00:00', '08790', '서울특별시 관악구 남부순환로 1790', '2~5층', 2012, 5, 18, 0, 0, 1, 1, '여성전용 운영, 스터디존 특화.', 1, 37.47900000, 126.95230000, 0, NULL),
('house10', '성수커먼10', 'lessor1', '2026-02-26 10:01:01', '2026-02-27 09:00:00', '04785', '서울특별시 성동구 아차산로 113', '3~9층', 2017, 9, 45, 1, 1, 0, 6, '성수 상권 인접, 공용라운지/세탁존.', 1, 37.54820000, 127.05520000, 0, NULL),
('house_s001', '코하우스중구01', 'lessor1', NOW(), NULL, '04524', '서울 중구 세종대로 110', '본관 3~10층', 2010, 10, 120, 1, 0, 0, 10, '도심 직주근접 코리빙(시청권).', 7, 37.56620502, 126.97770628, 0, NULL),
('house_s002', '코하우스종로02', 'lessor1', NOW(), NULL, '03154', '서울 종로구 종로 1', '2~9층', 2012, 9, 110, 1, 0, 0, 6, '종로 중심 상권 코리빙.', 1, 37.57000000, 126.98200000, 0, NULL),
('house_s003', '코하우스용산03', 'lessor1', NOW(), NULL, '04320', '서울 용산구 한강대로 405', 'B1~12층', 2016, 12, 160, 1, 0, 0, 20, '서울역/용산 환승권 코리빙.', 3, 37.55594400, 126.97231700, 0, NULL),
('house_s004', '코하우스마포04', 'lessor1', NOW(), NULL, '04040', '서울 마포구 양화로 160', '2~15층', 2014, 15, 170, 1, 1, 0, 10, '홍대 생활권 코리빙.', 2, 37.55630000, 126.92200000, 0, NULL),
('house_s005', '코하우스서대문05', 'lessor1', NOW(), NULL, '03718', '서울 서대문구 연희로 248', '본관 2~8층', 2012, 8, 120, 1, 0, 0, 8, '서대문 주거형 코리빙.', 6, 37.57926070, 126.93649460, 0, NULL),
('house_s006', '코하우스은평06', 'lessor1', NOW(), NULL, '03371', '서울 은평구 은평로 195', '1~8층', 2011, 8, 110, 0, 1, 0, 6, '은평구청 인근 코리빙.', 1, 37.60270000, 126.92920000, 0, NULL),
('house_s007', '코하우스강서07', 'lessor1', NOW(), NULL, '07654', '서울 강서구 공항대로 247', '3~12층', 2017, 12, 180, 1, 0, 0, 35, '마곡/강서 업무지구 코리빙.', 3, 37.55890000, 126.83270000, 0, NULL),
('house_s008', '코하우스양천08', 'lessor1', NOW(), NULL, '07967', '서울 양천구 목동서로 337', '2~9층', 2011, 9, 120, 1, 0, 0, 12, '목동 생활권 코리빙.', 2, 37.52710000, 126.87500000, 0, NULL),
('house_s009', '코하우스구로09', 'lessor1', NOW(), NULL, '08275', '서울 구로구 가마산로 245', '1~8층', 2010, 8, 110, 0, 0, 0, 8, '구로 생활권 실속형 코리빙.', 6, 37.49500000, 126.88700000, 0, NULL),
('house_s010', '코하우스금천10', 'lessor1', NOW(), NULL, '08611', '서울 금천구 시흥대로 73', '1~7층', 2009, 7, 95, 0, 0, 0, 4, '금천권 가성비 코리빙.', 2, 37.45600000, 126.89600000, 0, NULL),
('house_s011', '코하우스영등포11', 'lessor1', NOW(), NULL, '07235', '서울 영등포구 당산로 123', '2~10층', 2011, 10, 140, 1, 0, 0, 10, '당산/영등포 중심 코리빙.', 1, 37.52630000, 126.89630000, 0, NULL),
('house_s012', '코하우스동작12', 'lessor1', NOW(), NULL, '06928', '서울 동작구 장승배기로 161', '1~7층', 2010, 7, 90, 0, 0, 0, 4, '동작 생활권 실속형.', 2, 37.51200000, 126.93900000, 0, NULL),
('house_s013', '코하우스관악13', 'lessor1', NOW(), NULL, '08826', '서울 관악구 관악로 1', '2~8층', 2012, 8, 120, 1, 0, 1, 3, '관악(대학가) 여성전용층 일부.', 7, 37.45990000, 126.95190000, 0, NULL),
('house_s014', '코하우스서초14', 'lessor1', NOW(), NULL, '06611', '서울 서초구 서초대로77길 54', '2~15층', 2018, 15, 200, 1, 0, 0, 25, '서초 업무지구형 코리빙.', 1, 37.50100000, 127.02500000, 0, NULL),
('house_s015', '코하우스강남15', 'lessor1', NOW(), NULL, '06236', '서울 강남구 테헤란로 142', '3~20층', 2017, 20, 260, 1, 0, 0, 30, '강남 테헤란로 코리빙.', 9, 37.49980000, 127.03330000, 0, NULL),
('house_s016', '코하우스송파16', 'lessor1', NOW(), NULL, '05551', '서울 송파구 올림픽로 300', 'B동 6~30층', 2021, 30, 400, 1, 0, 0, 60, '잠실/대형 커뮤니티 코리빙.', 8, 37.51419392, 127.10401480, 0, NULL),
('house_s017', '코하우스강동17', 'lessor1', NOW(), NULL, '05328', '서울 강동구 천호대로 1005', '3~12층', 2014, 12, 170, 1, 0, 0, 18, '천호 상권 코리빙.', 7, 37.53881141, 127.12414644, 0, NULL),
('house_s018', '코하우스광진18', 'lessor1', NOW(), NULL, '05029', '서울 광진구 능동로 120', '1~10층', 2013, 10, 130, 1, 1, 0, 12, '건대 생활권 코리빙.', 4, 37.54040000, 127.07020000, 0, NULL),
('house_s019', '코하우스성동19', 'lessor1', NOW(), NULL, '04758', '서울 성동구 왕십리로 83', '2~13층', 2016, 13, 190, 1, 0, 0, 15, '왕십리 환승 중심 코리빙.', 3, 37.56130000, 127.03720000, 0, NULL),
('house_s020', '코하우스동대문20', 'lessor1', NOW(), NULL, '02586', '서울 동대문구 왕산로 214', '3~14층', 2016, 14, 190, 1, 0, 0, 20, '청량리권 교통 중심.', 3, 37.58020000, 127.04670000, 0, NULL),
('house_s021', '코하우스중랑21', 'lessor1', NOW(), NULL, '02060', '서울 중랑구 봉화산로 179', '1~8층', 2012, 8, 120, 0, 0, 0, 6, '중랑권 실속형 코리빙.', 7, 37.60660000, 127.09270000, 0, NULL),
('house_s022', '코하우스성북22', 'lessor1', NOW(), NULL, '02848', '서울 성북구 보문로 168', '본관 2~9층', 2011, 9, 130, 1, 0, 0, 8, '성북 생활권 주거형.', 3, 37.58935882, 127.01670064, 0, NULL),
('house_s023', '코하우스강북23', 'lessor1', NOW(), NULL, '01160', '서울 강북구 도봉로 148', '1~7층', 2008, 7, 80, 0, 0, 0, 3, '강북권 실속형 코리빙.', 3, 37.62205905, 127.02807866, 0, NULL),
('house_s024', '코하우스도봉24', 'lessor1', NOW(), NULL, '01331', '서울 도봉구 마들로 656', '본관 2~8층', 2010, 8, 95, 0, 1, 0, 5, '도봉구청 생활권.', 6, 37.66870173, 127.04700676, 0, NULL),
('house_s025', '코하우스노원25', 'lessor1', NOW(), NULL, '01689', '서울 노원구 노해로 437', '2~9층', 2009, 9, 100, 0, 1, 0, 6, '노원구청 인근.', 4, 37.65410000, 127.05630000, 0, NULL),
('house_s026', '코하우스강서26', 'lessor1', NOW(), NULL, '07505', '서울 강서구 하늘길 38', '1층 로비', 2014, 7, 90, 0, 0, 0, 7, '김포공항 인근 코리빙.', 8, 37.55830000, 126.79060000, 0, NULL),
('house_s027', '코하우스강남27', 'lessor1', NOW(), NULL, '06164', '서울 강남구 영동대로 513', 'B1~18층', 2019, 18, 240, 1, 0, 0, 35, '삼성/COEX 인근.', 3, 37.51191760, 127.05921799, 0, NULL),
('house_s028', '코하우스서초28', 'lessor1', NOW(), NULL, '06590', '서울 서초구 신반포로 194', '2~12층', 2015, 12, 180, 1, 0, 0, 22, '반포 생활권 코리빙.', 7, 37.50460000, 127.00470000, 0, NULL),
('house_s029', '코하우스송파29', 'lessor1', NOW(), NULL, '05836', '서울 송파구 중대로 135', '1~10층', 2013, 10, 150, 1, 0, 0, 18, '송파 동부권 실속형.', 1, 37.49800000, 127.11700000, 0, NULL),
('house_s030', '코하우스마포30', 'lessor1', NOW(), NULL, '04051', '서울 마포구 와우산로 94', 'B동 2~8층', 2011, 8, 130, 1, 1, 0, 10, '홍대/상수 인근 코리빙.', 2, 37.55130000, 126.92550000, 0, NULL);

-- 3. 방
INSERT INTO `tb_rooms`
(`room_no`, `room_name`, `house_no`, `user_no`, `room_created_at`, `room_updated_at`, `room_deposit`, `room_monthly`, `room_method`, `room_area`, `room_facing`, `room_available_date`, `room_abstract`, `room_room_count`, `room_bath_count`, `room_empty_yn`, `room_status`, `room_options`, `room_image_count`, `deleted`, `deleted_at`)
VALUES
('room1', '101호', 'house1', 'lessor1', '2026-02-10 14:05:00', '2026-02-27 09:00:00', 10000000, 500000, 'M', 30.50, '남향', '2026-01-01', '채광 좋은 남향 방', 1, 1, 1, 'ACTIVE', '에어컨,냉장고,세탁기', 8, 0, NULL),
('room2', '102호', 'house1', 'lessor1', '2026-02-11 09:15:30', '2026-02-27 09:00:00', 15000000, 600000, 'M', 35.00, '동향', '2026-03-15', '넓은 원룸', 1, 1, 1, 'ACTIVE', '침대,책상,옷장,WiFi', 2, 0, NULL),
('room3', '201호', 'house2', 'lessor1', '2026-02-03 10:20:00', '2026-02-27 09:00:00', 50000000, NULL, 'L', 45.00, '남향', '2026-04-01', '전세 귀한 매물', 2, 1, 1, 'ACTIVE', '', 1, 0, NULL),
('room4', '301호', 'house3', 'lessor1', '2026-02-25 19:10:00', '2026-02-27 09:00:00', 10000000, 650000, 'M', 22.50, '남향', '2026-03-03', '강서 네스트, 채광 좋은 남향 원룸', 1, 1, 1, 'ACTIVE', '에어컨,냉장고,세탁기', 6, 0, NULL),
('room5', '502호', 'house3', 'lessor1', '2026-02-26 08:40:00', '2026-02-27 09:00:00', 20000000, 850000, 'M', 28.00, '동향', '2026-03-10', '강서 네스트, 동향 1.5룸', 1, 1, 1, 'ACTIVE', '침대,책상,옷장,WiFi', 1, 0, NULL),
('room6', '703호', 'house3', 'lessor1', '2026-02-26 09:30:00', '2026-02-27 09:00:00', 180000000, NULL, 'L', 35.00, '남서향', '2026-04-01', '강서 네스트, 전세 매물', 2, 1, 1, 'ACTIVE', '', 3, 0, NULL),
('room7', '201호', 'house4', 'lessor1', '2026-01-30 12:10:00', '2026-02-27 09:00:00', 8000000, 550000, 'M', 19.50, '북향', '2026-03-05', '홍대 스테이, 실속형 원룸', 1, 1, 1, 'ACTIVE', '에어컨,세탁기', 1, 0, NULL),
('room8', '302호', 'house4', 'lessor1', '2026-02-01 09:00:00', '2026-02-27 09:00:00', 12000000, 620000, 'M', 23.00, '남동향', '2026-03-20', '홍대 스테이, 남동향 채광', 1, 1, 1, 'ACTIVE', '냉장고,전자레인지', 8, 0, NULL),
('room9', '401호', 'house4', 'lessor1', '2026-02-05 18:25:00', '2026-02-27 09:00:00', 15000000, 700000, 'M', 26.50, '서향', '2026-04-10', '홍대 스테이, 투룸형', 2, 1, 0, 'ACTIVE', '침대,옷장,WiFi', 4, 0, NULL),
('room10', '203호', 'house5', 'lessor1', '2026-02-14 10:00:00', '2026-02-27 09:00:00', 10000000, 600000, 'M', 20.00, '동향', '2026-03-08', '종로 어반, 도심 직주근접', 1, 1, 1, 'ACTIVE', '에어컨,냉장고', 8, 0, NULL),
('room11', '505호', 'house5', 'lessor1', '2026-02-15 13:30:00', '2026-02-27 09:00:00', 30000000, 900000, 'M', 30.00, '남향', '2026-03-25', '종로 어반, 남향 1.5룸', 1, 1, 1, 'ACTIVE', '침대,책상,옷장', 2, 0, NULL),
('room12', '801호', 'house5', 'lessor1', '2026-02-16 09:45:00', '2026-02-27 09:00:00', 220000000, NULL, 'L', 38.00, '남동향', '2026-04-15', '종로 어반, 전세 매물', 2, 1, 1, 'ACTIVE', '', 1, 0, NULL),
('room13', '402호', 'house6', 'lessor1', '2026-02-07 09:05:00', '2026-02-27 09:00:00', 15000000, 800000, 'M', 24.00, '북서향', '2026-03-12', '용산 리버, 북서향 전망', 1, 1, 1, 'ACTIVE', '에어컨,세탁기,WiFi', 2, 0, NULL),
('room14', '706호', 'house6', 'lessor1', '2026-02-08 11:22:00', '2026-02-27 09:00:00', 25000000, 1000000, 'M', 32.00, '남향', '2026-03-30', '용산 리버, 남향 투룸', 2, 1, 1, 'ACTIVE', '풀옵션(에어컨/냉장고/세탁기/침대)', 7, 0, NULL),
('room15', '1002호', 'house6', 'lessor1', '2026-02-09 16:10:00', '2026-02-27 09:00:00', 260000000, NULL, 'L', 42.00, '남서향', '2026-04-20', '용산 리버, 전세 희소', 2, 2, 0, 'ACTIVE', '', 2, 0, NULL),
('room16', '101호', 'house7', 'lessor1', '2026-02-20 16:20:00', '2026-02-27 09:00:00', 7000000, 520000, 'M', 18.00, '북향', '2026-03-02', '강동 메트로, 역세권 원룸', 1, 1, 1, 'ACTIVE', '에어컨', 3, 0, NULL),
('room17', '303호', 'house7', 'lessor1', '2026-02-21 10:05:00', '2026-02-27 09:00:00', 12000000, 650000, 'M', 23.50, '동향', '2026-03-18', '강동 메트로, 동향 채광', 1, 1, 1, 'ACTIVE', '냉장고,세탁기', 2, 0, NULL),
('room18', '605호', 'house7', 'lessor1', '2026-02-22 14:40:00', '2026-02-27 09:00:00', 18000000, 750000, 'M', 27.00, '남동향', '2026-04-05', '강동 메트로, 1.5룸', 1, 1, 0, 'ACTIVE', '침대,책상,WiFi', 4, 0, NULL),
('room19', '102호', 'house8', 'lessor1', '2026-02-12 09:00:00', '2026-02-27 09:00:00', 6000000, 450000, 'M', 17.50, '서향', '2026-03-06', '노원 그린, 반려동물 가능', 1, 1, 1, 'ACTIVE', '세탁기', 2, 0, NULL),
('room20', '204호', 'house8', 'lessor1', '2026-02-13 12:15:00', '2026-02-27 09:00:00', 9000000, 520000, 'M', 20.00, '북동향', '2026-03-22', '노원 그린, 통풍 좋음', 1, 1, 1, 'ACTIVE', '냉장고,전자레인지', 4, 0, NULL),
('room21', '501호', 'house8', 'lessor1', '2026-02-14 08:05:00', '2026-02-27 09:00:00', 14000000, 600000, 'M', 24.00, '남향', '2026-04-08', '노원 그린, 남향 채광', 1, 1, 0, 'ACTIVE', '에어컨,옷장', 7, 0, NULL),
('room22', '201호', 'house9', 'lessor1', '2026-01-28 20:10:00', '2026-02-27 09:00:00', 8000000, 500000, 'M', 18.50, '북향', '2026-03-04', '관악 메이트, 여성전용 원룸', 1, 1, 1, 'ACTIVE', 'WiFi', 5, 0, NULL),
('room23', '302호', 'house9', 'lessor1', '2026-02-02 09:50:00', '2026-02-27 09:00:00', 12000000, 580000, 'M', 21.50, '남동향', '2026-03-21', '관악 메이트, 스터디존 이용', 1, 1, 1, 'ACTIVE', '에어컨,책상', 2, 0, NULL),
('room24', '501호', 'house9', 'lessor1', '2026-02-07 18:00:00', '2026-02-27 09:00:00', 15000000, 650000, 'M', 25.00, '남향', '2026-04-07', '관악 메이트, 남향 1.5룸', 1, 1, 0, 'ACTIVE', '침대,옷장', 2, 0, NULL),
('room25', '301호', 'house10', 'lessor1', '2026-02-26 11:00:00', '2026-02-27 09:00:00', 10000000, 650000, 'M', 22.50, '남향', '2026-03-03', '성수 커먼, 남향 원룸', 1, 1, 1, 'ACTIVE', '에어컨,세탁기', 2, 0, NULL),
('room26', '502호', 'house10', 'lessor1', '2026-02-26 14:20:00', '2026-02-27 09:00:00', 20000000, 850000, 'M', 28.00, '동향', '2026-03-10', '성수 커먼, 동향 1.5룸', 1, 1, 1, 'ACTIVE', '침대,책상,WiFi', 1, 0, NULL),
('room27', '703호', 'house10', 'lessor1', '2026-02-26 16:45:00', '2026-02-27 09:00:00', 180000000, NULL, 'L', 35.00, '남서향', '2026-04-01', '성수 커먼, 전세 매물', 2, 1, 1, 'ACTIVE', '', 7, 0, NULL),
('room_s0001', '201호', 'house_s001', 'lessor1', NOW(), NULL, 26500000, 1380000, 'M', 16.00, '북향', '2026-03-04', '코하우스중구01 201호 | 월세 매물', 1, 1, 1, 'ACTIVE', '에어컨,냉장고,세탁기,WiFi', 7, 0, NULL),
('room_s0002', '202호', 'house_s001', 'lessor1', NOW(), NULL, 27700000, 1440000, 'M', 16.85, '동향', '2026-03-05', '코하우스중구01 202호 | 월세 매물', 1, 1, 0, 'ACTIVE', '에어컨,냉장고,세탁기,WiFi', 1, 0, NULL),
('room_s0003', '301호', 'house_s001', 'lessor1', NOW(), NULL, 28900000, 1500000, 'M', 17.70, '남향', '2026-03-06', '코하우스중구01 301호 | 월세 매물', 1, 1, 1, 'ACTIVE', '에어컨,냉장고,세탁기,WiFi', 3, 0, NULL),
('room_s0004', '302호', 'house_s001', 'lessor1', NOW(), NULL, 544500000, 0, 'L', 29.80, '서향', '2026-03-07', '코하우스중구01 302호 | 전세 매물', 2, 2, 0, 'ACTIVE', '에어컨,냉장고,세탁기,침대,책상,옷장,WiFi', 1, 0, NULL),
('room_s0005', '401호', 'house_s001', 'lessor1', NOW(), NULL, 31300000, 1620000, 'M', 19.40, '북동향', '2026-03-08', '코하우스중구01 401호 | 월세 매물', 1, 1, 1, 'ACTIVE', '에어컨,냉장고,세탁기,전자레인지,옷장,WiFi', 2, 0, NULL),
('room_s0006', '402호', 'house_s001', 'lessor1', NOW(), NULL, 32500000, 1680000, 'M', 20.25, '남동향', '2026-03-09', '코하우스중구01 402호 | 월세 매물', 1, 1, 0, 'ACTIVE', '에어컨,냉장고,세탁기,전자레인지,옷장,WiFi', 1, 0, NULL),
('room_s0007', '501호', 'house_s001', 'lessor1', NOW(), NULL, 33700000, 1740000, 'M', 21.10, '남서향', '2026-03-10', '코하우스중구01 501호 | 월세 매물', 1, 1, 1, 'ACTIVE', '풀옵션(에어컨/냉장고/세탁기/침대/책상/옷장/전자레인지/WiFi)', 2, 0, NULL),
('room_s0008', '502호', 'house_s001', 'lessor1', NOW(), NULL, 34900000, 1800000, 'M', 21.95, '북서향', '2026-03-11', '코하우스중구01 502호 | 월세 매물', 1, 1, 0, 'ACTIVE', '풀옵션(에어컨/냉장고/세탁기/침대/책상/옷장/전자레인지/WiFi)', 1, 0, NULL),
('room_s0009', '601호', 'house_s001', 'lessor1', NOW(), NULL, 574500000, 0, 'L', 34.30, '북향', '2026-03-12', '코하우스중구01 601호 | 전세 매물', 3, 2, 1, 'ACTIVE', '에어컨,냉장고,인덕션,옷장', 3, 0, NULL),
('room_s0010', '602호', 'house_s001', 'lessor1', NOW(), NULL, 37300000, 1920000, 'M', 23.65, '동향', '2026-03-13', '코하우스중구01 602호 | 월세 매물', 1, 1, 0, 'HIDDEN', '', 3, 0, NULL),
('room_s0011', '201호', 'house_s002', 'lessor1', NOW(), NULL, 26800000, 1400000, 'M', 16.15, '북향', '2026-03-06', '코하우스종로02 201호 | 월세 매물', 1, 1, 1, 'ACTIVE', '에어컨,냉장고,세탁기,WiFi', 1, 0, NULL),
('room_s0012', '202호', 'house_s002', 'lessor1', NOW(), NULL, 28000000, 1460000, 'M', 17.00, '동향', '2026-03-07', '코하우스종로02 202호 | 월세 매물', 1, 1, 0, 'ACTIVE', '에어컨,냉장고,세탁기,WiFi', 1, 0, NULL),
('room_s0013', '301호', 'house_s002', 'lessor1', NOW(), NULL, 29200000, 1520000, 'M', 17.85, '남향', '2026-03-08', '코하우스종로02 301호 | 월세 매물', 1, 1, 1, 'ACTIVE', '에어컨,냉장고,세탁기,WiFi', 2, 0, NULL),
('room_s0014', '302호', 'house_s002', 'lessor1', NOW(), NULL, 545000000, 0, 'L', 30.00, '서향', '2026-03-09', '코하우스종로02 302호 | 전세 매물', 2, 2, 0, 'ACTIVE', '에어컨,냉장고,세탁기,침대,책상,옷장,WiFi', 1, 0, NULL),
('room_s0015', '401호', 'house_s002', 'lessor1', NOW(), NULL, 31600000, 1640000, 'M', 19.55, '북동향', '2026-03-10', '코하우스종로02 401호 | 월세 매물', 1, 1, 1, 'ACTIVE', '에어컨,냉장고,세탁기,전자레인지,옷장,WiFi', 2, 0, NULL),
('room_s0016', '402호', 'house_s002', 'lessor1', NOW(), NULL, 32800000, 1700000, 'M', 20.40, '남동향', '2026-03-11', '코하우스종로02 402호 | 월세 매물', 1, 1, 0, 'ACTIVE', '에어컨,냉장고,세탁기,전자레인지,옷장,WiFi', 2, 0, NULL),
('room_s0017', '501호', 'house_s002', 'lessor1', NOW(), NULL, 34000000, 1760000, 'M', 21.25, '남서향', '2026-03-12', '코하우스종로02 501호 | 월세 매물', 1, 1, 1, 'ACTIVE', '풀옵션(에어컨/냉장고/세탁기/침대/책상/옷장/전자레인지/WiFi)', 3, 0, NULL),
('room_s0018', '502호', 'house_s002', 'lessor1', NOW(), NULL, 35200000, 1820000, 'M', 22.10, '북서향', '2026-03-13', '코하우스종로02 502호 | 월세 매물', 1, 1, 0, 'ACTIVE', '풀옵션(에어컨/냉장고/세탁기/침대/책상/옷장/전자레인지/WiFi)', 2, 0, NULL),
('room_s0019', '601호', 'house_s002', 'lessor1', NOW(), NULL, 575000000, 0, 'L', 34.50, '북향', '2026-03-14', '코하우스종로02 601호 | 전세 매물', 3, 2, 1, 'ACTIVE', '에어컨,냉장고,인덕션,옷장', 7, 0, NULL),
('room_s0020', '602호', 'house_s002', 'lessor1', NOW(), NULL, 37600000, 1940000, 'M', 23.80, '동향', '2026-03-15', '코하우스종로02 602호 | 월세 매물', 1, 1, 0, 'HIDDEN', '', 3, 0, NULL),
('room_s0021', '201호', 'house_s003', 'lessor1', NOW(), NULL, 27100000, 1420000, 'M', 16.30, '북향', '2026-03-08', '코하우스용산03 201호 | 월세 매물', 1, 1, 1, 'ACTIVE', '에어컨,냉장고,세탁기,WiFi', 1, 0, NULL),
('room_s0022', '202호', 'house_s003', 'lessor1', NOW(), NULL, 28300000, 1480000, 'M', 17.15, '동향', '2026-03-09', '코하우스용산03 202호 | 월세 매물', 1, 1, 0, 'ACTIVE', '에어컨,냉장고,세탁기,WiFi', 5, 0, NULL),
('room_s0023', '301호', 'house_s003', 'lessor1', NOW(), NULL, 29500000, 1540000, 'M', 18.00, '남향', '2026-03-10', '코하우스용산03 301호 | 월세 매물', 1, 1, 1, 'ACTIVE', '에어컨,냉장고,세탁기,WiFi', 2, 0, NULL),
('room_s0024', '302호', 'house_s003', 'lessor1', NOW(), NULL, 545500000, 0, 'L', 29.60, '서향', '2026-03-11', '코하우스용산03 302호 | 전세 매물', 2, 2, 0, 'ACTIVE', '에어컨,냉장고,세탁기,침대,책상,옷장,WiFi', 3, 0, NULL),
('room_s0025', '401호', 'house_s003', 'lessor1', NOW(), NULL, 31900000, 1660000, 'M', 19.70, '북동향', '2026-03-12', '코하우스용산03 401호 | 월세 매물', 1, 1, 1, 'ACTIVE', '에어컨,냉장고,세탁기,전자레인지,옷장,WiFi', 1, 0, NULL),
('room_s0026', '402호', 'house_s003', 'lessor1', NOW(), NULL, 33100000, 1720000, 'M', 20.55, '남동향', '2026-03-13', '코하우스용산03 402호 | 월세 매물', 1, 1, 0, 'ACTIVE', '에어컨,냉장고,세탁기,전자레인지,옷장,WiFi', 2, 0, NULL),
('room_s0027', '501호', 'house_s003', 'lessor1', NOW(), NULL, 34300000, 1780000, 'M', 21.40, '남서향', '2026-03-14', '코하우스용산03 501호 | 월세 매물', 1, 1, 1, 'ACTIVE', '풀옵션(에어컨/냉장고/세탁기/침대/책상/옷장/전자레인지/WiFi)', 1, 0, NULL),
('room_s0028', '502호', 'house_s003', 'lessor1', NOW(), NULL, 35500000, 1840000, 'M', 22.25, '북서향', '2026-03-15', '코하우스용산03 502호 | 월세 매물', 1, 1, 0, 'ACTIVE', '풀옵션(에어컨/냉장고/세탁기/침대/책상/옷장/전자레인지/WiFi)', 1, 0, NULL),
('room_s0029', '601호', 'house_s003', 'lessor1', NOW(), NULL, 575500000, 0, 'L', 34.10, '북향', '2026-03-16', '코하우스용산03 601호 | 전세 매물', 3, 2, 1, 'ACTIVE', '에어컨,냉장고,인덕션,옷장', 4, 0, NULL),
('room_s0030', '602호', 'house_s003', 'lessor1', NOW(), NULL, 37900000, 1960000, 'M', 23.95, '동향', '2026-03-17', '코하우스용산03 602호 | 월세 매물', 1, 1, 0, 'HIDDEN', '', 8, 0, NULL),
('room_s0031', '201호', 'house_s004', 'lessor1', NOW(), NULL, 17100000, 945000, 'M', 15.85, '북향', '2026-03-10', '코하우스마포04 201호 | 월세 매물', 1, 1, 1, 'ACTIVE', '에어컨,냉장고,세탁기,WiFi', 6, 0, NULL),
('room_s0032', '202호', 'house_s004', 'lessor1', NOW(), NULL, 18000000, 990000, 'M', 16.70, '동향', '2026-03-11', '코하우스마포04 202호 | 월세 매물', 1, 1, 0, 'ACTIVE', '에어컨,냉장고,세탁기,WiFi', 7, 0, NULL),
('room_s0033', '301호', 'house_s004', 'lessor1', NOW(), NULL, 18900000, 1035000, 'M', 17.55, '남향', '2026-03-12', '코하우스마포04 301호 | 월세 매물', 1, 1, 1, 'ACTIVE', '에어컨,냉장고,세탁기,WiFi', 1, 0, NULL),
('room_s0034', '302호', 'house_s004', 'lessor1', NOW(), NULL, 382000000, 0, 'L', 29.80, '서향', '2026-03-13', '코하우스마포04 302호 | 전세 매물', 2, 2, 0, 'ACTIVE', '에어컨,냉장고,세탁기,침대,책상,옷장,WiFi', 7, 0, NULL),
('room_s0035', '401호', 'house_s004', 'lessor1', NOW(), NULL, 20700000, 1125000, 'M', 19.25, '북동향', '2026-03-14', '코하우스마포04 401호 | 월세 매물', 1, 1, 1, 'ACTIVE', '에어컨,냉장고,세탁기,전자레인지,옷장,WiFi', 4, 0, NULL),
('room_s0036', '402호', 'house_s004', 'lessor1', NOW(), NULL, 21600000, 1170000, 'M', 20.10, '남동향', '2026-03-15', '코하우스마포04 402호 | 월세 매물', 1, 1, 0, 'ACTIVE', '에어컨,냉장고,세탁기,전자레인지,옷장,WiFi', 4, 0, NULL),
('room_s0037', '501호', 'house_s004', 'lessor1', NOW(), NULL, 22500000, 1215000, 'M', 20.95, '남서향', '2026-03-16', '코하우스마포04 501호 | 월세 매물', 1, 1, 1, 'ACTIVE', '풀옵션(에어컨/냉장고/세탁기/침대/책상/옷장/전자레인지/WiFi)', 6, 0, NULL),
('room_s0038', '502호', 'house_s004', 'lessor1', NOW(), NULL, 23400000, 1260000, 'M', 21.80, '북서향', '2026-03-17', '코하우스마포04 502호 | 월세 매물', 1, 1, 0, 'ACTIVE', '풀옵션(에어컨/냉장고/세탁기/침대/책상/옷장/전자레인지/WiFi)', 3, 0, NULL),
('room_s0039', '601호', 'house_s004', 'lessor1', NOW(), NULL, 407000000, 0, 'L', 34.30, '북향', '2026-03-18', '코하우스마포04 601호 | 전세 매물', 3, 2, 1, 'ACTIVE', '에어컨,냉장고,인덕션,옷장', 5, 0, NULL),
('room_s0040', '602호', 'house_s004', 'lessor1', NOW(), NULL, 25200000, 1350000, 'M', 23.50, '동향', '2026-03-19', '코하우스마포04 602호 | 월세 매물', 1, 1, 0, 'HIDDEN', '', 1, 0, NULL),
('room_s0041', '201호', 'house_s005', 'lessor1', NOW(), NULL, 15900000, 965000, 'M', 16.00, '북향', '2026-03-12', '코하우스서대문05 201호 | 월세 매물', 1, 1, 1, 'ACTIVE', '에어컨,냉장고,세탁기,WiFi', 3, 0, NULL),
('room_s0042', '202호', 'house_s005', 'lessor1', NOW(), NULL, 16800000, 1010000, 'M', 16.85, '동향', '2026-03-13', '코하우스서대문05 202호 | 월세 매물', 1, 1, 0, 'ACTIVE', '에어컨,냉장고,세탁기,WiFi', 2, 0, NULL),
('room_s0043', '301호', 'house_s005', 'lessor1', NOW(), NULL, 17700000, 1055000, 'M', 17.70, '남향', '2026-03-14', '코하우스서대문05 301호 | 월세 매물', 1, 1, 1, 'ACTIVE', '에어컨,냉장고,세탁기,WiFi', 2, 0, NULL),
('room_s0044', '302호', 'house_s005', 'lessor1', NOW(), NULL, 382500000, 0, 'L', 30.00, '서향', '2026-03-15', '코하우스서대문05 302호 | 전세 매물', 2, 2, 0, 'ACTIVE', '에어컨,냉장고,세탁기,침대,책상,옷장,WiFi', 3, 0, NULL),
('room_s0045', '401호', 'house_s005', 'lessor1', NOW(), NULL, 19500000, 1145000, 'M', 19.40, '북동향', '2026-03-16', '코하우스서대문05 401호 | 월세 매물', 1, 1, 1, 'ACTIVE', '에어컨,냉장고,세탁기,전자레인지,옷장,WiFi', 3, 0, NULL),
('room_s0046', '402호', 'house_s005', 'lessor1', NOW(), NULL, 20400000, 1190000, 'M', 20.25, '남동향', '2026-03-17', '코하우스서대문05 402호 | 월세 매물', 1, 1, 0, 'ACTIVE', '에어컨,냉장고,세탁기,전자레인지,옷장,WiFi', 1, 0, NULL),
('room_s0047', '501호', 'house_s005', 'lessor1', NOW(), NULL, 21300000, 1235000, 'M', 21.10, '남서향', '2026-03-18', '코하우스서대문05 501호 | 월세 매물', 1, 1, 1, 'ACTIVE', '풀옵션(에어컨/냉장고/세탁기/침대/책상/옷장/전자레인지/WiFi)', 3, 0, NULL),
('room_s0048', '502호', 'house_s005', 'lessor1', NOW(), NULL, 22200000, 1280000, 'M', 21.95, '북서향', '2026-03-19', '코하우스서대문05 502호 | 월세 매물', 1, 1, 0, 'ACTIVE', '풀옵션(에어컨/냉장고/세탁기/침대/책상/옷장/전자레인지/WiFi)', 1, 0, NULL),
('room_s0049', '601호', 'house_s005', 'lessor1', NOW(), NULL, 407500000, 0, 'L', 34.50, '북향', '2026-03-20', '코하우스서대문05 601호 | 전세 매물', 3, 2, 1, 'ACTIVE', '에어컨,냉장고,인덕션,옷장', 1, 0, NULL),
('room_s0050', '602호', 'house_s005', 'lessor1', NOW(), NULL, 24000000, 1370000, 'M', 23.65, '동향', '2026-03-21', '코하우스서대문05 602호 | 월세 매물', 1, 1, 0, 'HIDDEN', '', 7, 0, NULL),
('room_s0051', '201호', 'house_s006', 'lessor1', NOW(), NULL, 10000000, 725000, 'M', 16.15, '북향', '2026-03-14', '코하우스은평06 201호 | 월세 매물', 1, 1, 1, 'ACTIVE', '에어컨,냉장고,세탁기,WiFi', 1, 0, NULL),
('room_s0052', '202호', 'house_s006', 'lessor1', NOW(), NULL, 10700000, 760000, 'M', 17.00, '동향', '2026-03-15', '코하우스은평06 202호 | 월세 매물', 1, 1, 0, 'ACTIVE', '에어컨,냉장고,세탁기,WiFi', 3, 0, NULL),
('room_s0053', '301호', 'house_s006', 'lessor1', NOW(), NULL, 11400000, 795000, 'M', 17.85, '남향', '2026-03-16', '코하우스은평06 301호 | 월세 매물', 1, 1, 1, 'ACTIVE', '에어컨,냉장고,세탁기,WiFi', 2, 0, NULL),
('room_s0054', '302호', 'house_s006', 'lessor1', NOW(), NULL, 259000000, 0, 'L', 29.60, '서향', '2026-03-17', '코하우스은평06 302호 | 전세 매물', 2, 2, 0, 'ACTIVE', '에어컨,냉장고,세탁기,침대,책상,옷장,WiFi', 4, 0, NULL),
('room_s0055', '401호', 'house_s006', 'lessor1', NOW(), NULL, 12800000, 865000, 'M', 19.55, '북동향', '2026-03-18', '코하우스은평06 401호 | 월세 매물', 1, 1, 1, 'ACTIVE', '에어컨,냉장고,세탁기,전자레인지,옷장,WiFi', 3, 0, NULL),
('room_s0056', '402호', 'house_s006', 'lessor1', NOW(), NULL, 13500000, 900000, 'M', 20.40, '남동향', '2026-03-19', '코하우스은평06 402호 | 월세 매물', 1, 1, 0, 'ACTIVE', '에어컨,냉장고,세탁기,전자레인지,옷장,WiFi', 4, 0, NULL),
('room_s0057', '501호', 'house_s006', 'lessor1', NOW(), NULL, 14200000, 935000, 'M', 21.25, '남서향', '2026-03-20', '코하우스은평06 501호 | 월세 매물', 1, 1, 1, 'ACTIVE', '풀옵션(에어컨/냉장고/세탁기/침대/책상/옷장/전자레인지/WiFi)', 4, 0, NULL),
('room_s0058', '502호', 'house_s006', 'lessor1', NOW(), NULL, 14900000, 970000, 'M', 22.10, '북서향', '2026-03-21', '코하우스은평06 502호 | 월세 매물', 1, 1, 0, 'ACTIVE', '풀옵션(에어컨/냉장고/세탁기/침대/책상/옷장/전자레인지/WiFi)', 2, 0, NULL),
('room_s0059', '601호', 'house_s006', 'lessor1', NOW(), NULL, 279000000, 0, 'L', 34.10, '북향', '2026-03-22', '코하우스은평06 601호 | 전세 매물', 3, 2, 1, 'ACTIVE', '에어컨,냉장고,인덕션,옷장', 1, 0, NULL),
('room_s0060', '602호', 'house_s006', 'lessor1', NOW(), NULL, 16300000, 1040000, 'M', 23.80, '동향', '2026-03-23', '코하우스은평06 602호 | 월세 매물', 1, 1, 0, 'HIDDEN', '', 3, 0, NULL),
('room_s0061', '201호', 'house_s007', 'lessor1', NOW(), NULL, 16500000, 1005000, 'M', 16.30, '북향', '2026-03-16', '코하우스강서07 201호 | 월세 매물', 1, 1, 1, 'ACTIVE', '에어컨,냉장고,세탁기,WiFi', 1, 0, NULL),
('room_s0062', '202호', 'house_s007', 'lessor1', NOW(), NULL, 17400000, 1050000, 'M', 17.15, '동향', '2026-03-17', '코하우스강서07 202호 | 월세 매물', 1, 1, 0, 'ACTIVE', '에어컨,냉장고,세탁기,WiFi', 3, 0, NULL),
('room_s0063', '301호', 'house_s007', 'lessor1', NOW(), NULL, 18300000, 1095000, 'M', 18.00, '남향', '2026-03-18', '코하우스강서07 301호 | 월세 매물', 1, 1, 1, 'ACTIVE', '에어컨,냉장고,세탁기,WiFi', 4, 0, NULL),
('room_s0064', '302호', 'house_s007', 'lessor1', NOW(), NULL, 383500000, 0, 'L', 29.80, '서향', '2026-03-19', '코하우스강서07 302호 | 전세 매물', 2, 2, 0, 'ACTIVE', '에어컨,냉장고,세탁기,침대,책상,옷장,WiFi', 1, 0, NULL),
('room_s0065', '401호', 'house_s007', 'lessor1', NOW(), NULL, 20100000, 1185000, 'M', 19.70, '북동향', '2026-03-20', '코하우스강서07 401호 | 월세 매물', 1, 1, 1, 'ACTIVE', '에어컨,냉장고,세탁기,전자레인지,옷장,WiFi', 1, 0, NULL),
('room_s0066', '402호', 'house_s007', 'lessor1', NOW(), NULL, 21000000, 1230000, 'M', 20.55, '남동향', '2026-03-21', '코하우스강서07 402호 | 월세 매물', 1, 1, 0, 'ACTIVE', '에어컨,냉장고,세탁기,전자레인지,옷장,WiFi', 4, 0, NULL),
('room_s0067', '501호', 'house_s007', 'lessor1', NOW(), NULL, 21900000, 1275000, 'M', 21.40, '남서향', '2026-03-22', '코하우스강서07 501호 | 월세 매물', 1, 1, 1, 'ACTIVE', '풀옵션(에어컨/냉장고/세탁기/침대/책상/옷장/전자레인지/WiFi)', 2, 0, NULL),
('room_s0068', '502호', 'house_s007', 'lessor1', NOW(), NULL, 22800000, 1320000, 'M', 22.25, '북서향', '2026-03-23', '코하우스강서07 502호 | 월세 매물', 1, 1, 0, 'ACTIVE', '풀옵션(에어컨/냉장고/세탁기/침대/책상/옷장/전자레인지/WiFi)', 1, 0, NULL),
('room_s0069', '601호', 'house_s007', 'lessor1', NOW(), NULL, 408500000, 0, 'L', 34.30, '북향', '2026-03-24', '코하우스강서07 601호 | 전세 매물', 3, 2, 1, 'ACTIVE', '에어컨,냉장고,인덕션,옷장', 3, 0, NULL),
('room_s0070', '602호', 'house_s007', 'lessor1', NOW(), NULL, 24600000, 1410000, 'M', 23.95, '동향', '2026-03-25', '코하우스강서07 602호 | 월세 매물', 1, 1, 0, 'HIDDEN', '', 1, 0, NULL),
('room_s0071', '201호', 'house_s008', 'lessor1', NOW(), NULL, 16800000, 945000, 'M', 15.85, '북향', '2026-03-18', '코하우스양천08 201호 | 월세 매물', 1, 1, 1, 'ACTIVE', '에어컨,냉장고,세탁기,WiFi', 2, 0, NULL),
('room_s0072', '202호', 'house_s008', 'lessor1', NOW(), NULL, 17700000, 990000, 'M', 16.70, '동향', '2026-03-19', '코하우스양천08 202호 | 월세 매물', 1, 1, 0, 'ACTIVE', '에어컨,냉장고,세탁기,WiFi', 4, 0, NULL),
('room_s0073', '301호', 'house_s008', 'lessor1', NOW(), NULL, 18600000, 1035000, 'M', 17.55, '남향', '2026-03-20', '코하우스양천08 301호 | 월세 매물', 1, 1, 1, 'ACTIVE', '에어컨,냉장고,세탁기,WiFi', 2, 0, NULL),
('room_s0074', '302호', 'house_s008', 'lessor1', NOW(), NULL, 384000000, 0, 'L', 30.00, '서향', '2026-03-21', '코하우스양천08 302호 | 전세 매물', 2, 2, 0, 'ACTIVE', '에어컨,냉장고,세탁기,침대,책상,옷장,WiFi', 5, 0, NULL),
('room_s0075', '401호', 'house_s008', 'lessor1', NOW(), NULL, 20400000, 1125000, 'M', 19.25, '북동향', '2026-03-22', '코하우스양천08 401호 | 월세 매물', 1, 1, 1, 'ACTIVE', '에어컨,냉장고,세탁기,전자레인지,옷장,WiFi', 1, 0, NULL),
('room_s0076', '402호', 'house_s008', 'lessor1', NOW(), NULL, 21300000, 1170000, 'M', 20.10, '남동향', '2026-03-23', '코하우스양천08 402호 | 월세 매물', 1, 1, 0, 'ACTIVE', '에어컨,냉장고,세탁기,전자레인지,옷장,WiFi', 1, 0, NULL),
('room_s0077', '501호', 'house_s008', 'lessor1', NOW(), NULL, 22200000, 1215000, 'M', 20.95, '남서향', '2026-03-24', '코하우스양천08 501호 | 월세 매물', 1, 1, 1, 'ACTIVE', '풀옵션(에어컨/냉장고/세탁기/침대/책상/옷장/전자레인지/WiFi)', 4, 0, NULL),
('room_s0078', '502호', 'house_s008', 'lessor1', NOW(), NULL, 23100000, 1260000, 'M', 21.80, '북서향', '2026-03-25', '코하우스양천08 502호 | 월세 매물', 1, 1, 0, 'ACTIVE', '풀옵션(에어컨/냉장고/세탁기/침대/책상/옷장/전자레인지/WiFi)', 1, 0, NULL),
('room_s0079', '601호', 'house_s008', 'lessor1', NOW(), NULL, 409000000, 0, 'L', 34.50, '북향', '2026-03-26', '코하우스양천08 601호 | 전세 매물', 3, 2, 1, 'ACTIVE', '에어컨,냉장고,인덕션,옷장', 9, 0, NULL),
('room_s0080', '602호', 'house_s008', 'lessor1', NOW(), NULL, 24900000, 1350000, 'M', 23.50, '동향', '2026-03-27', '코하우스양천08 602호 | 월세 매물', 1, 1, 0, 'HIDDEN', '', 1, 0, NULL),
('room_s0081', '201호', 'house_s009', 'lessor1', NOW(), NULL, 10900000, 705000, 'M', 16.00, '북향', '2026-03-20', '코하우스구로09 201호 | 월세 매물', 1, 1, 1, 'ACTIVE', '에어컨,냉장고,세탁기,WiFi', 2, 0, NULL),
('room_s0082', '202호', 'house_s009', 'lessor1', NOW(), NULL, 11600000, 740000, 'M', 16.85, '동향', '2026-03-21', '코하우스구로09 202호 | 월세 매물', 1, 1, 0, 'ACTIVE', '에어컨,냉장고,세탁기,WiFi', 3, 0, NULL),
('room_s0083', '301호', 'house_s009', 'lessor1', NOW(), NULL, 12300000, 775000, 'M', 17.70, '남향', '2026-03-22', '코하우스구로09 301호 | 월세 매물', 1, 1, 1, 'ACTIVE', '에어컨,냉장고,세탁기,WiFi', 4, 0, NULL),
('room_s0084', '302호', 'house_s009', 'lessor1', NOW(), NULL, 260500000, 0, 'L', 29.60, '서향', '2026-03-23', '코하우스구로09 302호 | 전세 매물', 2, 2, 0, 'ACTIVE', '에어컨,냉장고,세탁기,침대,책상,옷장,WiFi', 4, 0, NULL),
('room_s0085', '401호', 'house_s009', 'lessor1', NOW(), NULL, 13700000, 845000, 'M', 19.40, '북동향', '2026-03-24', '코하우스구로09 401호 | 월세 매물', 1, 1, 1, 'ACTIVE', '에어컨,냉장고,세탁기,전자레인지,옷장,WiFi', 1, 0, NULL),
('room_s0086', '402호', 'house_s009', 'lessor1', NOW(), NULL, 14400000, 880000, 'M', 20.25, '남동향', '2026-03-25', '코하우스구로09 402호 | 월세 매물', 1, 1, 0, 'ACTIVE', '에어컨,냉장고,세탁기,전자레인지,옷장,WiFi', 1, 0, NULL),
('room_s0087', '501호', 'house_s009', 'lessor1', NOW(), NULL, 15100000, 915000, 'M', 21.10, '남서향', '2026-03-26', '코하우스구로09 501호 | 월세 매물', 1, 1, 1, 'ACTIVE', '풀옵션(에어컨/냉장고/세탁기/침대/책상/옷장/전자레인지/WiFi)', 6, 0, NULL),
('room_s0088', '502호', 'house_s009', 'lessor1', NOW(), NULL, 15800000, 950000, 'M', 21.95, '북서향', '2026-03-27', '코하우스구로09 502호 | 월세 매물', 1, 1, 0, 'ACTIVE', '풀옵션(에어컨/냉장고/세탁기/침대/책상/옷장/전자레인지/WiFi)', 1, 0, NULL),
('room_s0089', '601호', 'house_s009', 'lessor1', NOW(), NULL, 280500000, 0, 'L', 34.10, '북향', '2026-03-28', '코하우스구로09 601호 | 전세 매물', 3, 2, 1, 'ACTIVE', '에어컨,냉장고,인덕션,옷장', 8, 0, NULL),
('room_s0090', '602호', 'house_s009', 'lessor1', NOW(), NULL, 17200000, 1020000, 'M', 23.65, '동향', '2026-03-29', '코하우스구로09 602호 | 월세 매물', 1, 1, 0, 'HIDDEN', '', 1, 0, NULL),
('room_s0091', '201호', 'house_s010', 'lessor1', NOW(), NULL, 9700000, 725000, 'M', 16.15, '북향', '2026-03-22', '코하우스금천10 201호 | 월세 매물', 1, 1, 1, 'ACTIVE', '에어컨,냉장고,세탁기,WiFi', 3, 0, NULL),
('room_s0092', '202호', 'house_s010', 'lessor1', NOW(), NULL, 10400000, 760000, 'M', 17.00, '동향', '2026-03-23', '코하우스금천10 202호 | 월세 매물', 1, 1, 0, 'ACTIVE', '에어컨,냉장고,세탁기,WiFi', 1, 0, NULL),
('room_s0093', '301호', 'house_s010', 'lessor1', NOW(), NULL, 11100000, 795000, 'M', 17.85, '남향', '2026-03-24', '코하우스금천10 301호 | 월세 매물', 1, 1, 1, 'ACTIVE', '에어컨,냉장고,세탁기,WiFi', 7, 0, NULL),
('room_s0094', '302호', 'house_s010', 'lessor1', NOW(), NULL, 261000000, 0, 'L', 29.80, '서향', '2026-03-25', '코하우스금천10 302호 | 전세 매물', 2, 2, 0, 'ACTIVE', '에어컨,냉장고,세탁기,침대,책상,옷장,WiFi', 1, 0, NULL),
('room_s0095', '401호', 'house_s010', 'lessor1', NOW(), NULL, 12500000, 865000, 'M', 19.55, '북동향', '2026-03-26', '코하우스금천10 401호 | 월세 매물', 1, 1, 1, 'ACTIVE', '에어컨,냉장고,세탁기,전자레인지,옷장,WiFi', 2, 0, NULL),
('room_s0096', '402호', 'house_s010', 'lessor1', NOW(), NULL, 13200000, 900000, 'M', 20.40, '남동향', '2026-03-27', '코하우스금천10 402호 | 월세 매물', 1, 1, 0, 'ACTIVE', '에어컨,냉장고,세탁기,전자레인지,옷장,WiFi', 3, 0, NULL),
('room_s0097', '501호', 'house_s010', 'lessor1', NOW(), NULL, 13900000, 935000, 'M', 21.25, '남서향', '2026-03-28', '코하우스금천10 501호 | 월세 매물', 1, 1, 1, 'ACTIVE', '풀옵션(에어컨/냉장고/세탁기/침대/책상/옷장/전자레인지/WiFi)', 1, 0, NULL),
('room_s0098', '502호', 'house_s010', 'lessor1', NOW(), NULL, 14600000, 970000, 'M', 22.10, '북서향', '2026-03-29', '코하우스금천10 502호 | 월세 매물', 1, 1, 0, 'ACTIVE', '풀옵션(에어컨/냉장고/세탁기/침대/책상/옷장/전자레인지/WiFi)', 9, 0, NULL),
('room_s0099', '601호', 'house_s010', 'lessor1', NOW(), NULL, 281000000, 0, 'L', 34.30, '북향', '2026-03-30', '코하우스금천10 601호 | 전세 매물', 3, 2, 1, 'ACTIVE', '에어컨,냉장고,인덕션,옷장', 4, 0, NULL),
('room_s0100', '602호', 'house_s010', 'lessor1', NOW(), NULL, 16000000, 1040000, 'M', 23.80, '동향', '2026-03-31', '코하우스금천10 602호 | 월세 매물', 1, 1, 0, 'HIDDEN', '', 7, 0, NULL),
('room_s0101', '201호', 'house_s011', 'lessor1', NOW(), NULL, 16200000, 1005000, 'M', 16.30, '북향', '2026-03-24', '코하우스영등포11 201호 | 월세 매물', 1, 1, 1, 'ACTIVE', '에어컨,냉장고,세탁기,WiFi', 3, 0, NULL),
('room_s0102', '202호', 'house_s011', 'lessor1', NOW(), NULL, 17100000, 1050000, 'M', 17.15, '동향', '2026-03-25', '코하우스영등포11 202호 | 월세 매물', 1, 1, 0, 'ACTIVE', '에어컨,냉장고,세탁기,WiFi', 4, 0, NULL),
('room_s0103', '301호', 'house_s011', 'lessor1', NOW(), NULL, 18000000, 1095000, 'M', 18.00, '남향', '2026-03-26', '코하우스영등포11 301호 | 월세 매물', 1, 1, 1, 'ACTIVE', '에어컨,냉장고,세탁기,WiFi', 1, 0, NULL),
('room_s0104', '302호', 'house_s011', 'lessor1', NOW(), NULL, 385500000, 0, 'L', 30.00, '서향', '2026-03-27', '코하우스영등포11 302호 | 전세 매물', 2, 2, 0, 'ACTIVE', '에어컨,냉장고,세탁기,침대,책상,옷장,WiFi', 3, 0, NULL),
('room_s0105', '401호', 'house_s011', 'lessor1', NOW(), NULL, 19800000, 1185000, 'M', 19.70, '북동향', '2026-03-28', '코하우스영등포11 401호 | 월세 매물', 1, 1, 1, 'ACTIVE', '에어컨,냉장고,세탁기,전자레인지,옷장,WiFi', 1, 0, NULL),
('room_s0106', '402호', 'house_s011', 'lessor1', NOW(), NULL, 20700000, 1230000, 'M', 20.55, '남동향', '2026-03-29', '코하우스영등포11 402호 | 월세 매물', 1, 1, 0, 'ACTIVE', '에어컨,냉장고,세탁기,전자레인지,옷장,WiFi', 1, 0, NULL),
('room_s0107', '501호', 'house_s011', 'lessor1', NOW(), NULL, 21600000, 1275000, 'M', 21.40, '남서향', '2026-03-30', '코하우스영등포11 501호 | 월세 매물', 1, 1, 1, 'ACTIVE', '풀옵션(에어컨/냉장고/세탁기/침대/책상/옷장/전자레인지/WiFi)', 4, 0, NULL),
('room_s0108', '502호', 'house_s011', 'lessor1', NOW(), NULL, 22500000, 1320000, 'M', 22.25, '북서향', '2026-03-31', '코하우스영등포11 502호 | 월세 매물', 1, 1, 0, 'ACTIVE', '풀옵션(에어컨/냉장고/세탁기/침대/책상/옷장/전자레인지/WiFi)', 3, 0, NULL),
('room_s0109', '601호', 'house_s011', 'lessor1', NOW(), NULL, 410500000, 0, 'L', 34.50, '북향', '2026-04-01', '코하우스영등포11 601호 | 전세 매물', 3, 2, 1, 'ACTIVE', '에어컨,냉장고,인덕션,옷장', 6, 0, NULL),
('room_s0110', '602호', 'house_s011', 'lessor1', NOW(), NULL, 24300000, 1410000, 'M', 23.95, '동향', '2026-04-02', '코하우스영등포11 602호 | 월세 매물', 1, 1, 0, 'HIDDEN', '', 8, 0, NULL),
('room_s0111', '201호', 'house_s012', 'lessor1', NOW(), NULL, 10300000, 685000, 'M', 15.85, '북향', '2026-03-26', '코하우스동작12 201호 | 월세 매물', 1, 1, 1, 'ACTIVE', '에어컨,냉장고,세탁기,WiFi', 1, 0, NULL),
('room_s0112', '202호', 'house_s012', 'lessor1', NOW(), NULL, 11000000, 720000, 'M', 16.70, '동향', '2026-03-27', '코하우스동작12 202호 | 월세 매물', 1, 1, 0, 'ACTIVE', '에어컨,냉장고,세탁기,WiFi', 4, 0, NULL),
('room_s0113', '301호', 'house_s012', 'lessor1', NOW(), NULL, 11700000, 755000, 'M', 17.55, '남향', '2026-03-28', '코하우스동작12 301호 | 월세 매물', 1, 1, 1, 'ACTIVE', '에어컨,냉장고,세탁기,WiFi', 1, 0, NULL),
('room_s0114', '302호', 'house_s012', 'lessor1', NOW(), NULL, 262000000, 0, 'L', 29.60, '서향', '2026-03-29', '코하우스동작12 302호 | 전세 매물', 2, 2, 0, 'ACTIVE', '에어컨,냉장고,세탁기,침대,책상,옷장,WiFi', 2, 0, NULL),
('room_s0115', '401호', 'house_s012', 'lessor1', NOW(), NULL, 13100000, 825000, 'M', 19.25, '북동향', '2026-03-30', '코하우스동작12 401호 | 월세 매물', 1, 1, 1, 'ACTIVE', '에어컨,냉장고,세탁기,전자레인지,옷장,WiFi', 1, 0, NULL),
('room_s0116', '402호', 'house_s012', 'lessor1', NOW(), NULL, 13800000, 860000, 'M', 20.10, '남동향', '2026-03-31', '코하우스동작12 402호 | 월세 매물', 1, 1, 0, 'ACTIVE', '에어컨,냉장고,세탁기,전자레인지,옷장,WiFi', 6, 0, NULL),
('room_s0117', '501호', 'house_s012', 'lessor1', NOW(), NULL, 14500000, 895000, 'M', 20.95, '남서향', '2026-04-01', '코하우스동작12 501호 | 월세 매물', 1, 1, 1, 'ACTIVE', '풀옵션(에어컨/냉장고/세탁기/침대/책상/옷장/전자레인지/WiFi)', 2, 0, NULL),
('room_s0118', '502호', 'house_s012', 'lessor1', NOW(), NULL, 15200000, 930000, 'M', 21.80, '북서향', '2026-04-02', '코하우스동작12 502호 | 월세 매물', 1, 1, 0, 'ACTIVE', '풀옵션(에어컨/냉장고/세탁기/침대/책상/옷장/전자레인지/WiFi)', 1, 0, NULL),
('room_s0119', '601호', 'house_s012', 'lessor1', NOW(), NULL, 282000000, 0, 'L', 34.10, '북향', '2026-04-03', '코하우스동작12 601호 | 전세 매물', 3, 2, 1, 'ACTIVE', '에어컨,냉장고,인덕션,옷장', 8, 0, NULL),
('room_s0120', '602호', 'house_s012', 'lessor1', NOW(), NULL, 16600000, 1000000, 'M', 23.50, '동향', '2026-04-04', '코하우스동작12 602호 | 월세 매물', 1, 1, 0, 'HIDDEN', '', 5, 0, NULL),
('room_s0121', '201호', 'house_s013', 'lessor1', NOW(), NULL, 10600000, 705000, 'M', 16.00, '북향', '2026-03-28', '코하우스관악13 201호 | 월세 매물', 1, 1, 1, 'ACTIVE', '에어컨,냉장고,세탁기,WiFi', 2, 0, NULL),
('room_s0122', '202호', 'house_s013', 'lessor1', NOW(), NULL, 11300000, 740000, 'M', 16.85, '동향', '2026-03-29', '코하우스관악13 202호 | 월세 매물', 1, 1, 0, 'ACTIVE', '에어컨,냉장고,세탁기,WiFi', 2, 0, NULL),
('room_s0123', '301호', 'house_s013', 'lessor1', NOW(), NULL, 12000000, 775000, 'M', 17.70, '남향', '2026-03-30', '코하우스관악13 301호 | 월세 매물', 1, 1, 1, 'ACTIVE', '에어컨,냉장고,세탁기,WiFi', 3, 0, NULL),
('room_s0124', '302호', 'house_s013', 'lessor1', NOW(), NULL, 262500000, 0, 'L', 29.80, '서향', '2026-03-31', '코하우스관악13 302호 | 전세 매물', 2, 2, 0, 'ACTIVE', '에어컨,냉장고,세탁기,침대,책상,옷장,WiFi', 6, 0, NULL),
('room_s0125', '401호', 'house_s013', 'lessor1', NOW(), NULL, 13400000, 845000, 'M', 19.40, '북동향', '2026-04-01', '코하우스관악13 401호 | 월세 매물', 1, 1, 1, 'ACTIVE', '에어컨,냉장고,세탁기,전자레인지,옷장,WiFi', 5, 0, NULL),
('room_s0126', '402호', 'house_s013', 'lessor1', NOW(), NULL, 14100000, 880000, 'M', 20.25, '남동향', '2026-04-02', '코하우스관악13 402호 | 월세 매물', 1, 1, 0, 'ACTIVE', '에어컨,냉장고,세탁기,전자레인지,옷장,WiFi', 4, 0, NULL),
('room_s0127', '501호', 'house_s013', 'lessor1', NOW(), NULL, 14800000, 915000, 'M', 21.10, '남서향', '2026-04-03', '코하우스관악13 501호 | 월세 매물', 1, 1, 1, 'ACTIVE', '풀옵션(에어컨/냉장고/세탁기/침대/책상/옷장/전자레인지/WiFi)', 2, 0, NULL),
('room_s0128', '502호', 'house_s013', 'lessor1', NOW(), NULL, 15500000, 950000, 'M', 21.95, '북서향', '2026-04-04', '코하우스관악13 502호 | 월세 매물', 1, 1, 0, 'ACTIVE', '풀옵션(에어컨/냉장고/세탁기/침대/책상/옷장/전자레인지/WiFi)', 3, 0, NULL),
('room_s0129', '601호', 'house_s013', 'lessor1', NOW(), NULL, 282500000, 0, 'L', 34.30, '북향', '2026-04-05', '코하우스관악13 601호 | 전세 매물', 3, 2, 1, 'ACTIVE', '에어컨,냉장고,인덕션,옷장', 5, 0, NULL),
('room_s0130', '602호', 'house_s013', 'lessor1', NOW(), NULL, 16900000, 1020000, 'M', 23.65, '동향', '2026-04-06', '코하우스관악13 602호 | 월세 매물', 1, 1, 0, 'HIDDEN', '', 1, 0, NULL),
('room_s0131', '201호', 'house_s014', 'lessor1', NOW(), NULL, 27400000, 1400000, 'M', 16.15, '북향', '2026-03-30', '코하우스서초14 201호 | 월세 매물', 1, 1, 1, 'ACTIVE', '에어컨,냉장고,세탁기,WiFi', 7, 0, NULL),
('room_s0132', '202호', 'house_s014', 'lessor1', NOW(), NULL, 28600000, 1460000, 'M', 17.00, '동향', '2026-03-31', '코하우스서초14 202호 | 월세 매물', 1, 1, 0, 'ACTIVE', '에어컨,냉장고,세탁기,WiFi', 2, 0, NULL),
('room_s0133', '301호', 'house_s014', 'lessor1', NOW(), NULL, 29800000, 1520000, 'M', 17.85, '남향', '2026-04-01', '코하우스서초14 301호 | 월세 매물', 1, 1, 1, 'ACTIVE', '에어컨,냉장고,세탁기,WiFi', 5, 0, NULL),
('room_s0134', '302호', 'house_s014', 'lessor1', NOW(), NULL, 551000000, 0, 'L', 30.00, '서향', '2026-04-02', '코하우스서초14 302호 | 전세 매물', 2, 2, 0, 'ACTIVE', '에어컨,냉장고,세탁기,침대,책상,옷장,WiFi', 4, 0, NULL),
('room_s0135', '401호', 'house_s014', 'lessor1', NOW(), NULL, 32200000, 1640000, 'M', 19.55, '북동향', '2026-04-03', '코하우스서초14 401호 | 월세 매물', 1, 1, 1, 'ACTIVE', '에어컨,냉장고,세탁기,전자레인지,옷장,WiFi', 3, 0, NULL),
('room_s0136', '402호', 'house_s014', 'lessor1', NOW(), NULL, 33400000, 1700000, 'M', 20.40, '남동향', '2026-04-04', '코하우스서초14 402호 | 월세 매물', 1, 1, 0, 'ACTIVE', '에어컨,냉장고,세탁기,전자레인지,옷장,WiFi', 9, 0, NULL),
('room_s0137', '501호', 'house_s014', 'lessor1', NOW(), NULL, 34600000, 1760000, 'M', 21.25, '남서향', '2026-04-05', '코하우스서초14 501호 | 월세 매물', 1, 1, 1, 'ACTIVE', '풀옵션(에어컨/냉장고/세탁기/침대/책상/옷장/전자레인지/WiFi)', 9, 0, NULL),
('room_s0138', '502호', 'house_s014', 'lessor1', NOW(), NULL, 35800000, 1820000, 'M', 22.10, '북서향', '2026-04-06', '코하우스서초14 502호 | 월세 매물', 1, 1, 0, 'ACTIVE', '풀옵션(에어컨/냉장고/세탁기/침대/책상/옷장/전자레인지/WiFi)', 1, 0, NULL),
('room_s0139', '601호', 'house_s014', 'lessor1', NOW(), NULL, 581000000, 0, 'L', 34.50, '북향', '2026-04-07', '코하우스서초14 601호 | 전세 매물', 3, 2, 1, 'ACTIVE', '에어컨,냉장고,인덕션,옷장', 5, 0, NULL),
('room_s0140', '602호', 'house_s014', 'lessor1', NOW(), NULL, 38200000, 1940000, 'M', 23.80, '동향', '2026-04-08', '코하우스서초14 602호 | 월세 매물', 1, 1, 0, 'HIDDEN', '', 6, 0, NULL),
('room_s0141', '201호', 'house_s015', 'lessor1', NOW(), NULL, 26200000, 1420000, 'M', 16.30, '북향', '2026-04-01', '코하우스강남15 201호 | 월세 매물', 1, 1, 1, 'ACTIVE', '에어컨,냉장고,세탁기,WiFi', 7, 0, NULL),
('room_s0142', '202호', 'house_s015', 'lessor1', NOW(), NULL, 27400000, 1480000, 'M', 17.15, '동향', '2026-04-02', '코하우스강남15 202호 | 월세 매물', 1, 1, 0, 'ACTIVE', '에어컨,냉장고,세탁기,WiFi', 5, 0, NULL),
('room_s0143', '301호', 'house_s015', 'lessor1', NOW(), NULL, 28600000, 1540000, 'M', 18.00, '남향', '2026-04-03', '코하우스강남15 301호 | 월세 매물', 1, 1, 1, 'ACTIVE', '에어컨,냉장고,세탁기,WiFi', 9, 0, NULL),
('room_s0144', '302호', 'house_s015', 'lessor1', NOW(), NULL, 551500000, 0, 'L', 29.60, '서향', '2026-04-04', '코하우스강남15 302호 | 전세 매물', 2, 2, 0, 'ACTIVE', '에어컨,냉장고,세탁기,침대,책상,옷장,WiFi', 1, 0, NULL),
('room_s0145', '401호', 'house_s015', 'lessor1', NOW(), NULL, 31000000, 1660000, 'M', 19.70, '북동향', '2026-04-05', '코하우스강남15 401호 | 월세 매물', 1, 1, 1, 'ACTIVE', '에어컨,냉장고,세탁기,전자레인지,옷장,WiFi', 1, 0, NULL),
('room_s0146', '402호', 'house_s015', 'lessor1', NOW(), NULL, 32200000, 1720000, 'M', 20.55, '남동향', '2026-04-06', '코하우스강남15 402호 | 월세 매물', 1, 1, 0, 'ACTIVE', '에어컨,냉장고,세탁기,전자레인지,옷장,WiFi', 9, 0, NULL),
('room_s0147', '501호', 'house_s015', 'lessor1', NOW(), NULL, 33400000, 1780000, 'M', 21.40, '남서향', '2026-04-07', '코하우스강남15 501호 | 월세 매물', 1, 1, 1, 'ACTIVE', '풀옵션(에어컨/냉장고/세탁기/침대/책상/옷장/전자레인지/WiFi)', 4, 0, NULL),
('room_s0148', '502호', 'house_s015', 'lessor1', NOW(), NULL, 34600000, 1840000, 'M', 22.25, '북서향', '2026-04-08', '코하우스강남15 502호 | 월세 매물', 1, 1, 0, 'ACTIVE', '풀옵션(에어컨/냉장고/세탁기/침대/책상/옷장/전자레인지/WiFi)', 4, 0, NULL),
('room_s0149', '601호', 'house_s015', 'lessor1', NOW(), NULL, 581500000, 0, 'L', 34.10, '북향', '2026-04-09', '코하우스강남15 601호 | 전세 매물', 3, 2, 1, 'ACTIVE', '에어컨,냉장고,인덕션,옷장', 3, 0, NULL),
('room_s0150', '602호', 'house_s015', 'lessor1', NOW(), NULL, 37000000, 1960000, 'M', 23.95, '동향', '2026-04-10', '코하우스강남15 602호 | 월세 매물', 1, 1, 0, 'HIDDEN', '', 7, 0, NULL),
('room_s0151', '201호', 'house_s016', 'lessor1', NOW(), NULL, 26500000, 1360000, 'M', 15.85, '북향', '2026-04-03', '코하우스송파16 201호 | 월세 매물', 1, 1, 1, 'ACTIVE', '에어컨,냉장고,세탁기,WiFi', 1, 0, NULL),
('room_s0152', '202호', 'house_s016', 'lessor1', NOW(), NULL, 27700000, 1420000, 'M', 16.70, '동향', '2026-04-04', '코하우스송파16 202호 | 월세 매물', 1, 1, 0, 'ACTIVE', '에어컨,냉장고,세탁기,WiFi', 1, 0, NULL),
('room_s0153', '301호', 'house_s016', 'lessor1', NOW(), NULL, 28900000, 1480000, 'M', 17.55, '남향', '2026-04-05', '코하우스송파16 301호 | 월세 매물', 1, 1, 1, 'ACTIVE', '에어컨,냉장고,세탁기,WiFi', 1, 0, NULL),
('room_s0154', '302호', 'house_s016', 'lessor1', NOW(), NULL, 552000000, 0, 'L', 29.80, '서향', '2026-04-06', '코하우스송파16 302호 | 전세 매물', 2, 2, 0, 'ACTIVE', '에어컨,냉장고,세탁기,침대,책상,옷장,WiFi', 2, 0, NULL),
('room_s0155', '401호', 'house_s016', 'lessor1', NOW(), NULL, 31300000, 1600000, 'M', 19.25, '북동향', '2026-04-07', '코하우스송파16 401호 | 월세 매물', 1, 1, 1, 'ACTIVE', '에어컨,냉장고,세탁기,전자레인지,옷장,WiFi', 2, 0, NULL),
('room_s0156', '402호', 'house_s016', 'lessor1', NOW(), NULL, 32500000, 1660000, 'M', 20.10, '남동향', '2026-04-08', '코하우스송파16 402호 | 월세 매물', 1, 1, 0, 'ACTIVE', '에어컨,냉장고,세탁기,전자레인지,옷장,WiFi', 4, 0, NULL),
('room_s0157', '501호', 'house_s016', 'lessor1', NOW(), NULL, 33700000, 1720000, 'M', 20.95, '남서향', '2026-04-09', '코하우스송파16 501호 | 월세 매물', 1, 1, 1, 'ACTIVE', '풀옵션(에어컨/냉장고/세탁기/침대/책상/옷장/전자레인지/WiFi)', 6, 0, NULL),
('room_s0158', '502호', 'house_s016', 'lessor1', NOW(), NULL, 34900000, 1780000, 'M', 21.80, '북서향', '2026-04-10', '코하우스송파16 502호 | 월세 매물', 1, 1, 0, 'ACTIVE', '풀옵션(에어컨/냉장고/세탁기/침대/책상/옷장/전자레인지/WiFi)', 5, 0, NULL),
('room_s0159', '601호', 'house_s016', 'lessor1', NOW(), NULL, 582000000, 0, 'L', 34.30, '북향', '2026-04-11', '코하우스송파16 601호 | 전세 매물', 3, 2, 1, 'ACTIVE', '에어컨,냉장고,인덕션,옷장', 1, 0, NULL),
('room_s0160', '602호', 'house_s016', 'lessor1', NOW(), NULL, 37300000, 1900000, 'M', 23.50, '동향', '2026-04-12', '코하우스송파16 602호 | 월세 매물', 1, 1, 0, 'HIDDEN', '', 1, 0, NULL),
('room_s0161', '201호', 'house_s017', 'lessor1', NOW(), NULL, 16500000, 965000, 'M', 16.00, '북향', '2026-04-05', '코하우스강동17 201호 | 월세 매물', 1, 1, 1, 'ACTIVE', '에어컨,냉장고,세탁기,WiFi', 3, 0, NULL),
('room_s0162', '202호', 'house_s017', 'lessor1', NOW(), NULL, 17400000, 1010000, 'M', 16.85, '동향', '2026-04-06', '코하우스강동17 202호 | 월세 매물', 1, 1, 0, 'ACTIVE', '에어컨,냉장고,세탁기,WiFi', 2, 0, NULL),
('room_s0163', '301호', 'house_s017', 'lessor1', NOW(), NULL, 18300000, 1055000, 'M', 17.70, '남향', '2026-04-07', '코하우스강동17 301호 | 월세 매물', 1, 1, 1, 'ACTIVE', '에어컨,냉장고,세탁기,WiFi', 1, 0, NULL),
('room_s0164', '302호', 'house_s017', 'lessor1', NOW(), NULL, 388500000, 0, 'L', 30.00, '서향', '2026-04-08', '코하우스강동17 302호 | 전세 매물', 2, 2, 0, 'ACTIVE', '에어컨,냉장고,세탁기,침대,책상,옷장,WiFi', 1, 0, NULL),
('room_s0165', '401호', 'house_s017', 'lessor1', NOW(), NULL, 20100000, 1145000, 'M', 19.40, '북동향', '2026-04-09', '코하우스강동17 401호 | 월세 매물', 1, 1, 1, 'ACTIVE', '에어컨,냉장고,세탁기,전자레인지,옷장,WiFi', 1, 0, NULL),
('room_s0166', '402호', 'house_s017', 'lessor1', NOW(), NULL, 21000000, 1190000, 'M', 20.25, '남동향', '2026-04-10', '코하우스강동17 402호 | 월세 매물', 1, 1, 0, 'ACTIVE', '에어컨,냉장고,세탁기,전자레인지,옷장,WiFi', 1, 0, NULL),
('room_s0167', '501호', 'house_s017', 'lessor1', NOW(), NULL, 21900000, 1235000, 'M', 21.10, '남서향', '2026-04-11', '코하우스강동17 501호 | 월세 매물', 1, 1, 1, 'ACTIVE', '풀옵션(에어컨/냉장고/세탁기/침대/책상/옷장/전자레인지/WiFi)', 2, 0, NULL),
('room_s0168', '502호', 'house_s017', 'lessor1', NOW(), NULL, 22800000, 1280000, 'M', 21.95, '북서향', '2026-04-12', '코하우스강동17 502호 | 월세 매물', 1, 1, 0, 'ACTIVE', '풀옵션(에어컨/냉장고/세탁기/침대/책상/옷장/전자레인지/WiFi)', 6, 0, NULL),
('room_s0169', '601호', 'house_s017', 'lessor1', NOW(), NULL, 413500000, 0, 'L', 34.50, '북향', '2026-04-13', '코하우스강동17 601호 | 전세 매물', 3, 2, 1, 'ACTIVE', '에어컨,냉장고,인덕션,옷장', 3, 0, NULL),
('room_s0170', '602호', 'house_s017', 'lessor1', NOW(), NULL, 24600000, 1370000, 'M', 23.65, '동향', '2026-04-14', '코하우스강동17 602호 | 월세 매물', 1, 1, 0, 'HIDDEN', '', 2, 0, NULL),
('room_s0171', '201호', 'house_s018', 'lessor1', NOW(), NULL, 16800000, 985000, 'M', 16.15, '북향', '2026-04-07', '코하우스광진18 201호 | 월세 매물', 1, 1, 1, 'ACTIVE', '에어컨,냉장고,세탁기,WiFi', 5, 0, NULL),
('room_s0172', '202호', 'house_s018', 'lessor1', NOW(), NULL, 17700000, 1030000, 'M', 17.00, '동향', '2026-04-08', '코하우스광진18 202호 | 월세 매물', 1, 1, 0, 'ACTIVE', '에어컨,냉장고,세탁기,WiFi', 2, 0, NULL),
('room_s0173', '301호', 'house_s018', 'lessor1', NOW(), NULL, 18600000, 1075000, 'M', 17.85, '남향', '2026-04-09', '코하우스광진18 301호 | 월세 매물', 1, 1, 1, 'ACTIVE', '에어컨,냉장고,세탁기,WiFi', 4, 0, NULL),
('room_s0174', '302호', 'house_s018', 'lessor1', NOW(), NULL, 389000000, 0, 'L', 29.60, '서향', '2026-04-10', '코하우스광진18 302호 | 전세 매물', 2, 2, 0, 'ACTIVE', '에어컨,냉장고,세탁기,침대,책상,옷장,WiFi', 4, 0, NULL),
('room_s0175', '401호', 'house_s018', 'lessor1', NOW(), NULL, 20400000, 1165000, 'M', 19.55, '북동향', '2026-04-11', '코하우스광진18 401호 | 월세 매물', 1, 1, 1, 'ACTIVE', '에어컨,냉장고,세탁기,전자레인지,옷장,WiFi', 1, 0, NULL),
('room_s0176', '402호', 'house_s018', 'lessor1', NOW(), NULL, 21300000, 1210000, 'M', 20.40, '남동향', '2026-04-12', '코하우스광진18 402호 | 월세 매물', 1, 1, 0, 'ACTIVE', '에어컨,냉장고,세탁기,전자레인지,옷장,WiFi', 6, 0, NULL),
('room_s0177', '501호', 'house_s018', 'lessor1', NOW(), NULL, 22200000, 1255000, 'M', 21.25, '남서향', '2026-04-13', '코하우스광진18 501호 | 월세 매물', 1, 1, 1, 'ACTIVE', '풀옵션(에어컨/냉장고/세탁기/침대/책상/옷장/전자레인지/WiFi)', 3, 0, NULL),
('room_s0178', '502호', 'house_s018', 'lessor1', NOW(), NULL, 23100000, 1300000, 'M', 22.10, '북서향', '2026-04-14', '코하우스광진18 502호 | 월세 매물', 1, 1, 0, 'ACTIVE', '풀옵션(에어컨/냉장고/세탁기/침대/책상/옷장/전자레인지/WiFi)', 1, 0, NULL),
('room_s0179', '601호', 'house_s018', 'lessor1', NOW(), NULL, 414000000, 0, 'L', 34.10, '북향', '2026-04-15', '코하우스광진18 601호 | 전세 매물', 3, 2, 1, 'ACTIVE', '에어컨,냉장고,인덕션,옷장', 2, 0, NULL),
('room_s0180', '602호', 'house_s018', 'lessor1', NOW(), NULL, 24900000, 1390000, 'M', 23.80, '동향', '2026-04-16', '코하우스광진18 602호 | 월세 매물', 1, 1, 0, 'HIDDEN', '', 4, 0, NULL),
('room_s0181', '201호', 'house_s019', 'lessor1', NOW(), NULL, 17100000, 1005000, 'M', 16.30, '북향', '2026-04-09', '코하우스성동19 201호 | 월세 매물', 1, 1, 1, 'ACTIVE', '에어컨,냉장고,세탁기,WiFi', 1, 0, NULL),
('room_s0182', '202호', 'house_s019', 'lessor1', NOW(), NULL, 18000000, 1050000, 'M', 17.15, '동향', '2026-04-10', '코하우스성동19 202호 | 월세 매물', 1, 1, 0, 'ACTIVE', '에어컨,냉장고,세탁기,WiFi', 2, 0, NULL),
('room_s0183', '301호', 'house_s019', 'lessor1', NOW(), NULL, 18900000, 1095000, 'M', 18.00, '남향', '2026-04-11', '코하우스성동19 301호 | 월세 매물', 1, 1, 1, 'ACTIVE', '에어컨,냉장고,세탁기,WiFi', 2, 0, NULL),
('room_s0184', '302호', 'house_s019', 'lessor1', NOW(), NULL, 389500000, 0, 'L', 29.80, '서향', '2026-04-12', '코하우스성동19 302호 | 전세 매물', 2, 2, 0, 'ACTIVE', '에어컨,냉장고,세탁기,침대,책상,옷장,WiFi', 2, 0, NULL),
('room_s0185', '401호', 'house_s019', 'lessor1', NOW(), NULL, 20700000, 1185000, 'M', 19.70, '북동향', '2026-04-13', '코하우스성동19 401호 | 월세 매물', 1, 1, 1, 'ACTIVE', '에어컨,냉장고,세탁기,전자레인지,옷장,WiFi', 5, 0, NULL),
('room_s0186', '402호', 'house_s019', 'lessor1', NOW(), NULL, 21600000, 1230000, 'M', 20.55, '남동향', '2026-04-14', '코하우스성동19 402호 | 월세 매물', 1, 1, 0, 'ACTIVE', '에어컨,냉장고,세탁기,전자레인지,옷장,WiFi', 5, 0, NULL),
('room_s0187', '501호', 'house_s019', 'lessor1', NOW(), NULL, 22500000, 1275000, 'M', 21.40, '남서향', '2026-04-15', '코하우스성동19 501호 | 월세 매물', 1, 1, 1, 'ACTIVE', '풀옵션(에어컨/냉장고/세탁기/침대/책상/옷장/전자레인지/WiFi)', 6, 0, NULL),
('room_s0188', '502호', 'house_s019', 'lessor1', NOW(), NULL, 23400000, 1320000, 'M', 22.25, '북서향', '2026-04-16', '코하우스성동19 502호 | 월세 매물', 1, 1, 0, 'ACTIVE', '풀옵션(에어컨/냉장고/세탁기/침대/책상/옷장/전자레인지/WiFi)', 5, 0, NULL),
('room_s0189', '601호', 'house_s019', 'lessor1', NOW(), NULL, 414500000, 0, 'L', 34.30, '북향', '2026-04-17', '코하우스성동19 601호 | 전세 매물', 3, 2, 1, 'ACTIVE', '에어컨,냉장고,인덕션,옷장', 9, 0, NULL),
('room_s0190', '602호', 'house_s019', 'lessor1', NOW(), NULL, 25200000, 1410000, 'M', 23.95, '동향', '2026-04-18', '코하우스성동19 602호 | 월세 매물', 1, 1, 0, 'HIDDEN', '', 6, 0, NULL),
('room_s0191', '201호', 'house_s020', 'lessor1', NOW(), NULL, 15900000, 945000, 'M', 15.85, '북향', '2026-04-11', '코하우스동대문20 201호 | 월세 매물', 1, 1, 1, 'ACTIVE', '에어컨,냉장고,세탁기,WiFi', 4, 0, NULL),
('room_s0192', '202호', 'house_s020', 'lessor1', NOW(), NULL, 16800000, 990000, 'M', 16.70, '동향', '2026-04-12', '코하우스동대문20 202호 | 월세 매물', 1, 1, 0, 'ACTIVE', '에어컨,냉장고,세탁기,WiFi', 2, 0, NULL),
('room_s0193', '301호', 'house_s020', 'lessor1', NOW(), NULL, 17700000, 1035000, 'M', 17.55, '남향', '2026-04-13', '코하우스동대문20 301호 | 월세 매물', 1, 1, 1, 'ACTIVE', '에어컨,냉장고,세탁기,WiFi', 7, 0, NULL),
('room_s0194', '302호', 'house_s020', 'lessor1', NOW(), NULL, 390000000, 0, 'L', 30.00, '서향', '2026-04-14', '코하우스동대문20 302호 | 전세 매물', 2, 2, 0, 'ACTIVE', '에어컨,냉장고,세탁기,침대,책상,옷장,WiFi', 3, 0, NULL),
('room_s0195', '401호', 'house_s020', 'lessor1', NOW(), NULL, 19500000, 1125000, 'M', 19.25, '북동향', '2026-04-15', '코하우스동대문20 401호 | 월세 매물', 1, 1, 1, 'ACTIVE', '에어컨,냉장고,세탁기,전자레인지,옷장,WiFi', 2, 0, NULL),
('room_s0196', '402호', 'house_s020', 'lessor1', NOW(), NULL, 20400000, 1170000, 'M', 20.10, '남동향', '2026-04-16', '코하우스동대문20 402호 | 월세 매물', 1, 1, 0, 'ACTIVE', '에어컨,냉장고,세탁기,전자레인지,옷장,WiFi', 1, 0, NULL),
('room_s0197', '501호', 'house_s020', 'lessor1', NOW(), NULL, 21300000, 1215000, 'M', 20.95, '남서향', '2026-04-17', '코하우스동대문20 501호 | 월세 매물', 1, 1, 1, 'ACTIVE', '풀옵션(에어컨/냉장고/세탁기/침대/책상/옷장/전자레인지/WiFi)', 5, 0, NULL),
('room_s0198', '502호', 'house_s020', 'lessor1', NOW(), NULL, 22200000, 1260000, 'M', 21.80, '북서향', '2026-04-18', '코하우스동대문20 502호 | 월세 매물', 1, 1, 0, 'ACTIVE', '풀옵션(에어컨/냉장고/세탁기/침대/책상/옷장/전자레인지/WiFi)', 4, 0, NULL),
('room_s0199', '601호', 'house_s020', 'lessor1', NOW(), NULL, 415000000, 0, 'L', 34.50, '북향', '2026-04-19', '코하우스동대문20 601호 | 전세 매물', 3, 2, 1, 'ACTIVE', '에어컨,냉장고,인덕션,옷장', 2, 0, NULL),
('room_s0200', '602호', 'house_s020', 'lessor1', NOW(), NULL, 24000000, 1350000, 'M', 23.50, '동향', '2026-04-20', '코하우스동대문20 602호 | 월세 매물', 1, 1, 0, 'HIDDEN', '', 3, 0, NULL),
('room_s0201', '201호', 'house_s021', 'lessor1', NOW(), NULL, 10000000, 705000, 'M', 16.00, '북향', '2026-04-13', '코하우스중랑21 201호 | 월세 매물', 1, 1, 1, 'ACTIVE', '에어컨,냉장고,세탁기,WiFi', 2, 0, NULL),
('room_s0202', '202호', 'house_s021', 'lessor1', NOW(), NULL, 10700000, 740000, 'M', 16.85, '동향', '2026-04-14', '코하우스중랑21 202호 | 월세 매물', 1, 1, 0, 'ACTIVE', '에어컨,냉장고,세탁기,WiFi', 2, 0, NULL),
('room_s0203', '301호', 'house_s021', 'lessor1', NOW(), NULL, 11400000, 775000, 'M', 17.70, '남향', '2026-04-15', '코하우스중랑21 301호 | 월세 매물', 1, 1, 1, 'ACTIVE', '에어컨,냉장고,세탁기,WiFi', 2, 0, NULL),
('room_s0204', '302호', 'house_s021', 'lessor1', NOW(), NULL, 266500000, 0, 'L', 29.60, '서향', '2026-04-16', '코하우스중랑21 302호 | 전세 매물', 2, 2, 0, 'ACTIVE', '에어컨,냉장고,세탁기,침대,책상,옷장,WiFi', 7, 0, NULL),
('room_s0205', '401호', 'house_s021', 'lessor1', NOW(), NULL, 12800000, 845000, 'M', 19.40, '북동향', '2026-04-17', '코하우스중랑21 401호 | 월세 매물', 1, 1, 1, 'ACTIVE', '에어컨,냉장고,세탁기,전자레인지,옷장,WiFi', 2, 0, NULL),
('room_s0206', '402호', 'house_s021', 'lessor1', NOW(), NULL, 13500000, 880000, 'M', 20.25, '남동향', '2026-04-18', '코하우스중랑21 402호 | 월세 매물', 1, 1, 0, 'ACTIVE', '에어컨,냉장고,세탁기,전자레인지,옷장,WiFi', 7, 0, NULL),
('room_s0207', '501호', 'house_s021', 'lessor1', NOW(), NULL, 14200000, 915000, 'M', 21.10, '남서향', '2026-04-19', '코하우스중랑21 501호 | 월세 매물', 1, 1, 1, 'ACTIVE', '풀옵션(에어컨/냉장고/세탁기/침대/책상/옷장/전자레인지/WiFi)', 8, 0, NULL),
('room_s0208', '502호', 'house_s021', 'lessor1', NOW(), NULL, 14900000, 950000, 'M', 21.95, '북서향', '2026-04-20', '코하우스중랑21 502호 | 월세 매물', 1, 1, 0, 'ACTIVE', '풀옵션(에어컨/냉장고/세탁기/침대/책상/옷장/전자레인지/WiFi)', 3, 0, NULL),
('room_s0209', '601호', 'house_s021', 'lessor1', NOW(), NULL, 286500000, 0, 'L', 34.10, '북향', '2026-04-21', '코하우스중랑21 601호 | 전세 매물', 3, 2, 1, 'ACTIVE', '에어컨,냉장고,인덕션,옷장', 4, 0, NULL),
('room_s0210', '602호', 'house_s021', 'lessor1', NOW(), NULL, 16300000, 1020000, 'M', 23.65, '동향', '2026-04-22', '코하우스중랑21 602호 | 월세 매물', 1, 1, 0, 'HIDDEN', '', 2, 0, NULL),
('room_s0211', '201호', 'house_s022', 'lessor1', NOW(), NULL, 10300000, 725000, 'M', 16.15, '북향', '2026-04-15', '코하우스성북22 201호 | 월세 매물', 1, 1, 1, 'ACTIVE', '에어컨,냉장고,세탁기,WiFi', 2, 0, NULL),
('room_s0212', '202호', 'house_s022', 'lessor1', NOW(), NULL, 11000000, 760000, 'M', 17.00, '동향', '2026-04-16', '코하우스성북22 202호 | 월세 매물', 1, 1, 0, 'ACTIVE', '에어컨,냉장고,세탁기,WiFi', 3, 0, NULL),
('room_s0213', '301호', 'house_s022', 'lessor1', NOW(), NULL, 11700000, 795000, 'M', 17.85, '남향', '2026-04-17', '코하우스성북22 301호 | 월세 매물', 1, 1, 1, 'ACTIVE', '에어컨,냉장고,세탁기,WiFi', 4, 0, NULL),
('room_s0214', '302호', 'house_s022', 'lessor1', NOW(), NULL, 267000000, 0, 'L', 29.80, '서향', '2026-04-18', '코하우스성북22 302호 | 전세 매물', 2, 2, 0, 'ACTIVE', '에어컨,냉장고,세탁기,침대,책상,옷장,WiFi', 1, 0, NULL),
('room_s0215', '401호', 'house_s022', 'lessor1', NOW(), NULL, 13100000, 865000, 'M', 19.55, '북동향', '2026-04-19', '코하우스성북22 401호 | 월세 매물', 1, 1, 1, 'ACTIVE', '에어컨,냉장고,세탁기,전자레인지,옷장,WiFi', 2, 0, NULL),
('room_s0216', '402호', 'house_s022', 'lessor1', NOW(), NULL, 13800000, 900000, 'M', 20.40, '남동향', '2026-04-20', '코하우스성북22 402호 | 월세 매물', 1, 1, 0, 'ACTIVE', '에어컨,냉장고,세탁기,전자레인지,옷장,WiFi', 5, 0, NULL),
('room_s0217', '501호', 'house_s022', 'lessor1', NOW(), NULL, 14500000, 935000, 'M', 21.25, '남서향', '2026-04-21', '코하우스성북22 501호 | 월세 매물', 1, 1, 1, 'ACTIVE', '풀옵션(에어컨/냉장고/세탁기/침대/책상/옷장/전자레인지/WiFi)', 6, 0, NULL),
('room_s0218', '502호', 'house_s022', 'lessor1', NOW(), NULL, 15200000, 970000, 'M', 22.10, '북서향', '2026-04-22', '코하우스성북22 502호 | 월세 매물', 1, 1, 0, 'ACTIVE', '풀옵션(에어컨/냉장고/세탁기/침대/책상/옷장/전자레인지/WiFi)', 3, 0, NULL),
('room_s0219', '601호', 'house_s022', 'lessor1', NOW(), NULL, 287000000, 0, 'L', 34.30, '북향', '2026-04-23', '코하우스성북22 601호 | 전세 매물', 3, 2, 1, 'ACTIVE', '에어컨,냉장고,인덕션,옷장', 5, 0, NULL),
('room_s0220', '602호', 'house_s022', 'lessor1', NOW(), NULL, 16600000, 1040000, 'M', 23.80, '동향', '2026-04-24', '코하우스성북22 602호 | 월세 매물', 1, 1, 0, 'HIDDEN', '', 6, 0, NULL),
('room_s0221', '201호', 'house_s023', 'lessor1', NOW(), NULL, 10600000, 745000, 'M', 16.30, '북향', '2026-04-17', '코하우스강북23 201호 | 월세 매물', 1, 1, 1, 'ACTIVE', '에어컨,냉장고,세탁기,WiFi', 3, 0, NULL),
('room_s0222', '202호', 'house_s023', 'lessor1', NOW(), NULL, 11300000, 780000, 'M', 17.15, '동향', '2026-04-18', '코하우스강북23 202호 | 월세 매물', 1, 1, 0, 'ACTIVE', '에어컨,냉장고,세탁기,WiFi', 1, 0, NULL),
('room_s0223', '301호', 'house_s023', 'lessor1', NOW(), NULL, 12000000, 815000, 'M', 18.00, '남향', '2026-04-19', '코하우스강북23 301호 | 월세 매물', 1, 1, 1, 'ACTIVE', '에어컨,냉장고,세탁기,WiFi', 2, 0, NULL),
('room_s0224', '302호', 'house_s023', 'lessor1', NOW(), NULL, 267500000, 0, 'L', 30.00, '서향', '2026-04-20', '코하우스강북23 302호 | 전세 매물', 2, 2, 0, 'ACTIVE', '에어컨,냉장고,세탁기,침대,책상,옷장,WiFi', 1, 0, NULL),
('room_s0225', '401호', 'house_s023', 'lessor1', NOW(), NULL, 13400000, 885000, 'M', 19.70, '북동향', '2026-04-21', '코하우스강북23 401호 | 월세 매물', 1, 1, 1, 'ACTIVE', '에어컨,냉장고,세탁기,전자레인지,옷장,WiFi', 1, 0, NULL),
('room_s0226', '402호', 'house_s023', 'lessor1', NOW(), NULL, 14100000, 920000, 'M', 20.55, '남동향', '2026-04-22', '코하우스강북23 402호 | 월세 매물', 1, 1, 0, 'ACTIVE', '에어컨,냉장고,세탁기,전자레인지,옷장,WiFi', 4, 0, NULL),
('room_s0227', '501호', 'house_s023', 'lessor1', NOW(), NULL, 14800000, 955000, 'M', 21.40, '남서향', '2026-04-23', '코하우스강북23 501호 | 월세 매물', 1, 1, 1, 'ACTIVE', '풀옵션(에어컨/냉장고/세탁기/침대/책상/옷장/전자레인지/WiFi)', 3, 0, NULL),
('room_s0228', '502호', 'house_s023', 'lessor1', NOW(), NULL, 15500000, 990000, 'M', 22.25, '북서향', '2026-04-24', '코하우스강북23 502호 | 월세 매물', 1, 1, 0, 'ACTIVE', '풀옵션(에어컨/냉장고/세탁기/침대/책상/옷장/전자레인지/WiFi)', 9, 0, NULL),
('room_s0229', '601호', 'house_s023', 'lessor1', NOW(), NULL, 287500000, 0, 'L', 34.50, '북향', '2026-04-25', '코하우스강북23 601호 | 전세 매물', 3, 2, 1, 'ACTIVE', '에어컨,냉장고,인덕션,옷장', 3, 0, NULL),
('room_s0230', '602호', 'house_s023', 'lessor1', NOW(), NULL, 16900000, 1060000, 'M', 23.95, '동향', '2026-04-26', '코하우스강북23 602호 | 월세 매물', 1, 1, 0, 'HIDDEN', '', 2, 0, NULL),
('room_s0231', '201호', 'house_s024', 'lessor1', NOW(), NULL, 10900000, 685000, 'M', 15.85, '북향', '2026-04-19', '코하우스도봉24 201호 | 월세 매물', 1, 1, 1, 'ACTIVE', '에어컨,냉장고,세탁기,WiFi', 5, 0, NULL),
('room_s0232', '202호', 'house_s024', 'lessor1', NOW(), NULL, 11600000, 720000, 'M', 16.70, '동향', '2026-04-20', '코하우스도봉24 202호 | 월세 매물', 1, 1, 0, 'ACTIVE', '에어컨,냉장고,세탁기,WiFi', 4, 0, NULL),
('room_s0233', '301호', 'house_s024', 'lessor1', NOW(), NULL, 12300000, 755000, 'M', 17.55, '남향', '2026-04-21', '코하우스도봉24 301호 | 월세 매물', 1, 1, 1, 'ACTIVE', '에어컨,냉장고,세탁기,WiFi', 1, 0, NULL),
('room_s0234', '302호', 'house_s024', 'lessor1', NOW(), NULL, 268000000, 0, 'L', 29.60, '서향', '2026-04-22', '코하우스도봉24 302호 | 전세 매물', 2, 2, 0, 'ACTIVE', '에어컨,냉장고,세탁기,침대,책상,옷장,WiFi', 2, 0, NULL),
('room_s0235', '401호', 'house_s024', 'lessor1', NOW(), NULL, 13700000, 825000, 'M', 19.25, '북동향', '2026-04-23', '코하우스도봉24 401호 | 월세 매물', 1, 1, 1, 'ACTIVE', '에어컨,냉장고,세탁기,전자레인지,옷장,WiFi', 3, 0, NULL),
('room_s0236', '402호', 'house_s024', 'lessor1', NOW(), NULL, 14400000, 860000, 'M', 20.10, '남동향', '2026-04-24', '코하우스도봉24 402호 | 월세 매물', 1, 1, 0, 'ACTIVE', '에어컨,냉장고,세탁기,전자레인지,옷장,WiFi', 2, 0, NULL),
('room_s0237', '501호', 'house_s024', 'lessor1', NOW(), NULL, 15100000, 895000, 'M', 20.95, '남서향', '2026-04-25', '코하우스도봉24 501호 | 월세 매물', 1, 1, 1, 'ACTIVE', '풀옵션(에어컨/냉장고/세탁기/침대/책상/옷장/전자레인지/WiFi)', 1, 0, NULL),
('room_s0238', '502호', 'house_s024', 'lessor1', NOW(), NULL, 15800000, 930000, 'M', 21.80, '북서향', '2026-04-26', '코하우스도봉24 502호 | 월세 매물', 1, 1, 0, 'ACTIVE', '풀옵션(에어컨/냉장고/세탁기/침대/책상/옷장/전자레인지/WiFi)', 1, 0, NULL),
('room_s0239', '601호', 'house_s024', 'lessor1', NOW(), NULL, 288000000, 0, 'L', 34.10, '북향', '2026-04-27', '코하우스도봉24 601호 | 전세 매물', 3, 2, 1, 'ACTIVE', '에어컨,냉장고,인덕션,옷장', 3, 0, NULL),
('room_s0240', '602호', 'house_s024', 'lessor1', NOW(), NULL, 17200000, 1000000, 'M', 23.50, '동향', '2026-04-28', '코하우스도봉24 602호 | 월세 매물', 1, 1, 0, 'HIDDEN', '', 2, 0, NULL),
('room_s0241', '201호', 'house_s025', 'lessor1', NOW(), NULL, 9700000, 705000, 'M', 16.00, '북향', '2026-04-21', '코하우스노원25 201호 | 월세 매물', 1, 1, 1, 'ACTIVE', '에어컨,냉장고,세탁기,WiFi', 3, 0, NULL),
('room_s0242', '202호', 'house_s025', 'lessor1', NOW(), NULL, 10400000, 740000, 'M', 16.85, '동향', '2026-04-22', '코하우스노원25 202호 | 월세 매물', 1, 1, 0, 'ACTIVE', '에어컨,냉장고,세탁기,WiFi', 7, 0, NULL),
('room_s0243', '301호', 'house_s025', 'lessor1', NOW(), NULL, 11100000, 775000, 'M', 17.70, '남향', '2026-04-23', '코하우스노원25 301호 | 월세 매물', 1, 1, 1, 'ACTIVE', '에어컨,냉장고,세탁기,WiFi', 3, 0, NULL),
('room_s0244', '302호', 'house_s025', 'lessor1', NOW(), NULL, 268500000, 0, 'L', 29.80, '서향', '2026-04-24', '코하우스노원25 302호 | 전세 매물', 2, 2, 0, 'ACTIVE', '에어컨,냉장고,세탁기,침대,책상,옷장,WiFi', 4, 0, NULL),
('room_s0245', '401호', 'house_s025', 'lessor1', NOW(), NULL, 12500000, 845000, 'M', 19.40, '북동향', '2026-04-25', '코하우스노원25 401호 | 월세 매물', 1, 1, 1, 'ACTIVE', '에어컨,냉장고,세탁기,전자레인지,옷장,WiFi', 3, 0, NULL),
('room_s0246', '402호', 'house_s025', 'lessor1', NOW(), NULL, 13200000, 880000, 'M', 20.25, '남동향', '2026-04-26', '코하우스노원25 402호 | 월세 매물', 1, 1, 0, 'ACTIVE', '에어컨,냉장고,세탁기,전자레인지,옷장,WiFi', 3, 0, NULL),
('room_s0247', '501호', 'house_s025', 'lessor1', NOW(), NULL, 13900000, 915000, 'M', 21.10, '남서향', '2026-04-27', '코하우스노원25 501호 | 월세 매물', 1, 1, 1, 'ACTIVE', '풀옵션(에어컨/냉장고/세탁기/침대/책상/옷장/전자레인지/WiFi)', 6, 0, NULL),
('room_s0248', '502호', 'house_s025', 'lessor1', NOW(), NULL, 14600000, 950000, 'M', 21.95, '북서향', '2026-04-28', '코하우스노원25 502호 | 월세 매물', 1, 1, 0, 'ACTIVE', '풀옵션(에어컨/냉장고/세탁기/침대/책상/옷장/전자레인지/WiFi)', 1, 0, NULL),
('room_s0249', '601호', 'house_s025', 'lessor1', NOW(), NULL, 288500000, 0, 'L', 34.30, '북향', '2026-04-29', '코하우스노원25 601호 | 전세 매물', 3, 2, 1, 'ACTIVE', '에어컨,냉장고,인덕션,옷장', 1, 0, NULL),
('room_s0250', '602호', 'house_s025', 'lessor1', NOW(), NULL, 16000000, 1020000, 'M', 23.65, '동향', '2026-04-30', '코하우스노원25 602호 | 월세 매물', 1, 1, 0, 'HIDDEN', '', 7, 0, NULL),
('room_s0251', '201호', 'house_s026', 'lessor1', NOW(), NULL, 10000000, 725000, 'M', 16.15, '북향', '2026-04-23', '코하우스강서26 201호 | 월세 매물', 1, 1, 1, 'ACTIVE', '에어컨,냉장고,세탁기,WiFi', 6, 0, NULL),
('room_s0252', '202호', 'house_s026', 'lessor1', NOW(), NULL, 10700000, 760000, 'M', 17.00, '동향', '2026-04-24', '코하우스강서26 202호 | 월세 매물', 1, 1, 0, 'ACTIVE', '에어컨,냉장고,세탁기,WiFi', 1, 0, NULL),
('room_s0253', '301호', 'house_s026', 'lessor1', NOW(), NULL, 11400000, 795000, 'M', 17.85, '남향', '2026-04-25', '코하우스강서26 301호 | 월세 매물', 1, 1, 1, 'ACTIVE', '에어컨,냉장고,세탁기,WiFi', 1, 0, NULL),
('room_s0254', '302호', 'house_s026', 'lessor1', NOW(), NULL, 269000000, 0, 'L', 30.00, '서향', '2026-04-26', '코하우스강서26 302호 | 전세 매물', 2, 2, 0, 'ACTIVE', '에어컨,냉장고,세탁기,침대,책상,옷장,WiFi', 1, 0, NULL),
('room_s0255', '401호', 'house_s026', 'lessor1', NOW(), NULL, 12800000, 865000, 'M', 19.55, '북동향', '2026-04-27', '코하우스강서26 401호 | 월세 매물', 1, 1, 1, 'ACTIVE', '에어컨,냉장고,세탁기,전자레인지,옷장,WiFi', 1, 0, NULL),
('room_s0256', '402호', 'house_s026', 'lessor1', NOW(), NULL, 13500000, 900000, 'M', 20.40, '남동향', '2026-04-28', '코하우스강서26 402호 | 월세 매물', 1, 1, 0, 'ACTIVE', '에어컨,냉장고,세탁기,전자레인지,옷장,WiFi', 2, 0, NULL),
('room_s0257', '501호', 'house_s026', 'lessor1', NOW(), NULL, 14200000, 935000, 'M', 21.25, '남서향', '2026-04-29', '코하우스강서26 501호 | 월세 매물', 1, 1, 1, 'ACTIVE', '풀옵션(에어컨/냉장고/세탁기/침대/책상/옷장/전자레인지/WiFi)', 2, 0, NULL),
('room_s0258', '502호', 'house_s026', 'lessor1', NOW(), NULL, 14900000, 970000, 'M', 22.10, '북서향', '2026-04-30', '코하우스강서26 502호 | 월세 매물', 1, 1, 0, 'ACTIVE', '풀옵션(에어컨/냉장고/세탁기/침대/책상/옷장/전자레인지/WiFi)', 2, 0, NULL),
('room_s0259', '601호', 'house_s026', 'lessor1', NOW(), NULL, 289000000, 0, 'L', 34.50, '북향', '2026-05-01', '코하우스강서26 601호 | 전세 매물', 3, 2, 1, 'ACTIVE', '에어컨,냉장고,인덕션,옷장', 4, 0, NULL),
('room_s0260', '602호', 'house_s026', 'lessor1', NOW(), NULL, 16300000, 1040000, 'M', 23.80, '동향', '2026-05-02', '코하우스강서26 602호 | 월세 매물', 1, 1, 0, 'HIDDEN', '', 4, 0, NULL),
('room_s0261', '201호', 'house_s027', 'lessor1', NOW(), NULL, 26800000, 1420000, 'M', 16.30, '북향', '2026-04-25', '코하우스강남27 201호 | 월세 매물', 1, 1, 1, 'ACTIVE', '에어컨,냉장고,세탁기,WiFi', 2, 0, NULL),
('room_s0262', '202호', 'house_s027', 'lessor1', NOW(), NULL, 28000000, 1480000, 'M', 17.15, '동향', '2026-04-26', '코하우스강남27 202호 | 월세 매물', 1, 1, 0, 'ACTIVE', '에어컨,냉장고,세탁기,WiFi', 3, 0, NULL),
('room_s0263', '301호', 'house_s027', 'lessor1', NOW(), NULL, 29200000, 1540000, 'M', 18.00, '남향', '2026-04-27', '코하우스강남27 301호 | 월세 매물', 1, 1, 1, 'ACTIVE', '에어컨,냉장고,세탁기,WiFi', 2, 0, NULL),
('room_s0264', '302호', 'house_s027', 'lessor1', NOW(), NULL, 557500000, 0, 'L', 29.60, '서향', '2026-04-28', '코하우스강남27 302호 | 전세 매물', 2, 2, 0, 'ACTIVE', '에어컨,냉장고,세탁기,침대,책상,옷장,WiFi', 2, 0, NULL),
('room_s0265', '401호', 'house_s027', 'lessor1', NOW(), NULL, 31600000, 1660000, 'M', 19.70, '북동향', '2026-04-29', '코하우스강남27 401호 | 월세 매물', 1, 1, 1, 'ACTIVE', '에어컨,냉장고,세탁기,전자레인지,옷장,WiFi', 6, 0, NULL),
('room_s0266', '402호', 'house_s027', 'lessor1', NOW(), NULL, 32800000, 1720000, 'M', 20.55, '남동향', '2026-04-30', '코하우스강남27 402호 | 월세 매물', 1, 1, 0, 'ACTIVE', '에어컨,냉장고,세탁기,전자레인지,옷장,WiFi', 10, 0, NULL),
('room_s0267', '501호', 'house_s027', 'lessor1', NOW(), NULL, 34000000, 1780000, 'M', 21.40, '남서향', '2026-05-01', '코하우스강남27 501호 | 월세 매물', 1, 1, 1, 'ACTIVE', '풀옵션(에어컨/냉장고/세탁기/침대/책상/옷장/전자레인지/WiFi)', 4, 0, NULL),
('room_s0268', '502호', 'house_s027', 'lessor1', NOW(), NULL, 35200000, 1840000, 'M', 22.25, '북서향', '2026-05-02', '코하우스강남27 502호 | 월세 매물', 1, 1, 0, 'ACTIVE', '풀옵션(에어컨/냉장고/세탁기/침대/책상/옷장/전자레인지/WiFi)', 6, 0, NULL),
('room_s0269', '601호', 'house_s027', 'lessor1', NOW(), NULL, 587500000, 0, 'L', 34.10, '북향', '2026-05-03', '코하우스강남27 601호 | 전세 매물', 3, 2, 1, 'ACTIVE', '에어컨,냉장고,인덕션,옷장', 2, 0, NULL),
('room_s0270', '602호', 'house_s027', 'lessor1', NOW(), NULL, 37600000, 1960000, 'M', 23.95, '동향', '2026-05-04', '코하우스강남27 602호 | 월세 매물', 1, 1, 0, 'HIDDEN', '', 2, 0, NULL),
('room_s0271', '201호', 'house_s028', 'lessor1', NOW(), NULL, 27100000, 1360000, 'M', 15.85, '북향', '2026-04-27', '코하우스서초28 201호 | 월세 매물', 1, 1, 1, 'ACTIVE', '에어컨,냉장고,세탁기,WiFi', 5, 0, NULL),
('room_s0272', '202호', 'house_s028', 'lessor1', NOW(), NULL, 28300000, 1420000, 'M', 16.70, '동향', '2026-04-28', '코하우스서초28 202호 | 월세 매물', 1, 1, 0, 'ACTIVE', '에어컨,냉장고,세탁기,WiFi', 5, 0, NULL),
('room_s0273', '301호', 'house_s028', 'lessor1', NOW(), NULL, 29500000, 1480000, 'M', 17.55, '남향', '2026-04-29', '코하우스서초28 301호 | 월세 매물', 1, 1, 1, 'ACTIVE', '에어컨,냉장고,세탁기,WiFi', 4, 0, NULL),
('room_s0274', '302호', 'house_s028', 'lessor1', NOW(), NULL, 558000000, 0, 'L', 29.80, '서향', '2026-04-30', '코하우스서초28 302호 | 전세 매물', 2, 2, 0, 'ACTIVE', '에어컨,냉장고,세탁기,침대,책상,옷장,WiFi', 4, 0, NULL),
('room_s0275', '401호', 'house_s028', 'lessor1', NOW(), NULL, 31900000, 1600000, 'M', 19.25, '북동향', '2026-05-01', '코하우스서초28 401호 | 월세 매물', 1, 1, 1, 'ACTIVE', '에어컨,냉장고,세탁기,전자레인지,옷장,WiFi', 3, 0, NULL),
('room_s0276', '402호', 'house_s028', 'lessor1', NOW(), NULL, 33100000, 1660000, 'M', 20.10, '남동향', '2026-05-02', '코하우스서초28 402호 | 월세 매물', 1, 1, 0, 'ACTIVE', '에어컨,냉장고,세탁기,전자레인지,옷장,WiFi', 2, 0, NULL),
('room_s0277', '501호', 'house_s028', 'lessor1', NOW(), NULL, 34300000, 1720000, 'M', 20.95, '남서향', '2026-05-03', '코하우스서초28 501호 | 월세 매물', 1, 1, 1, 'ACTIVE', '풀옵션(에어컨/냉장고/세탁기/침대/책상/옷장/전자레인지/WiFi)', 2, 0, NULL),
('room_s0278', '502호', 'house_s028', 'lessor1', NOW(), NULL, 35500000, 1780000, 'M', 21.80, '북서향', '2026-05-04', '코하우스서초28 502호 | 월세 매물', 1, 1, 0, 'ACTIVE', '풀옵션(에어컨/냉장고/세탁기/침대/책상/옷장/전자레인지/WiFi)', 3, 0, NULL),
('room_s0279', '601호', 'house_s028', 'lessor1', NOW(), NULL, 588000000, 0, 'L', 34.30, '북향', '2026-05-05', '코하우스서초28 601호 | 전세 매물', 3, 2, 1, 'ACTIVE', '에어컨,냉장고,인덕션,옷장', 3, 0, NULL),
('room_s0280', '602호', 'house_s028', 'lessor1', NOW(), NULL, 37900000, 1900000, 'M', 23.50, '동향', '2026-05-06', '코하우스서초28 602호 | 월세 매물', 1, 1, 0, 'HIDDEN', '', 5, 0, NULL),
('room_s0281', '201호', 'house_s029', 'lessor1', NOW(), NULL, 17100000, 965000, 'M', 16.00, '북향', '2026-04-29', '코하우스송파29 201호 | 월세 매물', 1, 1, 1, 'ACTIVE', '에어컨,냉장고,세탁기,WiFi', 2, 0, NULL),
('room_s0282', '202호', 'house_s029', 'lessor1', NOW(), NULL, 18000000, 1010000, 'M', 16.85, '동향', '2026-04-30', '코하우스송파29 202호 | 월세 매물', 1, 1, 0, 'ACTIVE', '에어컨,냉장고,세탁기,WiFi', 2, 0, NULL),
('room_s0283', '301호', 'house_s029', 'lessor1', NOW(), NULL, 18900000, 1055000, 'M', 17.70, '남향', '2026-05-01', '코하우스송파29 301호 | 월세 매물', 1, 1, 1, 'ACTIVE', '에어컨,냉장고,세탁기,WiFi', 3, 0, NULL),
('room_s0284', '302호', 'house_s029', 'lessor1', NOW(), NULL, 394500000, 0, 'L', 30.00, '서향', '2026-05-02', '코하우스송파29 302호 | 전세 매물', 2, 2, 0, 'ACTIVE', '에어컨,냉장고,세탁기,침대,책상,옷장,WiFi', 1, 0, NULL),
('room_s0285', '401호', 'house_s029', 'lessor1', NOW(), NULL, 20700000, 1145000, 'M', 19.40, '북동향', '2026-05-03', '코하우스송파29 401호 | 월세 매물', 1, 1, 1, 'ACTIVE', '에어컨,냉장고,세탁기,전자레인지,옷장,WiFi', 9, 0, NULL),
('room_s0286', '402호', 'house_s029', 'lessor1', NOW(), NULL, 21600000, 1190000, 'M', 20.25, '남동향', '2026-05-04', '코하우스송파29 402호 | 월세 매물', 1, 1, 0, 'ACTIVE', '에어컨,냉장고,세탁기,전자레인지,옷장,WiFi', 4, 0, NULL),
('room_s0287', '501호', 'house_s029', 'lessor1', NOW(), NULL, 22500000, 1235000, 'M', 21.10, '남서향', '2026-05-05', '코하우스송파29 501호 | 월세 매물', 1, 1, 1, 'ACTIVE', '풀옵션(에어컨/냉장고/세탁기/침대/책상/옷장/전자레인지/WiFi)', 1, 0, NULL),
('room_s0288', '502호', 'house_s029', 'lessor1', NOW(), NULL, 23400000, 1280000, 'M', 21.95, '북서향', '2026-05-06', '코하우스송파29 502호 | 월세 매물', 1, 1, 0, 'ACTIVE', '풀옵션(에어컨/냉장고/세탁기/침대/책상/옷장/전자레인지/WiFi)', 2, 0, NULL),
('room_s0289', '601호', 'house_s029', 'lessor1', NOW(), NULL, 419500000, 0, 'L', 34.50, '북향', '2026-05-07', '코하우스송파29 601호 | 전세 매물', 3, 2, 1, 'ACTIVE', '에어컨,냉장고,인덕션,옷장', 2, 0, NULL),
('room_s0290', '602호', 'house_s029', 'lessor1', NOW(), NULL, 25200000, 1370000, 'M', 23.65, '동향', '2026-05-08', '코하우스송파29 602호 | 월세 매물', 1, 1, 0, 'HIDDEN', '', 2, 0, NULL),
('room_s0291', '201호', 'house_s030', 'lessor1', NOW(), NULL, 15900000, 985000, 'M', 16.15, '북향', '2026-05-01', '코하우스마포30 201호 | 월세 매물', 1, 1, 1, 'ACTIVE', '에어컨,냉장고,세탁기,WiFi', 5, 0, NULL),
('room_s0292', '202호', 'house_s030', 'lessor1', NOW(), NULL, 16800000, 1030000, 'M', 17.00, '동향', '2026-05-02', '코하우스마포30 202호 | 월세 매물', 1, 1, 0, 'ACTIVE', '에어컨,냉장고,세탁기,WiFi', 2, 0, NULL),
('room_s0293', '301호', 'house_s030', 'lessor1', NOW(), NULL, 17700000, 1075000, 'M', 17.85, '남향', '2026-05-03', '코하우스마포30 301호 | 월세 매물', 1, 1, 1, 'ACTIVE', '에어컨,냉장고,세탁기,WiFi', 1, 0, NULL),
('room_s0294', '302호', 'house_s030', 'lessor1', NOW(), NULL, 395000000, 0, 'L', 29.60, '서향', '2026-05-04', '코하우스마포30 302호 | 전세 매물', 2, 2, 0, 'ACTIVE', '에어컨,냉장고,세탁기,침대,책상,옷장,WiFi', 1, 0, NULL),
('room_s0295', '401호', 'house_s030', 'lessor1', NOW(), NULL, 19500000, 1165000, 'M', 19.55, '북동향', '2026-05-05', '코하우스마포30 401호 | 월세 매물', 1, 1, 1, 'ACTIVE', '에어컨,냉장고,세탁기,전자레인지,옷장,WiFi', 3, 0, NULL),
('room_s0296', '402호', 'house_s030', 'lessor1', NOW(), NULL, 20400000, 1210000, 'M', 20.40, '남동향', '2026-05-06', '코하우스마포30 402호 | 월세 매물', 1, 1, 0, 'ACTIVE', '에어컨,냉장고,세탁기,전자레인지,옷장,WiFi', 2, 0, NULL),
('room_s0297', '501호', 'house_s030', 'lessor1', NOW(), NULL, 21300000, 1255000, 'M', 21.25, '남서향', '2026-05-07', '코하우스마포30 501호 | 월세 매물', 1, 1, 1, 'ACTIVE', '풀옵션(에어컨/냉장고/세탁기/침대/책상/옷장/전자레인지/WiFi)', 1, 0, NULL),
('room_s0298', '502호', 'house_s030', 'lessor1', NOW(), NULL, 22200000, 1300000, 'M', 22.10, '북서향', '2026-05-08', '코하우스마포30 502호 | 월세 매물', 1, 1, 0, 'ACTIVE', '풀옵션(에어컨/냉장고/세탁기/침대/책상/옷장/전자레인지/WiFi)', 5, 0, NULL),
('room_s0299', '601호', 'house_s030', 'lessor1', NOW(), NULL, 420000000, 0, 'L', 34.10, '북향', '2026-05-09', '코하우스마포30 601호 | 전세 매물', 3, 2, 1, 'ACTIVE', '에어컨,냉장고,인덕션,옷장', 1, 0, NULL),
('room_s0300', '602호', 'house_s030', 'lessor1', NOW(), NULL, 24000000, 1390000, 'M', 23.80, '동향', '2026-05-10', '코하우스마포30 602호 | 월세 매물', 1, 1, 0, 'HIDDEN', '', 2, 0, NULL);

-- 4. 찜 (위시리스트)
-- tb_wishlists 스키마에는 house_no 컬럼이 없음
INSERT INTO `tb_wishlists` (`wish_no`, `user_no`, `room_no`) 
VALUES 
('wish1', 'user1', 'room1'),
('wish2', 'user1', 'room3');

-- 5. 투어 신청
INSERT INTO `tb_tours` (`tour_no`, `room_no`, `user_no`, `visit_date`, `visit_time`, `status`, `message`) 
VALUES 
('tour1', 'room1', 'user1', '2026-03-05', '14:00:00', 'PENDING', '방 구조를 직접 보고 싶습니다.'),
('tour2', 'room3', 'user2', '2026-03-06', '11:00:00', 'APPROVED', '대출 가능한지 서류 챙겨갈게요.');

-- 6. 계약 정보
INSERT INTO `tb_contracts` (`contract_no`, `room_no`, `user_no`, `move_in_date`, `term_months`, `status`) 
VALUES 
('cont1', 'room1', 'user1', '2026-01-10', 12, 'ACTIVE'),
('cont2', 'room3', 'user2', '2026-04-10', 24, 'APPLIED');

-- 7. 건물 사진
INSERT INTO `tb_houses_images` (`house_no`, `house_original_image_name`, `house_stored_image_name`)
VALUES
('house_s001', 'house (6).png', '613bc271-709f-469d-9a79-9280c67b96a6.png'),
('house_s002', 'house (3).png', 'b58d7a92-7158-4b8c-ad34-e7e12e1c3777.png'),
('house_s003', 'house (5).png', '6bf1e956-3758-4a42-ae12-43b26ed26130.png'),
('house_s004', 'house (5).png', '775d1825-40f1-4912-9353-3d1a9c69dcbd.png'),
('house_s005', 'house (4).png', 'c264aa6c-4d05-4b32-85de-c7a73001832d.png'),
('house_s006', 'house (1).png', '5f610c85-023c-446f-8e85-1576b50a4963.png'),
('house_s007', 'house (4).png', '2902b3b5-aeb3-4705-8e66-d7406f838cfb.png'),
('house_s008', 'house (4).png', 'ff7399d3-0654-4ff2-819a-384c7651211a.png'),
('house_s009', 'house (3).png', '2567ecd4-f414-41ce-ae7c-ed3bcf063bfa.png'),
('house_s010', 'house (2).png', '26209069-e641-494a-b507-9ea35d4c2c51.png'),
('house_s011', 'house (2).png', 'c3921a82-9a50-4084-bf71-6bf0cab5a680.png'),
('house_s012', 'house (6).png', '6e8b24d5-e1e1-4245-9d0a-42b392ec2e99.png'),
('house_s013', 'house (5).png', 'a634bac3-3409-4f07-adfd-ea0f7cf6a5bb.png'),
('house_s014', 'house (1).png', '37087782-aeb7-4911-bd69-b10e98fa0532.png'),
('house_s015', 'house (6).png', '5f016843-efc6-4d06-b199-b6cb0b695cfe.png'),
('house_s016', 'house (1).png', 'c573ed39-5ac4-4813-9f81-94f373756bc9.png'),
('house_s017', 'house (6).png', 'b370900e-5fba-4445-97d5-24ce17a6c4a1.png'),
('house_s018', 'house (5).png', '7fc8341c-4f13-4fa7-9759-650bfde27797.png'),
('house_s019', 'house (4).png', 'ec92ddd9-47f7-416d-98ea-0c8f05535a58.png'),
('house_s020', 'house (6).png', '4aeb27bf-f526-4f85-aafa-10e50717554c.png'),
('house_s021', 'house (2).png', '13e1004e-8a83-4c00-8115-ccee967bc781.png'),
('house_s022', 'house (2).png', '0f9c8769-95aa-4b60-9a28-d729130897b7.png'),
('house_s023', 'house (4).png', '02310aa9-25d8-42ae-b058-cbda047aab42.png'),
('house_s024', 'house (3).png', 'c3d9e94e-10f8-47d0-b9b6-379c26a26e33.png'),
('house_s025', 'house (3).png', '9b026a59-49f4-41ff-a3ac-a4851aa06edf.png'),
('house_s026', 'house (5).png', '484e07a6-1bf6-4d71-8912-1b2fe210ea1d.png'),
('house_s027', 'house (3).png', '8506ede4-f151-431e-b745-8d3297f712f5.png'),
('house_s028', 'house (5).png', '7b9ce8a8-049b-4339-8c41-0921f1542226.png'),
('house_s029', 'house (3).png', '1299c555-71ce-495c-a0d0-12c435c9a4e9.png'),
('house_s030', 'house (2).png', 'e592fda2-d82d-41fa-94f5-124d6c83e453.png');

-- 8. 방 사진
INSERT INTO `tb_rooms_images` (`room_no`, `room_original_image_name`, `room_stored_image_name`)
VALUES
('room_s0001', 'room (7).png', 'ffe60983-da4b-40ba-b95b-021b21d7a439.png'),
('room_s0002', 'room (7).png', '4b6bb7e8-fca4-4693-9d32-8656b0ebe320.png'),
('room_s0003', 'room (7).png', '9410fd68-7273-42b6-abbc-e4b8122f929c.png'),
('room_s0004', 'room (5).png', '8bd75e0d-39d9-4f49-a0cd-199846278217.png'),
('room_s0005', 'room (4).png', 'cb357ce1-1ed1-46fc-bf75-1d7f8036f548.png'),
('room_s0006', 'room (8).png', 'f7c211c6-d8c8-4658-838c-9f838f54e135.png'),
('room_s0007', 'room (6).png', 'fd3cd3c8-2a0e-4be5-856c-df6cdcd822cb.png'),
('room_s0008', 'room (7).png', '7befcf9c-d2ad-4f01-927d-db538110f1e1.png'),
('room_s0009', 'room (8).png', 'fe610da9-793c-4323-8de9-f8c19f7b84a2.png'),
('room_s0010', 'room (8).png', '84b99ea9-5a99-4440-9f5b-5c6703147467.png'),
('room_s0011', 'room (2).png', '0f09b93c-00d9-4613-964f-2f76bad01024.png'),
('room_s0012', 'room (6).png', 'c0287737-f8a9-4113-ae24-30b33b45df49.png'),
('room_s0013', 'room (1).png', '6f6844f0-392b-48b9-9b43-01115329ae12.png'),
('room_s0014', 'room (8).png', '893cf05a-62b8-4232-9042-eed07280350b.png'),
('room_s0015', 'room (2).png', 'f033980c-8ec4-4055-a9ba-400b2c830e0a.png'),
('room_s0016', 'room (3).png', '02ebdc36-113d-43d6-904c-38e22abfea77.png'),
('room_s0017', 'room (8).png', 'd29ba6cb-840d-4445-9415-4797a0fa6a79.png'),
('room_s0018', 'room (8).png', '0c4b637b-a3bd-438e-9f83-f996684b65f1.png'),
('room_s0019', 'room (3).png', 'f9f186a9-f9a8-4795-aa85-ee270ce2974c.png'),
('room_s0020', 'room (2).png', 'e21ae561-e541-42e9-b1b7-092363385cf8.png'),
('room_s0021', 'room (7).png', '92fb51c1-da94-466d-b229-2eace538494e.png'),
('room_s0022', 'room (8).png', '1375343a-9ee3-45e9-af5e-e4a081be75ad.png'),
('room_s0023', 'room (1).png', 'a407bac7-983f-4e99-973f-e862cda8f1e4.png'),
('room_s0024', 'room (2).png', 'e4e42ef8-1b6b-4391-8220-2728cf06656d.png'),
('room_s0025', 'room (1).png', '430192a7-0a7e-461e-84c7-59739e727310.png'),
('room_s0026', 'room (7).png', 'ff09260e-b823-43ef-b41e-7dbd582974b4.png'),
('room_s0027', 'room (3).png', '0ac794b0-4874-4372-9a9b-7b90a8564077.png'),
('room_s0028', 'room (1).png', 'd0f7077f-b945-4898-9f25-09f3a07d3bfc.png'),
('room_s0029', 'room (8).png', 'b914d805-7463-4d8a-b6bd-563d1a7e2290.png'),
('room_s0030', 'room (2).png', 'ba8bd129-ec74-45d9-9107-ae5d76ecbf44.png'),
('room_s0031', 'room (2).png', '57fa6829-7776-4d6f-bc62-328a8008c6e8.png'),
('room_s0032', 'room (5).png', 'b86c9ce0-7801-4bf5-bf0c-d30fdafe7c73.png'),
('room_s0033', 'room (6).png', 'c6234d6c-03b1-4b8b-8ea1-b0fae9fc28e4.png'),
('room_s0034', 'room (8).png', '0041f34b-9814-4277-9fb6-5da561ead03a.png'),
('room_s0035', 'room (7).png', '8c03e455-6710-4b8f-9e22-0e1d64a0b5f5.png'),
('room_s0036', 'room (1).png', '659d3771-02b3-4d3f-835b-41298c304e42.png'),
('room_s0037', 'room (7).png', 'e57867a6-0a2a-464e-b7cc-5d484813c5d5.png'),
('room_s0038', 'room (8).png', '4c27964e-e14b-48e2-b740-955b75f1d941.png'),
('room_s0039', 'room (5).png', '3ff6d006-82d3-4524-83d3-c0c0a8c3eac5.png'),
('room_s0040', 'room (5).png', '35afe76b-c82f-4360-b589-b2e1c416e87e.png'),
('room_s0041', 'room (6).png', '62c31be9-f40f-42e8-b216-2ec9807eb59c.png'),
('room_s0042', 'room (4).png', '5b0997b3-0223-4e7e-9940-d14cf9ea236a.png'),
('room_s0043', 'room (6).png', 'fcb49604-8e2a-4fb7-a92f-4dd866d1d312.png'),
('room_s0044', 'room (3).png', '3f8e6f8f-5720-4780-8859-37b66db46adc.png'),
('room_s0045', 'room (1).png', '98aa9628-ec72-41a4-a1cb-fb60afc85f28.png'),
('room_s0046', 'room (1).png', '144653a2-8b32-41c1-95d6-3689c84f80bb.png'),
('room_s0047', 'room (6).png', 'b35d7d6b-469c-4fc1-a46a-9735df392628.png'),
('room_s0048', 'room (7).png', 'bd16c387-31a0-4c0d-81c9-4a87ff6719ad.png'),
('room_s0049', 'room (1).png', '9c05c498-45f5-4d89-919b-f382e4f948fd.png'),
('room_s0050', 'room (3).png', 'c239a90c-bcdb-4db9-8bf6-eb81dadca006.png'),
('room_s0051', 'room (7).png', '17ec4e71-5b90-41d2-a16f-7ccc1facf5aa.png'),
('room_s0052', 'room (2).png', '9eb2e7ec-c448-497f-ae10-2c0a62caf10c.png'),
('room_s0053', 'room (5).png', 'e0eee6fd-818d-4c3c-913c-91c89207f6a5.png'),
('room_s0054', 'room (8).png', 'f9cbad5e-8733-4b8f-a905-5cc1b7dcede7.png'),
('room_s0055', 'room (8).png', '05d39577-945c-4175-87fa-8642964f655e.png'),
('room_s0056', 'room (5).png', 'f8698c6d-7e49-4fc4-8470-a56fbc1eb26c.png'),
('room_s0057', 'room (5).png', '61ea4331-b75e-4c99-a352-824a63459bf3.png'),
('room_s0058', 'room (1).png', 'f9254d45-e5b3-471f-9b5f-2ab08e2ce2d0.png'),
('room_s0059', 'room (2).png', '5c2da369-945b-4365-a45f-5d5ec0d5d815.png'),
('room_s0060', 'room (5).png', 'd14c48bd-584b-46af-b748-174f6e4a0762.png'),
('room_s0061', 'room (7).png', '49d2e82f-d3e3-402d-8d9b-ff2ae7d01113.png'),
('room_s0062', 'room (1).png', '9b56e0ee-65bc-45f9-818e-1ef4b71f17ae.png'),
('room_s0063', 'room (1).png', '0e6eee1f-ead7-4779-a2aa-f8f1587e6af4.png'),
('room_s0064', 'room (5).png', 'ff91bd3a-63ee-4971-a8ab-1ac727d227ec.png'),
('room_s0065', 'room (5).png', '7a2a6aec-7b56-4593-b5c2-89e173c30351.png'),
('room_s0066', 'room (1).png', '22acd7cf-b3cd-48a1-b3a9-0abf0e3115bc.png'),
('room_s0067', 'room (3).png', 'b84e9ea9-2d7a-4cdb-9d07-23decf844b36.png'),
('room_s0068', 'room (2).png', '1133e50c-354b-415c-a228-2a77001dc743.png'),
('room_s0069', 'room (6).png', 'ddc50741-a2dd-42c8-a95c-5fc826b8d928.png'),
('room_s0070', 'room (6).png', '071bcadb-5727-45f2-8348-e6cdf919fa61.png'),
('room_s0071', 'room (4).png', '8da1d6db-f10f-4e26-b1a1-174ac7e15f6a.png'),
('room_s0072', 'room (8).png', '2ecf204a-3b69-44be-89bc-474904075ff6.png'),
('room_s0073', 'room (7).png', '4503e467-6ea4-4458-b3b6-80df25a54b75.png'),
('room_s0074', 'room (5).png', '5a8c25cc-83bf-4a33-8e5d-39990fecd8b9.png'),
('room_s0075', 'room (3).png', '4d9b7b3b-2510-4512-af61-96773281b796.png'),
('room_s0076', 'room (3).png', 'e9208763-1e67-449d-9c37-20e9d61ce8c3.png'),
('room_s0077', 'room (6).png', '4e4798a8-e47a-4722-a104-76ff952c106e.png'),
('room_s0078', 'room (1).png', 'fd9b9ac7-ee76-4c16-8a8b-e7987279ee4b.png'),
('room_s0079', 'room (8).png', 'a26945ac-eb36-4852-9904-d3c4548a1e18.png'),
('room_s0080', 'room (4).png', '5a45dca7-5d2d-461a-89b9-7fddc826fb87.png'),
('room_s0081', 'room (3).png', 'f509c72c-f1cb-456e-8885-9955371248f7.png'),
('room_s0082', 'room (4).png', '6df29ccb-96e3-4899-9640-f2da6bf4adb1.png'),
('room_s0083', 'room (8).png', 'd82cf31b-31c6-41da-8e80-118c7c603181.png'),
('room_s0084', 'room (3).png', '3ef210b7-7ed9-4f4d-8252-31a33667dacd.png'),
('room_s0085', 'room (1).png', '998c991d-30db-4fa9-84ed-bc9bf69152c1.png'),
('room_s0086', 'room (1).png', 'aab2868a-7eb9-4b82-9b06-de6b5ca10bfd.png'),
('room_s0087', 'room (2).png', 'eb686845-3d8c-4c98-a5d6-1e80fcc5750b.png'),
('room_s0088', 'room (6).png', 'c37b8877-d687-4c2d-8266-dcfd36a16e94.png'),
('room_s0089', 'room (6).png', 'c47b257c-8603-43c1-a5c1-05b51771b171.png'),
('room_s0090', 'room (6).png', 'c0257534-d209-43ba-9b7d-3336dc979d91.png'),
('room_s0091', 'room (5).png', 'e74f3501-4267-447f-885b-bee60d9d69a7.png'),
('room_s0092', 'room (6).png', '6a26bebd-a804-4718-abad-219b80092b66.png'),
('room_s0093', 'room (6).png', '7daa663a-9506-48bc-9747-c66dc8ba00e6.png'),
('room_s0094', 'room (1).png', 'c03610cf-ddf8-4808-9218-199d0edd7d1a.png'),
('room_s0095', 'room (2).png', 'aad38294-847a-479c-9127-7113846765c0.png'),
('room_s0096', 'room (8).png', '74538d7f-bae1-49d1-bd89-76271026fc3e.png'),
('room_s0097', 'room (4).png', '8896e269-87ed-44c6-8829-5af010e66b4c.png'),
('room_s0098', 'room (2).png', '3e5c667a-2b78-465c-b610-20fceea1d614.png'),
('room_s0099', 'room (5).png', 'c6b7cd9f-270e-47dc-85c7-54d52ccde997.png'),
('room_s0100', 'room (5).png', '09399c45-4bc1-4536-8f20-5f74be892b22.png'),
('room_s0101', 'room (1).png', '8bce2e8d-bc93-4d10-a042-f3bf6eb32fa9.png'),
('room_s0102', 'room (6).png', '758fc49e-fee6-4234-9234-3fb38ecd87f9.png'),
('room_s0103', 'room (4).png', 'a2cfccd0-7e1b-4394-b140-1864a73b46c5.png'),
('room_s0104', 'room (8).png', '1824cab9-893a-4556-a35b-c8111fd6d038.png'),
('room_s0105', 'room (4).png', '204fd66a-577e-400f-ae0e-02f980c8d74e.png'),
('room_s0106', 'room (6).png', '00371c60-90f5-401c-903a-5631b1242756.png'),
('room_s0107', 'room (2).png', 'b9ba5897-d873-459f-8ddd-9b1d0989de6e.png'),
('room_s0108', 'room (8).png', 'f2605f15-e6dd-4028-b5e6-2b22129e3e02.png'),
('room_s0109', 'room (4).png', '2e001289-f378-4c3d-9ec9-a89735a14a56.png'),
('room_s0110', 'room (6).png', '0c1d7841-af5a-4ce1-8f55-be645f34e11e.png'),
('room_s0111', 'room (4).png', 'f07dc6bb-c215-4485-bb41-8dbc27febaad.png'),
('room_s0112', 'room (7).png', '5b296876-3967-4b8b-850b-8e3ae76db0e4.png'),
('room_s0113', 'room (1).png', 'a235daf9-ddc1-4fe2-a511-600f8a3337c0.png'),
('room_s0114', 'room (2).png', 'cf76972b-43ce-4dec-be6b-041431142dce.png'),
('room_s0115', 'room (5).png', 'bfd636eb-253d-436f-9ba6-3fd943a254cc.png'),
('room_s0116', 'room (5).png', '69da8cb3-8dab-4200-a0da-28c2493b96b7.png'),
('room_s0117', 'room (5).png', 'b100cc50-db54-42ad-a402-e0308c6291fc.png'),
('room_s0118', 'room (8).png', 'efd1dc35-8c03-42c0-ba0a-22f731ab44b7.png'),
('room_s0119', 'room (4).png', 'cf83a1e5-fb0e-49da-b3b4-6baabb55dfc0.png'),
('room_s0120', 'room (8).png', '18c28f33-f7be-4ce1-bf5c-81435454fb76.png'),
('room_s0121', 'room (7).png', '8b959dba-6d57-4bdb-a6af-95f5fe8dd77a.png'),
('room_s0122', 'room (2).png', '2f7ac540-1091-4da5-ab30-ea37df9173b2.png'),
('room_s0123', 'room (8).png', '290e3f06-7ec5-42d6-925e-39e838540647.png'),
('room_s0124', 'room (3).png', '72f916b3-ae21-48d0-aa66-71b8bd460556.png'),
('room_s0125', 'room (8).png', '0c2fd430-cbc4-4ce4-b842-70c49f7a7a90.png'),
('room_s0126', 'room (3).png', '7cdcf55d-b8f0-4bb2-80df-44f86a2ed1d5.png'),
('room_s0127', 'room (3).png', '942661f4-7d40-4e9c-84f9-da3ae689d57d.png'),
('room_s0128', 'room (5).png', 'acc864f4-adbb-4588-86d4-2838dfbf3d3f.png'),
('room_s0129', 'room (7).png', '01e48c15-5d35-4c93-9b24-2b76ca2bfa36.png'),
('room_s0130', 'room (4).png', '4aaa9ad0-dde1-4174-99e6-b67cb4332600.png'),
('room_s0131', 'room (4).png', 'eb645523-fc41-4424-9eeb-a0f64abdde40.png'),
('room_s0132', 'room (6).png', '6be6f874-efdf-4ab4-8a1d-6c1fba6a447c.png'),
('room_s0133', 'room (5).png', '10f10d97-df79-41d5-9170-885a60800fd2.png'),
('room_s0134', 'room (6).png', '8c4646d1-86e4-43ce-b03d-dd3ef310d512.png'),
('room_s0135', 'room (3).png', '310ea678-cfbc-48ad-8c46-1f586a871ff1.png'),
('room_s0136', 'room (6).png', 'c4450105-1d25-407a-9aee-c696726e8382.png'),
('room_s0137', 'room (5).png', '1b2ce7f3-3e00-47be-87e7-ab494cb75616.png'),
('room_s0138', 'room (2).png', 'f96fb1f6-45b1-42cb-998f-97bbaee2a2b7.png'),
('room_s0139', 'room (8).png', 'adba246f-5227-4fb2-9302-63026d612af0.png'),
('room_s0140', 'room (2).png', '20de74d1-5ff6-4dfb-abc9-40a1bfaaed80.png'),
('room_s0141', 'room (2).png', 'd8a74e44-ede7-4c61-9f4a-209af1729427.png'),
('room_s0142', 'room (5).png', 'be030061-8ea5-4921-b5c3-950e20a2fcb0.png'),
('room_s0143', 'room (4).png', 'c0987d04-45d2-40d4-868e-711ece08d21b.png'),
('room_s0144', 'room (4).png', '80850284-d210-40dd-82b5-aecd4d0b6b7f.png'),
('room_s0145', 'room (2).png', 'baa22095-0389-45a2-979e-dd258c87697c.png'),
('room_s0146', 'room (4).png', '239eb8c2-a4ec-4c05-ac8e-561099d4fb4c.png'),
('room_s0147', 'room (5).png', '5a8f6ea6-13d1-45ef-9bdd-814e95e4a60f.png'),
('room_s0148', 'room (1).png', 'ad6318c9-36c8-485d-9232-01762197d2fd.png'),
('room_s0149', 'room (7).png', 'b82dc935-b205-4ea3-b5be-9e9755aa3039.png'),
('room_s0150', 'room (8).png', '2fc8d45a-1d78-4d31-abd3-fe833bda85c1.png'),
('room_s0151', 'room (4).png', '9ba1db1a-876f-48dd-9274-1c51738807b7.png'),
('room_s0152', 'room (3).png', 'b3860d05-b9a8-45f1-b11d-f5d01a8f1266.png'),
('room_s0153', 'room (2).png', '15c1ea37-5ba7-451c-a4cc-41968af15f48.png'),
('room_s0154', 'room (8).png', '64fdbae2-4dcf-4039-8920-ba02e0a5cc26.png'),
('room_s0155', 'room (1).png', '5c6eb52d-57fd-44ee-a645-4b11318c66c0.png'),
('room_s0156', 'room (6).png', 'bec1f18d-af6e-4503-8837-a9d155655bc5.png'),
('room_s0157', 'room (2).png', 'c5439ce7-29e7-45eb-9f99-3932347869bd.png'),
('room_s0158', 'room (6).png', '01ebff28-96a1-48f2-a1b4-1ae7fa029de2.png'),
('room_s0159', 'room (4).png', '04b74f8c-d5fb-47a5-ba93-6c783aeeffbb.png'),
('room_s0160', 'room (4).png', 'dd29672a-c60e-4f59-830d-7b7ec2a4779f.png'),
('room_s0161', 'room (6).png', '7e467aab-6141-4cf2-b6d2-3544bdc9b77b.png'),
('room_s0162', 'room (7).png', 'bc061f88-82d7-4293-9e64-9cb066c789d6.png'),
('room_s0163', 'room (6).png', '68817d5c-aebb-48c5-842d-cb58134ee354.png'),
('room_s0164', 'room (8).png', 'cd1a326e-b356-419f-9912-9f6a2c57e127.png'),
('room_s0165', 'room (7).png', '66dc27e9-0b67-4ea1-8e2f-fd09dcb9c78e.png'),
('room_s0166', 'room (8).png', 'c7736e12-b977-4a40-b4a7-556e6d3af0cf.png'),
('room_s0167', 'room (5).png', '04171305-438e-43a4-9f75-fb5c242ec8b7.png'),
('room_s0168', 'room (5).png', '7c59b970-61e2-4d07-99ec-26fb30348365.png'),
('room_s0169', 'room (2).png', '2d5a514d-5659-4ac3-9812-b0e43339cae3.png'),
('room_s0170', 'room (5).png', 'f5079784-0288-4339-8b11-af1227f3da60.png'),
('room_s0171', 'room (8).png', '731156b4-57f5-4ef0-9bcc-fb25ccd1c9a7.png'),
('room_s0172', 'room (7).png', 'e13bc555-425a-4666-9d3f-1dcc22db94f2.png'),
('room_s0173', 'room (2).png', '19f721d0-41a5-4d84-9201-55d53fd92fff.png'),
('room_s0174', 'room (1).png', '67449e5f-b659-40ed-87db-372bb61596ed.png'),
('room_s0175', 'room (6).png', 'fe98ce4b-1fc5-45fd-9167-afe86450f0ac.png'),
('room_s0176', 'room (2).png', '5389aae8-eacd-4cd6-9eba-5152888b0317.png'),
('room_s0177', 'room (6).png', 'e720162a-41a2-43ca-82d2-5133e5db47de.png'),
('room_s0178', 'room (4).png', '489fbe10-9988-4b46-8b8b-423f42c3a2c8.png'),
('room_s0179', 'room (5).png', '5ba83028-2056-4712-acb2-551a503a974b.png'),
('room_s0180', 'room (8).png', '3f652b6e-4614-445f-a775-932cc5e4a40a.png'),
('room_s0181', 'room (6).png', '9f7b6153-0db7-4bd7-93d0-237f5ec1b8df.png'),
('room_s0182', 'room (3).png', '2277c8bb-ecf7-4b63-89c8-dbf5c4d1d05e.png'),
('room_s0183', 'room (6).png', '6bda3701-2b90-4450-b340-cdb6056ed1c8.png'),
('room_s0184', 'room (2).png', 'ae6fbde0-1d0e-4083-be91-7b5ddd69a05e.png'),
('room_s0185', 'room (7).png', '535ba07e-18a6-4ca2-8960-d8a5d7c543c7.png'),
('room_s0186', 'room (1).png', '5f685b48-46ef-4e54-b82d-f316105f9d10.png'),
('room_s0187', 'room (4).png', 'ad1fd1fe-549d-44c1-b737-19ca66be14e5.png'),
('room_s0188', 'room (8).png', '3de09ce0-59bf-414b-828b-e014205cc855.png'),
('room_s0189', 'room (4).png', 'fc391917-bf4b-428b-9d93-56305ada6246.png'),
('room_s0190', 'room (1).png', '24146435-f043-4860-a2c6-7f495b2be227.png'),
('room_s0191', 'room (5).png', '5862fe5b-1890-440e-9961-0d57e1a504cc.png'),
('room_s0192', 'room (2).png', '394b84d2-a1e9-4e68-820b-b5314ae48992.png'),
('room_s0193', 'room (2).png', '8db4f4f2-5f78-4c6c-82d1-b3b0d358b365.png'),
('room_s0194', 'room (2).png', '239ee50c-9c5d-4d12-9c07-81cfef798b17.png'),
('room_s0195', 'room (3).png', '18d219d8-d966-45f0-99de-b590fa631573.png'),
('room_s0196', 'room (6).png', 'cc5c244c-818f-4726-9436-70f4a774871c.png'),
('room_s0197', 'room (7).png', '80c4b255-d357-4336-b950-c8e7922c1182.png'),
('room_s0198', 'room (3).png', '69a91d52-9309-4d28-86d6-affdef361117.png'),
('room_s0199', 'room (4).png', '7b92eb51-a886-4f15-b3ea-8e516a044b7f.png'),
('room_s0200', 'room (4).png', '544ba9cf-e130-4102-ac7f-434483532fda.png'),
('room_s0201', 'room (7).png', '115f6974-01da-4fd3-9e16-72b4338f94c1.png'),
('room_s0202', 'room (7).png', '075a81f2-794f-4a4f-b202-c31db3f14858.png'),
('room_s0203', 'room (1).png', '47d46616-b357-4529-8d2a-c49e0f5f0f81.png'),
('room_s0204', 'room (8).png', '88bc8be3-ad2f-46b6-9117-1fc62a7ab8f5.png'),
('room_s0205', 'room (1).png', '5e94296f-db7f-4342-a2ef-a94a47d7a2b1.png'),
('room_s0206', 'room (3).png', '6870bf71-70a9-4c91-b3f2-28cf115b3ed9.png'),
('room_s0207', 'room (7).png', '7a0a6438-e90e-4d67-a354-0295ca889a2e.png'),
('room_s0208', 'room (4).png', '53201a72-8532-4db9-ac74-b083b96c9c5d.png'),
('room_s0209', 'room (4).png', '1a9b72d0-09c1-41b4-bfc4-a054dc792146.png'),
('room_s0210', 'room (6).png', '85dee431-8b16-486b-9412-fc3d612a724c.png'),
('room_s0211', 'room (2).png', '42f643de-bab1-4085-9488-8051808b28f7.png'),
('room_s0212', 'room (1).png', 'f590b19c-c724-4499-921d-dd660a930c5e.png'),
('room_s0213', 'room (5).png', '9140fda3-5883-41cb-a31f-23216167e53f.png'),
('room_s0214', 'room (2).png', '1cecd8ae-c43f-455a-b73e-88604fee42c8.png'),
('room_s0215', 'room (4).png', '4846193d-d978-4770-9e6b-1071645b6f74.png'),
('room_s0216', 'room (3).png', 'c530d263-3b51-418c-ac27-47b1f70c1a97.png'),
('room_s0217', 'room (3).png', '9ac068e5-f8b3-48e0-b480-b4248fbfe400.png'),
('room_s0218', 'room (2).png', 'dc345367-9474-45c6-9672-a9bdec80df7e.png'),
('room_s0219', 'room (2).png', '4a5e8c78-cfd2-493f-bb0e-1e732d0b10b0.png'),
('room_s0220', 'room (2).png', 'a6f42892-55e7-4958-8916-e73e8d13a66f.png'),
('room_s0221', 'room (7).png', 'b81a82ca-a670-482c-a0ef-c7faebb72d45.png'),
('room_s0222', 'room (7).png', '7212a8ce-b61d-4685-bb06-c09577e14d1b.png'),
('room_s0223', 'room (8).png', '9a0aeace-cf6c-44b1-845e-ad65c0422c64.png'),
('room_s0224', 'room (4).png', '850bb391-6f28-4484-a0ae-237f24c889da.png'),
('room_s0225', 'room (7).png', 'e090eb54-a646-482f-9015-63841368f6bb.png'),
('room_s0226', 'room (1).png', 'bc61bddf-167c-4717-bb63-6a1dd06afca7.png'),
('room_s0227', 'room (4).png', 'db97c50a-ecb5-429d-bc9b-50bf343fe51c.png'),
('room_s0228', 'room (4).png', '7212fb81-348a-479a-82ef-d46098bd3358.png'),
('room_s0229', 'room (4).png', '0add45e2-35f3-467f-a36b-c6f434aa1709.png'),
('room_s0230', 'room (2).png', '1ff044da-0957-4c68-9655-3dd744c4b391.png'),
('room_s0231', 'room (6).png', '549feb5b-1354-4dd3-81e2-7b156622f6f0.png'),
('room_s0232', 'room (5).png', '243521d1-7b99-4b19-8226-ba64bb4c7357.png'),
('room_s0233', 'room (5).png', 'f01566da-f556-4498-864a-b44542b4c99d.png'),
('room_s0234', 'room (1).png', '6ac5293b-8ff3-43ef-b99b-fc73baebb6e5.png'),
('room_s0235', 'room (7).png', '4582e735-4c39-4c86-9fa5-d1fa73fc7f15.png'),
('room_s0236', 'room (2).png', '92e2854d-5872-488b-b50d-301ddebc545c.png'),
('room_s0237', 'room (6).png', '06619eb2-fda1-472f-9f08-33f8b7cbbe24.png'),
('room_s0238', 'room (3).png', '30970936-855a-41f1-87af-41a361389596.png'),
('room_s0239', 'room (7).png', 'b0b6a140-3ee0-4a05-bbb9-889b83752847.png'),
('room_s0240', 'room (6).png', '0b2c5832-0003-4a2f-bbb2-92dc18fee57f.png'),
('room_s0241', 'room (2).png', '008bc57b-0a0c-41f8-adcc-8d97ab03ee46.png'),
('room_s0242', 'room (1).png', 'c0ea1f13-768d-4288-8dca-7af536e95c96.png'),
('room_s0243', 'room (6).png', 'ceefb729-b1b8-4e86-bd47-20b42110364f.png'),
('room_s0244', 'room (8).png', 'ede2c374-c74a-40bb-972c-6d9fe3d7ce1e.png'),
('room_s0245', 'room (1).png', '9a82a05e-ffb0-4360-b0d5-fec0f5998a1c.png'),
('room_s0246', 'room (5).png', '1f61aa73-80b8-48ef-a8d7-f8ad03c85fc4.png'),
('room_s0247', 'room (2).png', 'b41a2413-88be-49fc-a9cc-8fbc04000d04.png'),
('room_s0248', 'room (6).png', '1a678d1f-30b0-4d0f-9fda-54335784a532.png'),
('room_s0249', 'room (8).png', 'b9248db5-3319-4d6f-858a-e9318ff2047c.png'),
('room_s0250', 'room (1).png', 'bdea8991-63c3-4fe7-9dcc-ece28daf24ec.png'),
('room_s0251', 'room (5).png', '2b9e3019-9568-4f80-adf0-cb72d063c507.png'),
('room_s0252', 'room (5).png', '9a436a38-2f3e-43c5-88ba-f3f61729d6a6.png'),
('room_s0253', 'room (3).png', '3bcd3fb6-4a06-4277-9b79-9f61920bd335.png'),
('room_s0254', 'room (4).png', 'e00eab09-d8b1-4cca-b308-bac66df524c7.png'),
('room_s0255', 'room (6).png', '9f6e8348-3ff1-4028-a946-b01333649635.png'),
('room_s0256', 'room (3).png', 'e07496c3-d820-49ba-9bb6-b29ad68e137f.png'),
('room_s0257', 'room (7).png', '9de42519-5ba7-476f-acae-9266b6c6ba08.png'),
('room_s0258', 'room (1).png', '1c088e77-516c-4260-ab40-09d89f67703e.png'),
('room_s0259', 'room (4).png', 'ac1c83d0-e44a-442c-bd51-57e07fd1b510.png'),
('room_s0260', 'room (3).png', 'd2c2eefd-1c7e-4129-9193-be07ca8853ef.png'),
('room_s0261', 'room (1).png', '968492c8-f2cb-47e4-80e1-e63a3ba3d9fb.png'),
('room_s0262', 'room (8).png', '4633e3d3-8fcd-41c7-a6b9-540d5abc673b.png'),
('room_s0263', 'room (5).png', 'db38e38b-379e-4745-8b8f-3cf525da413f.png'),
('room_s0264', 'room (2).png', '20afc1e6-7345-4e51-87ac-bdeec73df13f.png'),
('room_s0265', 'room (2).png', '7123a2c2-0eaa-4148-9324-4759d966b09b.png'),
('room_s0266', 'room (2).png', '9e14bed4-dd48-4fd2-871d-1b1475e01575.png'),
('room_s0267', 'room (3).png', '21b7b205-2d65-41c6-9847-50f798e57842.png'),
('room_s0268', 'room (3).png', '7ebd602b-c78a-4185-adad-a0e171d64207.png'),
('room_s0269', 'room (2).png', 'edce90db-b5c8-463a-82ca-6a292afb1320.png'),
('room_s0270', 'room (5).png', 'fb335589-f085-4f58-9432-d6b78a119e0a.png'),
('room_s0271', 'room (1).png', '812d5159-66d4-47c4-b9a2-35b88a715709.png'),
('room_s0272', 'room (1).png', '5737bef4-73b1-442c-bdf1-92a583c8f339.png'),
('room_s0273', 'room (2).png', 'f5aa0301-283f-4d57-a7a1-cb3871c51f4c.png'),
('room_s0274', 'room (6).png', '08fae4fe-dabe-49b9-a167-a5fd08858369.png'),
('room_s0275', 'room (4).png', 'f0c915d4-22c8-4d4c-a61d-e4b33280b391.png'),
('room_s0276', 'room (6).png', '98bf3ff8-ee69-4d30-a531-e9914ddab2ff.png'),
('room_s0277', 'room (3).png', '21cceb21-c2ab-4ae0-bc05-36deadb94ff5.png'),
('room_s0278', 'room (6).png', '9c2eaabc-9021-4cc7-8a79-e8f973f690a4.png'),
('room_s0279', 'room (5).png', '688c5d21-bd18-4132-8377-31b9cf5ba259.png'),
('room_s0280', 'room (1).png', '03fcf6e9-4fc1-49ec-bfdf-eedc23e02567.png'),
('room_s0281', 'room (2).png', 'f42c1363-df4d-49eb-a4e2-fb5e66e72137.png'),
('room_s0282', 'room (7).png', 'ef783f7a-b514-46c8-9175-6362ca9a8192.png'),
('room_s0283', 'room (3).png', '3f3b74ad-9351-4797-86f4-869bcbb292d7.png'),
('room_s0284', 'room (2).png', 'a4adb1be-61e9-43ca-b10a-8525bd58286e.png'),
('room_s0285', 'room (2).png', 'd9fc9dcf-c62d-4644-bac8-7c0ac34160d8.png'),
('room_s0286', 'room (3).png', '353f8e86-76b4-4fef-a6b9-935274a95b82.png'),
('room_s0287', 'room (1).png', '8d862075-9fdf-4bbb-aa3c-d0bc9717835a.png'),
('room_s0288', 'room (6).png', 'e02e13d6-382f-4260-996f-d9532c3f20c2.png'),
('room_s0289', 'room (3).png', 'a621c3f3-2a9c-4508-91db-d499e02638a3.png'),
('room_s0290', 'room (4).png', '1512525e-4e37-4c3e-8594-6b6a370a8391.png'),
('room_s0291', 'room (7).png', '577c5412-5934-4df9-9158-5397b049cefe.png'),
('room_s0292', 'room (8).png', 'cd3be3f6-8606-4ac9-bc97-9090092e99a4.png'),
('room_s0293', 'room (1).png', 'e927926a-3740-4b1b-9ab8-b9658d2d026c.png'),
('room_s0294', 'room (4).png', '9646994f-0486-4037-b4ba-19d2cb665bc2.png'),
('room_s0295', 'room (5).png', 'aeeb9cd3-d150-41cf-8855-0d717568c26c.png'),
('room_s0296', 'room (2).png', 'efa26949-7140-480f-a8b6-f3ebb41ef849.png'),
('room_s0297', 'room (1).png', 'd2f4f65b-4991-40e0-a959-c33767d1119f.png'),
('room_s0298', 'room (8).png', '54bd40cf-9215-43c5-8e37-53e2124c0dc3.png'),
('room_s0299', 'room (6).png', 'c2e8c2c1-ec81-4760-8d80-a4be6f6fcf62.png'),
('room_s0300', 'room (6).png', '7e964a85-29b9-4a82-9a73-360b42538e74.png');
-- 8-1. 추가 건물/방 사진 (기존 데이터 유지 + UUID 사진 추가, 총 1~10장 랜덤)
-- 8-1-1. 건물 추가 사진
INSERT INTO `tb_houses_images` (`house_no`, `house_original_image_name`, `house_stored_image_name`)
VALUES
('house1', 'house (5).png', '4984f35e-f2d1-47ce-b6ed-b1f94968a0a4.png'),
('house2', 'house (6).png', '6cbdcfeb-28e7-4bec-b5da-97f803fee10f.png'),
('house3', 'house (6).png', 'd70d97ec-57d5-420a-8d53-bf99ca1ad302.png'),
('house3', 'house (1).png', '1c5ec484-1aa0-4aa3-a64e-6f271d80a357.png'),
('house3', 'house (3).png', '6dce3d19-5134-4267-897c-7636f2b678c5.png'),
('house4', 'house (5).png', 'd28e0ebe-7e6a-4907-9a5b-039a48429101.png'),
('house4', 'house (5).png', '1c1ac2bf-696e-4b24-ab07-ec8404391872.png'),
('house5', 'house (5).png', 'ec9c3389-fdee-46d4-ad43-07ac2fd3b169.png'),
('house5', 'house (4).png', 'eb914564-fac6-4a4b-80b8-bf7de294dd39.png'),
('house5', 'house (6).png', '101a6a96-2235-4c65-852b-1c6c06d482bb.png'),
('house5', 'house (3).png', 'f8419d4b-d413-430c-9154-f3eba0e59875.png'),
('house6', 'house (2).png', '6d191bcf-deae-4e88-96a1-b7e5327e371c.png'),
('house6', 'house (3).png', '1befef15-e240-4d42-8169-0bece6e9d600.png'),
('house6', 'house (2).png', '160f491d-27eb-4dc1-b584-f84098fefa68.png'),
('house6', 'house (1).png', 'ff64ae6d-fde1-4c84-807c-7ddf7394e5e4.png'),
('house6', 'house (1).png', '37e7dca1-f1b5-4c3d-89e2-0a396ea6060f.png'),
('house6', 'house (5).png', 'e88af153-ff53-4dc9-a218-1ef772e194fc.png'),
('house6', 'house (2).png', 'a583c966-bebd-4cf7-b58f-f17374711563.png'),
('house7', 'house (4).png', '63cd6a59-e62a-4735-b128-e1ce49687e79.png'),
('house8', 'house (6).png', '36aac858-f453-4078-8427-9813afa40b4e.png'),
('house8', 'house (5).png', '0ea894fe-405e-49f3-be0b-eac772a1062f.png'),
('house8', 'house (5).png', '9c2dc89d-a790-4a9c-9b98-7eef61dbf906.png'),
('house9', 'house (1).png', '99025ef3-953b-448d-8fd4-66f6cccd518a.png'),
('house10', 'house (4).png', '5839e8c7-65ee-46bb-887b-a7b9c0281b9b.png'),
('house_s001', 'house (6).png', 'c60006d7-077e-45f8-8329-05e41bd19aaa.png'),
('house_s001', 'house (4).png', '69657819-094f-490f-9e2a-e2cdd227288c.png'),
('house_s001', 'house (2).png', '2d623338-f00f-4eb4-a716-0065266e09a2.png'),
('house_s001', 'house (3).png', '6cceba53-06f3-405f-b762-19d566fdd314.png'),
('house_s001', 'house (2).png', '56010dc3-648e-4dd9-b1fa-7884cc680e8a.png'),
('house_s001', 'house (4).png', '52ebbabf-cdbf-484f-aabf-adb4778ef4ad.png'),
('house_s003', 'house (5).png', 'ffe4d467-0fd2-4abc-b023-eec4884f3a3f.png'),
('house_s003', 'house (1).png', '01bc8355-3305-4b91-9a90-0fdc954784b1.png'),
('house_s004', 'house (6).png', '73c5a38f-65f1-4d52-a57c-2db360f682ad.png'),
('house_s005', 'house (2).png', '7b61a86b-b021-42a0-9941-64394c95fab0.png'),
('house_s005', 'house (2).png', 'deec1b17-43ed-4f93-b0ea-c6d62193d94f.png'),
('house_s005', 'house (2).png', 'd0801e63-2ec9-459d-a5a0-94a1c0f0878b.png'),
('house_s005', 'house (6).png', '926e9378-11f1-4327-b075-62528ecd5d08.png'),
('house_s005', 'house (3).png', 'd9b6a93c-3b66-475f-82f8-c1ccd24fe942.png'),
('house_s007', 'house (4).png', '8c7faaad-e911-4e9e-a7ed-d12878978c8a.png'),
('house_s007', 'house (6).png', 'e6ebdc56-899b-4953-b307-4e4368c8e7bd.png'),
('house_s008', 'house (1).png', '27544e96-268f-4416-a6ec-f7182fd34599.png'),
('house_s009', 'house (6).png', 'be21cf01-22ad-4d12-827e-f49803be94af.png'),
('house_s009', 'house (5).png', '6e03cd30-febc-41c0-a9dd-104d18c94c7e.png'),
('house_s009', 'house (3).png', '0be438af-3c80-4f23-83f5-906c74ef628f.png'),
('house_s009', 'house (1).png', 'c19f3d5f-1b16-4e5f-be56-e79a0b7c0dc0.png'),
('house_s009', 'house (3).png', '7c764dcd-9e54-4ca5-8973-182672d14fde.png'),
('house_s010', 'house (3).png', '735e4c96-8875-40a4-bcbc-890c744c18f9.png'),
('house_s012', 'house (1).png', '19c4b1e1-11a9-4100-97ba-7ec82f7b3ad2.png'),
('house_s013', 'house (6).png', 'd12458eb-d37c-478a-a7d6-74c926d934f1.png'),
('house_s013', 'house (4).png', 'a0984c9f-1fe1-4470-99a7-617f950cd280.png'),
('house_s013', 'house (2).png', '0524689c-b152-4f1b-ad1e-34458f035156.png'),
('house_s013', 'house (5).png', '339354f1-91c8-4c4d-9d25-e40681faaa0b.png'),
('house_s013', 'house (1).png', 'c6db15d9-eb10-4cd8-8e39-0750ee20e178.png'),
('house_s013', 'house (6).png', 'b33f6a67-fc2e-4165-8018-78b4f2993fb4.png'),
('house_s015', 'house (5).png', '24080867-5ad0-40d4-bddc-22b296e77d64.png'),
('house_s015', 'house (1).png', 'da651fbd-b7ca-4ad2-b6eb-c64d007a82cf.png'),
('house_s015', 'house (1).png', 'f9ec6d71-3688-4bb9-b651-e06d3cc515cf.png'),
('house_s015', 'house (6).png', 'd3195fb5-25f6-4f6e-bd16-672064643402.png'),
('house_s015', 'house (6).png', '9b86db89-1d50-4dd3-8eba-e659d83a8d63.png'),
('house_s015', 'house (4).png', '241e364b-f2da-4a72-9b7f-0e1f035433ee.png'),
('house_s015', 'house (6).png', '3ab82512-b5f5-4023-abfc-0510dbea77dd.png'),
('house_s015', 'house (2).png', 'e0461305-d07d-4396-923a-e616790ed056.png'),
('house_s016', 'house (3).png', '35814673-2611-4742-a0cd-a34501da72fd.png'),
('house_s016', 'house (2).png', '7ec379c6-07fa-4777-aef2-74f042607453.png'),
('house_s016', 'house (5).png', '675fd5d0-e769-4189-8df3-efea9e00ab8d.png'),
('house_s016', 'house (6).png', 'e6b5db35-cac4-425f-a097-8f31933e2901.png'),
('house_s016', 'house (6).png', '20e1929c-7127-481c-9a5a-538b7e4ac390.png'),
('house_s016', 'house (6).png', '755ea77b-1349-4789-8d98-9b32588e0fd3.png'),
('house_s016', 'house (3).png', '2f1a5da5-1f23-49cc-af1e-cce0d2bcbbcc.png'),
('house_s017', 'house (6).png', '0353ead8-42f9-4ab6-9fba-451aca7d2a13.png'),
('house_s017', 'house (5).png', '4c1c4634-7a88-4219-85fb-9bd6502a38f6.png'),
('house_s017', 'house (4).png', 'cb9d1b5a-7994-4611-b719-bdb3ed7abc87.png'),
('house_s017', 'house (2).png', '55a8f4f3-9885-4742-b3c0-6713f64477e5.png'),
('house_s017', 'house (5).png', '58e4249f-a2f4-416a-ba20-090b59213f74.png'),
('house_s017', 'house (6).png', 'e99376cc-4653-4d05-9177-a98da7711915.png'),
('house_s018', 'house (6).png', '04e718f1-4b4d-458c-9d3f-7579cbb72390.png'),
('house_s018', 'house (3).png', '08636082-c2e8-4de2-810e-9cd8098c5dbf.png'),
('house_s018', 'house (6).png', '89424517-6ca5-4a34-9080-91ac8cd01d5f.png'),
('house_s019', 'house (3).png', '6e3d4d77-3f3a-45d9-b8e8-9b5348006899.png'),
('house_s019', 'house (6).png', 'b77ddd29-650b-4c00-88fc-8d8c856c89f2.png'),
('house_s020', 'house (2).png', 'e11a7b60-f53d-4a14-b237-10701c9a68da.png'),
('house_s020', 'house (6).png', '51194fbc-0abf-4410-b9c3-897bc48810ff.png'),
('house_s021', 'house (2).png', '7e21d22f-e6c6-4e24-a23e-2a3018b3a259.png'),
('house_s021', 'house (5).png', '8fc97305-590d-471f-9374-e6c0faac6697.png'),
('house_s021', 'house (3).png', 'cd159c8f-95fe-45f7-b701-9cf604035406.png'),
('house_s021', 'house (6).png', 'b2f9bb82-9831-45a5-a4ee-13d14e5170ab.png'),
('house_s021', 'house (2).png', 'e3a21b39-c363-4710-95bc-27dadc89a10c.png'),
('house_s021', 'house (3).png', '009e03e5-349a-4f94-bede-2a6276e2a182.png'),
('house_s022', 'house (2).png', '124f2b48-c055-4792-8f47-bb48e278c2b1.png'),
('house_s022', 'house (6).png', 'c0818220-2fd5-406e-b085-d5de8f7fca20.png'),
('house_s023', 'house (6).png', '3c47cfa5-6a85-42d5-8435-3c9e8255f5b9.png'),
('house_s023', 'house (3).png', '55e47226-f6fa-4081-ac19-ae951e98ae6b.png'),
('house_s024', 'house (3).png', '962db97f-6739-432f-822e-707bdd706f26.png'),
('house_s024', 'house (1).png', '04df17a8-b443-45be-9878-45a20458275e.png'),
('house_s024', 'house (6).png', '6265218e-a1f5-41eb-9bf3-9a28c054e746.png'),
('house_s024', 'house (2).png', 'a60ebcc2-7ad1-4f2f-b1bc-0c074837352f.png'),
('house_s024', 'house (6).png', '5f8f56c0-a6a5-4a95-a12b-810cad5686c1.png'),
('house_s025', 'house (3).png', '64207fbf-00fc-486b-8433-2338b0ab84ea.png'),
('house_s025', 'house (2).png', 'bc450b5e-1d8b-4ba0-a518-ad31a0a6d105.png'),
('house_s025', 'house (4).png', '3e520b1f-6f60-4581-b141-e511a402b1df.png'),
('house_s026', 'house (5).png', '87241a91-d4fe-42ed-904e-d071928205cc.png'),
('house_s026', 'house (4).png', '3a1a609a-92e2-4af2-847a-b0057fef5ee1.png'),
('house_s026', 'house (2).png', 'be59e6fd-00b6-4024-9dec-3b0312640b67.png'),
('house_s026', 'house (2).png', 'cad83746-0f5d-463d-8ccf-a6c82b5ac38c.png'),
('house_s026', 'house (6).png', 'f2247fa9-c65a-4aa1-bb58-9d19f4b4e36c.png'),
('house_s026', 'house (3).png', 'ab1fcf24-5640-4f3a-9108-a911d35a3dac.png'),
('house_s026', 'house (4).png', 'd012efcd-9066-4bb2-87db-f40104e303c0.png'),
('house_s027', 'house (4).png', 'e894771f-8dc1-4467-9983-fa7f926757b8.png'),
('house_s027', 'house (5).png', 'adaec0dc-abf7-4fe4-950d-cbc46db18a23.png'),
('house_s028', 'house (5).png', '537aef10-8a8f-472f-9cd9-9c99ef681da7.png'),
('house_s028', 'house (3).png', '7b6e9ae3-4b27-453e-81b0-282e55418ba5.png'),
('house_s028', 'house (5).png', '6f483fe6-2b2c-41d7-9c5e-179437314348.png'),
('house_s028', 'house (5).png', 'a911b29a-f0d3-4cc4-857e-21ef01c184b7.png'),
('house_s028', 'house (4).png', 'a29d5fbb-7dbf-45d0-b1b3-084ec98ff033.png'),
('house_s028', 'house (2).png', '746e3bc8-6e90-4cfc-a730-a039f3091287.png'),
('house_s030', 'house (4).png', '9810c991-c417-4104-b945-21472e9c83f1.png');

-- 8-1-2. 방 추가 사진
INSERT INTO `tb_rooms_images` (`room_no`, `room_original_image_name`, `room_stored_image_name`)
VALUES
('room1', 'room (3).png', '86e3d01f-d4b7-46d6-aa10-6aae5ea5316f.png'),
('room1', 'room (4).png', 'bcc59c6b-27ba-4a90-805f-7fbfb4877f2a.png'),
('room1', 'room (1).png', '82dd5059-212b-4f26-9270-053e48e0bda4.png'),
('room1', 'room (1).png', '5bdf5478-571b-4963-8987-a4c45460f58f.png'),
('room1', 'room (2).png', 'eb784113-6dba-483a-beb1-4da33d4a26d0.png'),
('room1', 'room (3).png', '463079c3-d4e5-40e5-a2fe-5d8ebfa76dc2.png'),
('room1', 'room (1).png', '337e303a-b057-4e50-b4ba-c61ff38c3b4b.png'),
('room1', 'room (7).png', '08c6d9c9-9a0a-4d78-83f1-958860974b3c.png'),
('room2', 'room (7).png', '55614bab-61af-4d69-8565-2adb1f3f6217.png'),
('room2', 'room (4).png', '7fcabc19-0cf2-483d-ba87-5521874aa9de.png'),
('room3', 'room (1).png', 'c9f473ca-13d8-47ea-b0fc-7fe1d907fbb0.png'),
('room4', 'room (5).png', 'f10a9cb8-87e9-489b-afb8-d638c9833667.png'),
('room4', 'room (6).png', 'e3bbdb41-82b3-411c-a1d8-a50a21563c65.png'),
('room4', 'room (7).png', 'afd57f1c-e376-433f-a03e-3a6c0e892613.png'),
('room4', 'room (4).png', '0cf9e8bd-154c-4f48-a0bd-b1d8a35fa0e8.png'),
('room4', 'room (5).png', '561cbd50-2d1d-4447-9d7c-4bb5256c6b1e.png'),
('room4', 'room (3).png', '90ec4094-1597-4c3a-bccc-efaeb2572da2.png'),
('room5', 'room (7).png', '71e03817-1f6f-4623-a87f-755160384437.png'),
('room6', 'room (1).png', 'd7481806-9df1-4c1a-8d91-dc10c4735cbd.png'),
('room6', 'room (6).png', 'a7e6d8ea-4287-4058-b002-75bfa6d7bca7.png'),
('room6', 'room (4).png', 'c8faee20-3097-422b-a39e-9e121e5a6d32.png'),
('room7', 'room (8).png', '1490fa7c-cc0c-446e-85c6-1db826bff88a.png'),
('room8', 'room (8).png', 'd339fe6f-40e8-4121-93f4-79ae99c8058f.png'),
('room8', 'room (5).png', 'f4f6fafe-b5cf-4671-91e5-fc4770b3553b.png'),
('room8', 'room (1).png', '6b34c8ca-e43e-4bab-b632-48d630c6ffee.png'),
('room8', 'room (8).png', '8b085779-e5ad-4699-9540-f2c6332b7342.png'),
('room8', 'room (8).png', 'e7988e77-3ce5-4273-83d8-9d84a7ec560f.png'),
('room8', 'room (6).png', 'ff731d86-590d-4734-a970-c620661ed43d.png'),
('room8', 'room (2).png', '552ca85c-86e1-4565-89a1-5b9e071338c9.png'),
('room8', 'room (3).png', '7ade5379-5af3-46dd-b2ae-cec5ec619d7b.png'),
('room9', 'room (2).png', '5fcaf2dd-1422-44ad-b749-8362f5520957.png'),
('room9', 'room (5).png', '09d8c070-cd39-4a28-be68-d1b5b1079a53.png'),
('room9', 'room (1).png', 'a4bb09b4-ea56-4179-8f59-3ebe871b3174.png'),
('room9', 'room (7).png', '5da9efe3-2ea6-4c5d-95ec-8515f59247a5.png'),
('room10', 'room (7).png', '400d6317-ea61-4ef6-b536-7a0347970ed1.png'),
('room10', 'room (4).png', 'a82534ca-3b43-4f99-94e1-e1c005738f84.png'),
('room10', 'room (3).png', 'ee5df625-1d6b-4ce5-b164-6f5210729025.png'),
('room10', 'room (1).png', '56e71b13-7df8-4c3f-9617-2580c227c103.png'),
('room10', 'room (1).png', 'beacd99f-221b-4690-a502-6b7bae887b93.png'),
('room10', 'room (6).png', 'f13e8c06-513f-4f48-a4b5-68e9f2b338f0.png'),
('room10', 'room (5).png', 'f3ffc100-ea73-4be2-94a2-e47b4f8c80f3.png'),
('room10', 'room (3).png', 'f200d53e-667e-4660-b66e-e18c8545f781.png'),
('room11', 'room (3).png', 'e3f7bd82-490b-4bbf-86c4-f049272b6bc4.png'),
('room11', 'room (7).png', 'df3eb18b-3f3b-4133-8589-bc11195f5aad.png'),
('room12', 'room (3).png', 'cf4f7696-6103-4e0a-84d6-8762faef9ae5.png'),
('room13', 'room (5).png', '00cc803b-b95a-401e-97fc-4bc3d9c327e7.png'),
('room13', 'room (1).png', 'f645ef30-e3cc-400e-8151-a7f0f97b44a4.png'),
('room14', 'room (2).png', 'f1a20968-586a-4bec-9da1-c797bfed44a2.png'),
('room14', 'room (5).png', 'bbf3b1d1-c976-4f51-8a1f-ffe24c393772.png'),
('room14', 'room (1).png', 'd0c54fcb-aca4-47f4-a63b-54e6981b79be.png'),
('room14', 'room (6).png', 'd04870b9-af58-4988-83e9-31cad1c9d2c6.png'),
('room14', 'room (6).png', '708d3342-81be-4d37-842f-004c34b0ba21.png'),
('room14', 'room (8).png', '45e26114-7288-44db-bf2f-ff151ca9fa48.png'),
('room14', 'room (4).png', 'c889ccc2-a429-4f59-9d0f-db892616c6a9.png'),
('room15', 'room (8).png', 'fc7d7d7d-c591-403e-90ec-86ec52b3e749.png'),
('room15', 'room (3).png', '5866f33f-9d3c-4054-8e76-d4e803b2b019.png'),
('room16', 'room (5).png', '0d65fe98-166b-43bc-bb03-b3eb3c7bbecc.png'),
('room16', 'room (4).png', '3253362f-03d4-4302-abab-de594f262db2.png'),
('room16', 'room (1).png', 'f8fc6435-335e-42dc-9c95-9827c3b4c4c3.png'),
('room17', 'room (1).png', '4939414b-3243-4b50-bb6c-c0989f8d6aad.png'),
('room17', 'room (5).png', '267baeee-8215-4d3f-b370-bfa9824aae9f.png'),
('room18', 'room (4).png', '99cdbdcc-fddc-48ae-a68a-7f9aa9a02b11.png'),
('room18', 'room (7).png', '6aa6adf7-057e-4014-b89d-7aa1f68ebdff.png'),
('room18', 'room (1).png', '4bd0d784-f63b-4e10-839a-73c53b8c1714.png'),
('room18', 'room (3).png', '960b40e5-5ebe-4401-92eb-7639546b1603.png'),
('room19', 'room (3).png', 'db1d216c-3263-4c76-8dfb-42439e0356db.png'),
('room19', 'room (3).png', 'b7b6e6c3-2747-4a92-a066-b6cc5d131913.png'),
('room20', 'room (4).png', '1706ba01-b164-46f9-a5f8-e2bd67aa21e6.png'),
('room20', 'room (7).png', 'c7e7c76c-8752-4f19-b36f-1b482c8623fd.png'),
('room20', 'room (8).png', 'caf45de0-5f59-4faf-89d7-da239b71089f.png'),
('room20', 'room (7).png', '5b912cab-5fa2-4630-a4ba-177a1c59d51c.png'),
('room21', 'room (3).png', 'dd634232-bfbc-46ac-87a3-1be287d168ca.png'),
('room21', 'room (8).png', '94032085-5ec1-47f7-9966-710b459a72c0.png'),
('room21', 'room (5).png', '00ab8556-684c-4004-a6da-72939a5e0267.png'),
('room21', 'room (7).png', '21bc5385-e544-4236-b2c6-34ad1af4c94c.png'),
('room21', 'room (5).png', '23d46d33-ab66-4de7-9aef-361dcab03c42.png'),
('room21', 'room (7).png', '6e798b29-daa3-4e9d-ade1-138e95b623e5.png'),
('room21', 'room (2).png', '164a9b3d-289c-4807-af48-13943aee5f45.png'),
('room22', 'room (8).png', 'af5b3e80-70b4-4dee-87d1-2007ad8395b9.png'),
('room22', 'room (7).png', '55ca0560-2cac-43d3-93a7-87ea499030d2.png'),
('room22', 'room (4).png', 'bf7b4f2a-c659-4c0a-8158-bd282722fd80.png'),
('room22', 'room (4).png', '7af269da-9e09-4361-a002-9816b1932532.png'),
('room22', 'room (4).png', '2ad247fd-2c5c-4604-8ff4-ca99584ea02c.png'),
('room23', 'room (7).png', '4e814558-4e74-4a98-9267-9fad350f5e18.png'),
('room23', 'room (7).png', '1e6aa536-c8bf-4204-a29b-e233e81ff9eb.png'),
('room24', 'room (6).png', 'ef535213-8cfd-42a1-bf8b-8a7e1b0a20be.png'),
('room24', 'room (5).png', '0aa97d05-81c0-4a8d-b19a-ba61edea526c.png'),
('room25', 'room (1).png', '56940e9f-debe-4fb2-a9a3-90542655d64f.png'),
('room25', 'room (3).png', '5d3592bb-b41e-4e60-a259-04edaefc4326.png'),
('room26', 'room (1).png', '8d48badc-488f-4473-a69a-6ef29db586d0.png'),
('room27', 'room (5).png', '0a7a50bf-a49b-45a6-9b38-c994e9a299b6.png'),
('room27', 'room (6).png', 'c81157e9-13b3-4989-b1da-e2bb013924f7.png'),
('room27', 'room (8).png', '9430927c-25e3-4d4c-b49c-e090a2f6e14d.png'),
('room27', 'room (8).png', '8ed9ec31-278c-4cff-94d9-fdfefdba0926.png'),
('room27', 'room (6).png', '31691976-7bba-4fdd-98ac-e172b3be2041.png'),
('room27', 'room (5).png', '3c5fc3b4-911e-4ebf-9b08-c3765f82e8c9.png'),
('room27', 'room (7).png', 'c8c0cbad-f1c9-4f2b-b5da-0cb83dfed89b.png'),
('room_s0001', 'room (4).png', '81fe8cfd-5c8d-404e-92c4-2f70cf41e4c0.png'),
('room_s0001', 'room (4).png', '5bc6df61-939a-486b-b68e-5bdabcfc5828.png'),
('room_s0001', 'room (6).png', 'fcc01e02-3fd7-4be5-b590-045293c631a9.png'),
('room_s0001', 'room (7).png', '6ffb86ab-4d0a-4b37-b5bc-b10431b6b0d3.png'),
('room_s0001', 'room (8).png', '05eea0d5-e59c-40b3-a6f4-92b3636315d9.png'),
('room_s0001', 'room (4).png', 'fd0dea02-9e58-402a-a39e-021df901d4c8.png'),
('room_s0003', 'room (5).png', '6bb1826f-0614-4d28-ae4e-2bd307acf337.png'),
('room_s0003', 'room (7).png', 'dfa957eb-de7c-4897-9fac-0a9007839778.png'),
('room_s0005', 'room (3).png', 'b119129c-83b7-490c-a939-96d52879558c.png'),
('room_s0007', 'room (6).png', 'dc7d3779-7f93-456e-9f34-b3d43500cef3.png'),
('room_s0009', 'room (8).png', '14c9bef3-9b89-4f60-8b7e-fe113e187359.png'),
('room_s0009', 'room (7).png', '19deb8db-2fcb-4602-9c72-25cf50998d57.png'),
('room_s0010', 'room (1).png', 'b268af58-45a5-4c46-b9a8-c383ca6175f5.png'),
('room_s0010', 'room (8).png', '51fa201d-9966-4fc3-891c-c0c347471e4a.png'),
('room_s0013', 'room (5).png', 'a00e1476-b41e-45ea-89a5-e50601d51700.png'),
('room_s0015', 'room (5).png', '62f76040-1906-43b3-81d1-41bd478fa289.png'),
('room_s0016', 'room (7).png', '2f028100-763d-4d89-be68-1da21a69c61a.png'),
('room_s0017', 'room (8).png', 'ce740f28-e66a-4d42-a029-1fce41e17a93.png'),
('room_s0017', 'room (2).png', '2b83e4be-c0d9-4df2-b613-992e52a6eedb.png'),
('room_s0018', 'room (2).png', '740a0a4f-a827-4aa2-90b8-51414a4b90c8.png'),
('room_s0019', 'room (2).png', '462871bb-0085-4bb9-94e3-4284f3a5aea4.png'),
('room_s0019', 'room (4).png', 'f0890bf4-e48f-4e4c-9b6a-8e1ab2ff6b04.png'),
('room_s0019', 'room (5).png', '6ec47b27-51b8-467c-bc7e-1760c245305d.png'),
('room_s0019', 'room (2).png', '734c80df-7fc1-4c0c-a5d4-2d81f1803fff.png'),
('room_s0019', 'room (2).png', '387fc3ef-c1c8-4cfd-8754-e574c04a9385.png'),
('room_s0019', 'room (6).png', 'a388fffe-170a-4daa-ac33-0c9739c6aeb2.png'),
('room_s0020', 'room (2).png', 'fa0318a0-4272-4970-aa54-221f96975993.png'),
('room_s0020', 'room (3).png', 'c6cd1327-04d5-4dba-a6ec-e092c19c99b2.png'),
('room_s0022', 'room (3).png', '2a4deb08-2342-49a2-9485-e8e8a5a81646.png'),
('room_s0022', 'room (2).png', '76d6d038-da5f-406f-9b2b-0b49491cdbb9.png'),
('room_s0022', 'room (8).png', '9c4c1988-a607-42bf-a169-486c53d7fb4c.png'),
('room_s0022', 'room (5).png', '20894ff7-f799-4ec9-8a7d-e3f5fa15c328.png'),
('room_s0023', 'room (5).png', '648367e5-a4e7-488d-9933-0ded9f145f9c.png'),
('room_s0024', 'room (5).png', '157f4370-ab32-4d03-9922-9e98dfa9802a.png'),
('room_s0024', 'room (7).png', '12c641d8-6c23-40b4-8d9c-70f59674ee54.png'),
('room_s0026', 'room (8).png', '5c3b886d-16c8-489c-885e-91e129733649.png'),
('room_s0029', 'room (6).png', '75883305-4378-4b8a-bb13-18e61ea4f6c1.png'),
('room_s0029', 'room (5).png', 'f9f98a6a-3156-4d5c-bc20-c69b645fb853.png'),
('room_s0029', 'room (1).png', '07a3e5a0-3157-43e4-bacd-a43e925d840f.png'),
('room_s0030', 'room (8).png', '1b681133-c6e6-4a36-8c47-8371bcbe9bd7.png'),
('room_s0030', 'room (3).png', '57d74d1b-767c-4cc0-bdd5-130d6de7f22f.png'),
('room_s0030', 'room (3).png', 'ad404902-4e67-4821-9637-2449bda9eda9.png'),
('room_s0030', 'room (3).png', '384a700d-ca96-4fe6-9437-96fce087e544.png'),
('room_s0030', 'room (8).png', '9046e382-2c66-47ab-b4bc-742a1c29938a.png'),
('room_s0030', 'room (5).png', 'ed27df60-09b2-458b-9777-d2a5343c59ad.png'),
('room_s0030', 'room (8).png', '50843890-73ee-4858-9563-c6fba73a855b.png'),
('room_s0031', 'room (6).png', 'a436791d-1fb1-4446-9fde-8e66bda25eb0.png'),
('room_s0031', 'room (4).png', '16219c76-76c6-42b1-90d8-179060fa5d64.png'),
('room_s0031', 'room (6).png', 'e8b8807e-e38f-4594-84d5-0c86497a6676.png'),
('room_s0031', 'room (2).png', 'fd5874ee-2a81-4753-86f5-945fdff906dc.png'),
('room_s0031', 'room (8).png', 'b311f9dc-c18b-44ef-b8b4-dafddb5aaf0d.png'),
('room_s0032', 'room (4).png', 'f5d77dca-4bde-441a-a966-bb2dbb031754.png'),
('room_s0032', 'room (4).png', 'ef59f803-e72f-469d-9b12-ed45890f1e7a.png'),
('room_s0032', 'room (4).png', 'e88f4d5c-7652-4937-ae5d-bb240c910f9a.png'),
('room_s0032', 'room (6).png', '97d886b1-877b-4a38-aeae-568957b02587.png'),
('room_s0032', 'room (1).png', '0bc2b6b1-b103-4791-a926-2fe3a3551c45.png'),
('room_s0032', 'room (7).png', '996295fa-5475-418b-8654-bf3ecd40da2a.png'),
('room_s0034', 'room (4).png', '033e47ff-2f39-4390-a7a9-f1eecdd6bccb.png'),
('room_s0034', 'room (2).png', '331f3c77-0b09-473a-9950-419c3c8dbad4.png'),
('room_s0034', 'room (2).png', '453b3a8e-e8b0-4a98-869a-c2228f4f7aec.png'),
('room_s0034', 'room (1).png', '0db3cc03-02e4-40e8-80b4-f8ec7970e58a.png'),
('room_s0034', 'room (7).png', '00934ebd-1c69-4ab9-be32-d56cab23a202.png'),
('room_s0034', 'room (5).png', '25e40295-eed7-4a3f-9f69-6caf3b6bdad4.png'),
('room_s0035', 'room (6).png', 'aae462e2-7e9d-48eb-8aa0-bb154b2e6a9e.png'),
('room_s0035', 'room (2).png', '26670edc-d11f-4923-9062-b7916c73afbf.png'),
('room_s0035', 'room (6).png', '51292ba7-d1f3-4488-acb5-334a3427c21e.png'),
('room_s0036', 'room (4).png', '6b04254c-51ab-474b-9acc-e89d816f5636.png'),
('room_s0036', 'room (6).png', 'cfc50a83-21f0-4dec-931c-5a6571faa0d2.png'),
('room_s0036', 'room (4).png', '716e851f-1dcd-4836-8b0d-e183b7105757.png'),
('room_s0037', 'room (1).png', '08a7dae2-c867-429e-bc31-4d20df258e17.png'),
('room_s0037', 'room (4).png', 'a1bdae6f-ca49-40cf-98fa-f382889494da.png'),
('room_s0037', 'room (4).png', '0642989b-bd5e-4a8c-8967-82fcc3b18f49.png'),
('room_s0037', 'room (8).png', '428c2a35-7cc3-4e83-97f5-8ebfd869b05d.png'),
('room_s0037', 'room (2).png', '3590ba9f-16a5-417d-91fb-d37893c4258f.png'),
('room_s0038', 'room (4).png', 'ecf2ad66-62d7-46ba-b64d-62599c57b620.png'),
('room_s0038', 'room (4).png', 'f5522002-06f5-4f21-8752-fedf367da408.png'),
('room_s0039', 'room (6).png', 'bc90c43f-9824-4393-9b4d-7398bcd63aab.png'),
('room_s0039', 'room (4).png', 'adf3fca5-c7b3-40e4-9e1e-0c5bf8fe7479.png'),
('room_s0039', 'room (2).png', '3a256ed0-54f4-4f26-8514-af07df006f15.png'),
('room_s0039', 'room (4).png', 'b06b5c7a-97db-408c-9de2-49122d581824.png'),
('room_s0041', 'room (5).png', 'f6fc5343-76a2-4b35-9902-114ae4cc7698.png'),
('room_s0041', 'room (8).png', '63a95d10-b691-44b4-af05-0314e1a4c0c8.png'),
('room_s0042', 'room (7).png', '3a7bb98f-43c6-4a69-954a-b89e1415da07.png'),
('room_s0043', 'room (2).png', '8d6c8e63-ace4-414e-af52-0afe6055c8ad.png'),
('room_s0044', 'room (1).png', '405c42e6-33c1-4682-829b-032decc593d0.png'),
('room_s0044', 'room (4).png', '4e4966f5-62c7-4632-bc61-de2781801377.png'),
('room_s0045', 'room (4).png', 'a25b12df-41d6-49b7-afde-56ceadd8b95a.png'),
('room_s0045', 'room (3).png', 'a391786d-e569-423f-ab3a-08d396d64113.png'),
('room_s0047', 'room (2).png', '23c3aff9-3865-40b8-a220-a2a198f3f86d.png'),
('room_s0047', 'room (4).png', 'd15dd3bb-fc77-4524-b0ed-3771d2d0cc1e.png'),
('room_s0050', 'room (4).png', '549ba185-66e0-44ef-bbf7-0ba1367916be.png'),
('room_s0050', 'room (4).png', '52a92588-557f-4380-a70b-30a0a2fb7f95.png'),
('room_s0050', 'room (7).png', 'e9839f44-e8a6-4c68-a68f-50e20584f579.png'),
('room_s0050', 'room (7).png', '89d80c11-87dc-4ed6-b0bc-3fe317eec43c.png'),
('room_s0050', 'room (5).png', 'cdcf038e-73a6-465d-887e-dca7fb5dfbfb.png'),
('room_s0050', 'room (1).png', '77b9ecf1-4708-48b4-9b50-490139592e43.png'),
('room_s0052', 'room (4).png', '7826f49a-9109-42c6-9a1d-110d9ad87ab2.png'),
('room_s0052', 'room (3).png', '54b8975a-3c04-486a-a4ed-44c2375c331a.png'),
('room_s0053', 'room (1).png', '50ffd31c-978f-4793-b35e-b6cef1dab733.png'),
('room_s0054', 'room (1).png', 'aa1a1ce1-65bc-45c1-8202-c0f6d8c29176.png'),
('room_s0054', 'room (7).png', '1e513a5c-aff3-4f95-a187-e0b67407cf03.png'),
('room_s0054', 'room (3).png', '1a60e18f-47c8-4d20-a856-f1b519c9cb1c.png'),
('room_s0055', 'room (1).png', '0bd68200-8672-4b60-8a32-59a3174d5171.png'),
('room_s0055', 'room (2).png', 'c619f4ff-7daf-45c2-8a0b-368175149c3e.png'),
('room_s0056', 'room (3).png', 'ac963f5e-35dd-4892-8ddc-b098de6945d7.png'),
('room_s0056', 'room (3).png', 'ec5fa21b-b555-4673-a62c-47287858fbae.png'),
('room_s0056', 'room (6).png', '83309b51-833c-44bb-ab05-38f206e0507a.png'),
('room_s0057', 'room (5).png', 'd682c549-fb93-41ec-9e74-bfa3cc691aaa.png'),
('room_s0057', 'room (1).png', '95a15fa0-c1ad-440b-8876-c33c8276441d.png'),
('room_s0057', 'room (6).png', 'c1931120-852c-443b-988c-ff8a74489991.png'),
('room_s0058', 'room (8).png', '9b4474e2-baef-4d16-a15b-2445eff91104.png'),
('room_s0060', 'room (7).png', '4dcf6cec-3cef-490c-b37d-fde0b0a3906a.png'),
('room_s0060', 'room (8).png', '00e8432a-4836-4b0b-9733-e835f1efa187.png'),
('room_s0062', 'room (7).png', 'f8052af8-b46e-497e-943d-e1606b11c012.png'),
('room_s0062', 'room (3).png', '9e41ea9c-f2a3-4e1f-83e0-60f2a37006e9.png'),
('room_s0063', 'room (6).png', 'da34a67b-a07b-42c3-adb1-4ec915995217.png'),
('room_s0063', 'room (6).png', '0d8cccb6-a1cf-4ef6-8b91-701ea89ce759.png'),
('room_s0063', 'room (5).png', 'c8de08bd-6972-40e1-b17f-994e7e1d1073.png'),
('room_s0066', 'room (7).png', '8180799f-ff39-437d-88da-c7e769aeca4e.png'),
('room_s0066', 'room (2).png', '2ec84fbb-17f4-40cb-8600-ef1599762ffa.png'),
('room_s0066', 'room (6).png', 'e6cbd200-1d8f-40ce-b81d-8fe50392afc9.png'),
('room_s0067', 'room (8).png', '0cf11998-b743-4732-9f51-cf78226a0e1b.png'),
('room_s0069', 'room (6).png', '6a609f42-afba-43c9-ba1d-748531d36e7b.png'),
('room_s0069', 'room (4).png', 'd757d5a5-0d21-4e46-a74d-9c9871919e6e.png'),
('room_s0071', 'room (5).png', '65bd3e8e-4cf4-4d05-b4b7-3be6a0529a73.png'),
('room_s0072', 'room (2).png', '5968355f-6827-4922-90fc-97890dc6bf07.png'),
('room_s0072', 'room (6).png', '8b9667a7-dfe1-4114-b04d-c2b8bfc5fa31.png'),
('room_s0072', 'room (7).png', '90e0459f-22c5-4666-8f24-d2e2dc5608c7.png'),
('room_s0073', 'room (2).png', '0a0879f9-50df-4d0a-9812-b2ff288dc98a.png'),
('room_s0074', 'room (2).png', 'a4a34e6c-7bd5-4d24-ae5f-6f061213d6a9.png'),
('room_s0074', 'room (4).png', '92b44be0-000a-49a7-8064-d407e74195d7.png'),
('room_s0074', 'room (2).png', '82f8921c-61d3-4415-b60d-528b07d439af.png'),
('room_s0074', 'room (3).png', 'ba1f7b0d-019c-4c99-97ba-16e47db56ae0.png'),
('room_s0077', 'room (4).png', '9b6f3a21-5bc7-4f3c-9775-573724319302.png'),
('room_s0077', 'room (4).png', '316e4bf5-1ba8-4158-be61-7a0d03c41606.png'),
('room_s0077', 'room (7).png', 'a48abc43-99eb-4bb0-b1a4-85e3c417c7eb.png'),
('room_s0079', 'room (6).png', 'f895ee05-026c-42b8-baa1-3474b30f8a50.png'),
('room_s0079', 'room (3).png', '44ad07b7-e9b9-46bf-bcd6-c54c0428ac96.png'),
('room_s0079', 'room (8).png', 'ced9f9e0-5f7b-4f60-ac27-5f1f9057c8e7.png'),
('room_s0079', 'room (8).png', '1daf799f-5067-4277-a754-22bff6a9d498.png'),
('room_s0079', 'room (8).png', 'e59685ec-3664-4c7b-9197-7851cfccded9.png'),
('room_s0079', 'room (2).png', '0cc5929c-c7e0-41f4-9d11-b81a4df78d8b.png'),
('room_s0079', 'room (1).png', 'be10c6e9-a982-4b62-8189-56b205a58976.png'),
('room_s0079', 'room (6).png', '6e3497b9-d7b4-4fd1-9264-69eda7926b69.png'),
('room_s0081', 'room (4).png', 'd51ad95b-5e6a-4081-badc-d9e3f41f65d9.png'),
('room_s0082', 'room (6).png', '9016a6c1-b5c6-49a3-a25d-1abba40317a7.png'),
('room_s0082', 'room (5).png', 'e508270f-2199-4d60-a090-47fc02399e3d.png'),
('room_s0083', 'room (1).png', '4d388675-d0b0-4e66-826d-9d55643bf75d.png'),
('room_s0083', 'room (2).png', '7a96a844-4052-4e06-99cf-902daa4333ba.png'),
('room_s0083', 'room (5).png', '78a88296-5114-4eec-b285-4df24048c4da.png'),
('room_s0084', 'room (3).png', '248169a2-e692-4e34-8799-b06a4e04ee26.png'),
('room_s0084', 'room (6).png', '778af0bf-a9a4-479f-b2a7-d8bc0fff5a24.png'),
('room_s0084', 'room (1).png', '08b1ebad-4698-46c1-8a8d-17daf14b0eeb.png'),
('room_s0087', 'room (3).png', 'ac614c60-2c50-4820-87ea-537f62a34408.png'),
('room_s0087', 'room (2).png', '3ec776f5-e927-4d1c-ad9c-a5c2a7fd162d.png'),
('room_s0087', 'room (5).png', '64cd2895-1fcf-4b61-819b-07d3aecf7632.png'),
('room_s0087', 'room (1).png', 'afcd1c6e-67d1-4fa1-8e31-458a5965b4cd.png'),
('room_s0087', 'room (1).png', '57d5d636-aea2-45cd-a440-1b25f8b316af.png'),
('room_s0089', 'room (7).png', '669098ae-58ee-4923-af9f-53afa14cc3c9.png'),
('room_s0089', 'room (4).png', '48f4cc1a-645e-417b-a23b-573c83885a83.png'),
('room_s0089', 'room (1).png', '66ce2945-d6d7-4124-bfd5-c5e73fdb24f5.png'),
('room_s0089', 'room (8).png', 'ec9d144e-d7d0-4cf4-a63a-dc7c01b08954.png'),
('room_s0089', 'room (4).png', 'af636745-df53-4819-a884-91dc306d4f7b.png'),
('room_s0089', 'room (8).png', '8179a039-0724-442b-8169-b48b881fa802.png'),
('room_s0089', 'room (7).png', '41c79436-7637-4349-9c7f-13bf80a10bec.png'),
('room_s0091', 'room (2).png', '8b968b0e-f63a-4882-8c91-b671accd36a1.png'),
('room_s0091', 'room (5).png', '66bfd37f-1fbb-4f00-8b4f-65dd17ed9cae.png'),
('room_s0093', 'room (5).png', '3905de87-efe3-4ae5-81af-586fca1b5230.png'),
('room_s0093', 'room (7).png', '5bfef54a-044c-4730-bc69-b2f694b58245.png'),
('room_s0093', 'room (1).png', 'f5970316-a42c-4d92-b197-a980bac2657b.png'),
('room_s0093', 'room (3).png', '9d7f7ddb-f10e-40dd-bb7d-f718ed0d1586.png'),
('room_s0093', 'room (7).png', 'b97a8909-58e4-42d6-a048-b9a309a055dc.png'),
('room_s0093', 'room (7).png', '5f7fb8c5-9f2c-4459-b982-bc921fb41dfd.png'),
('room_s0095', 'room (1).png', '8fe4988c-6b49-4483-a239-553b51e9383d.png'),
('room_s0096', 'room (8).png', '4001872b-577b-4ff3-86d5-eb17e07da6d0.png'),
('room_s0096', 'room (6).png', '1db51d17-a2a4-426e-b049-4f56f7c1a388.png'),
('room_s0098', 'room (5).png', '45e9535a-e0c2-47e3-a49b-a1d5ab6efee2.png'),
('room_s0098', 'room (1).png', '9db441f3-4704-4c97-8ad0-0ee38c418801.png'),
('room_s0098', 'room (5).png', '2949fe4d-e366-43df-9da8-00d05917e943.png'),
('room_s0098', 'room (8).png', '4588944d-06ef-4c40-bf77-f0c575d45f10.png'),
('room_s0098', 'room (1).png', '078784f8-d32e-4afd-aa92-c987ec120390.png'),
('room_s0098', 'room (4).png', 'a5a916aa-3675-492d-a904-309364c850e5.png'),
('room_s0098', 'room (1).png', '22563b51-5889-46bb-aa15-ff76e6f4028a.png'),
('room_s0098', 'room (6).png', '419f8253-4469-43ae-b626-934914e4a021.png'),
('room_s0099', 'room (5).png', '7ac04eab-3f13-444b-ae18-69e044a23b89.png'),
('room_s0099', 'room (3).png', 'cb6f06b9-8300-4040-90ab-46d31eff87e2.png'),
('room_s0099', 'room (2).png', '02b5e4f7-1f54-4061-8a64-1087059487a8.png'),
('room_s0100', 'room (1).png', '71758eb6-b9fc-440b-ad41-21c6296cbde4.png'),
('room_s0100', 'room (6).png', 'b394cbde-184f-4afe-9939-d5795e864f41.png'),
('room_s0100', 'room (6).png', '8c729ab6-cf70-4361-ba21-b12654e9b988.png'),
('room_s0100', 'room (8).png', '0fe8f5f0-50fa-4106-928c-6712bd71a7d7.png'),
('room_s0100', 'room (4).png', '9370ffc5-2d74-48f0-805d-d32253786b65.png'),
('room_s0100', 'room (8).png', '7bdf01a6-1484-423f-a76a-ff0f4aea615c.png'),
('room_s0101', 'room (4).png', '1808fe75-1191-4cbe-8b63-626f588c21d9.png'),
('room_s0101', 'room (3).png', 'e1c98c93-ae95-49a2-bc62-b44800dde8b0.png'),
('room_s0102', 'room (3).png', 'bf8e2cb7-ac6a-486d-85cf-67eb575c3113.png'),
('room_s0102', 'room (8).png', 'f3e2cbad-f2be-425e-a9be-f41be0b539fe.png'),
('room_s0102', 'room (8).png', 'bf70f012-79a3-4937-ba43-0e93c286442b.png'),
('room_s0104', 'room (3).png', 'e4555b4b-9111-47f8-a397-ddd8cf76d00b.png'),
('room_s0104', 'room (3).png', 'e1d4553f-adcd-4885-a27f-bd2327749c8a.png'),
('room_s0107', 'room (2).png', 'b9c85e04-0e4a-41a6-9502-22e160ec65a4.png'),
('room_s0107', 'room (7).png', '333323ab-6684-4432-97ec-2d2bee08f6af.png'),
('room_s0107', 'room (8).png', '78b87fe2-60cc-48aa-b9fd-5aac686ecc24.png'),
('room_s0108', 'room (5).png', '14281ca4-7f51-4925-8d3e-83da3f73abc7.png'),
('room_s0108', 'room (8).png', '1fb61952-07d7-426a-92b9-c540616a648e.png'),
('room_s0109', 'room (7).png', 'ed7f8536-fcee-419e-9f6a-e7742bd34b38.png'),
('room_s0109', 'room (8).png', 'b50dbca1-41db-49a6-831e-f6c6c213ac01.png'),
('room_s0109', 'room (2).png', '92b5f714-82f0-4fbb-b220-bb3909657545.png'),
('room_s0109', 'room (3).png', '25181325-5ed6-41ec-857f-8e6a3a5d6f1a.png'),
('room_s0109', 'room (7).png', 'b72ed0c4-062c-46a6-aef7-e8a3cefab50b.png'),
('room_s0110', 'room (1).png', '9534901c-9c60-4eff-b28a-6dba4d8c2eb7.png'),
('room_s0110', 'room (1).png', 'd18e57cc-4433-4bd4-9bec-cfd3e8fbccb5.png'),
('room_s0110', 'room (3).png', '9ab52b30-3300-4248-b5fd-4ed95076ec22.png'),
('room_s0110', 'room (6).png', 'a68e20a4-2d2a-42dc-9b1f-c0af67bbcadb.png'),
('room_s0110', 'room (1).png', 'a3cdd7eb-eda5-47ad-b8d4-dcf9e20adde3.png'),
('room_s0110', 'room (8).png', '31a9ad61-727e-42a9-877c-b86186ee3759.png'),
('room_s0110', 'room (2).png', '979d9f3f-ac05-40d7-96be-0e7faca50a2f.png'),
('room_s0112', 'room (4).png', '78eb2b6e-ae47-447f-9b79-0dd29abd0e15.png'),
('room_s0112', 'room (4).png', '25cd2e45-673d-4838-b7eb-0fedeb68ffc6.png'),
('room_s0112', 'room (2).png', 'd953ba3c-f629-4daa-91a9-53e5237a0fe7.png'),
('room_s0114', 'room (1).png', '5b1a3c0a-43c3-47ef-b4a9-df1953e090ae.png'),
('room_s0116', 'room (7).png', 'f058d635-689a-42f0-9778-8a0cb450f8f7.png'),
('room_s0116', 'room (5).png', '7818f582-296a-4f8b-8b97-618ee8b4501a.png'),
('room_s0116', 'room (1).png', '5143f2cc-bc08-44fb-9f2d-00809ecce991.png'),
('room_s0116', 'room (1).png', 'ac72c54a-103c-4c5c-8a9b-80bf74fa6903.png'),
('room_s0116', 'room (6).png', '4e337cb8-3ce9-4630-b3a0-f635ee6f7bd9.png'),
('room_s0117', 'room (7).png', '2f64554d-909d-4faa-87a0-feef89037611.png'),
('room_s0119', 'room (7).png', 'd64f2a02-475d-448d-8a80-5f9325da5ed2.png'),
('room_s0119', 'room (8).png', 'ccdf2473-9758-4da0-aea9-bd75d8b5a8d1.png'),
('room_s0119', 'room (3).png', '557a8d5f-0805-4996-b46e-a970bb714874.png'),
('room_s0119', 'room (7).png', '2de4d9a4-faea-4405-85d5-2e0c58ab22c8.png'),
('room_s0119', 'room (3).png', '669b88b4-87c4-4c81-b06d-01730c163245.png'),
('room_s0119', 'room (6).png', 'dbc6cd99-2ea9-477b-9d07-d3c19c66d505.png'),
('room_s0119', 'room (2).png', '88590890-96c5-4d23-bfcd-f0538caa1432.png'),
('room_s0120', 'room (6).png', '49dd7c9d-a9b6-4af8-8a3a-4d936ea7b826.png'),
('room_s0120', 'room (7).png', '068d9e7c-bfff-404f-9945-02120d69d6c2.png'),
('room_s0120', 'room (3).png', '523a3358-c806-4edb-b4c9-b3e6fb6db010.png'),
('room_s0120', 'room (7).png', '1d2acc2c-10ab-439c-b8ff-210afb71e221.png'),
('room_s0121', 'room (6).png', '0a0bafb6-2a16-496a-9e3a-0da5d8741e4f.png'),
('room_s0122', 'room (6).png', '40a10d8c-129c-4ac6-9cc1-ca375a2b5a92.png'),
('room_s0123', 'room (2).png', '232ebb6e-e940-44e6-b3cc-9174e1ed9f2d.png'),
('room_s0123', 'room (7).png', 'c4ff9100-4e05-4f3b-bbea-2a216253a084.png'),
('room_s0124', 'room (3).png', '62a62604-608b-4d81-a239-ae07cca181fb.png'),
('room_s0124', 'room (5).png', 'a6593914-ac08-472c-bf38-9807272e5887.png'),
('room_s0124', 'room (4).png', '818d61d6-c715-44a3-9758-1a8933edd82c.png'),
('room_s0124', 'room (5).png', '94993037-a533-4631-8f2a-ceb5d36079dd.png'),
('room_s0124', 'room (1).png', 'd87dea23-da05-4678-b425-62257480ac1f.png'),
('room_s0125', 'room (5).png', '3a5418d2-bdae-4df1-a9e3-3bfaec6067f4.png'),
('room_s0125', 'room (3).png', '1c09dd62-6f22-4bb5-8d91-e7ef5fbe1390.png'),
('room_s0125', 'room (2).png', 'ed0f440e-1875-47f9-8122-2d8e7304382a.png'),
('room_s0125', 'room (7).png', '697852cd-484b-4dc5-8d65-5906b01a4f45.png'),
('room_s0126', 'room (8).png', 'df37bafb-ce56-4cb8-86f9-5947c7af8a8d.png'),
('room_s0126', 'room (6).png', 'e297650e-09fe-4952-be90-4ce5cae73b73.png'),
('room_s0126', 'room (2).png', 'c037c36d-084c-469b-a7fe-d3ab0066ea9b.png'),
('room_s0127', 'room (6).png', '4a40414c-22b6-49b6-b10e-a85bcd30ee67.png'),
('room_s0128', 'room (8).png', 'c0ddb416-2dd1-45b5-8af8-b8d86e3bea03.png'),
('room_s0128', 'room (5).png', '1e831d79-7104-44e9-8ab1-8a286ea73f71.png'),
('room_s0129', 'room (7).png', 'a03b03ee-3e33-4691-b79b-126388c9e228.png'),
('room_s0129', 'room (5).png', 'f8c9ea43-660a-4f3a-aa60-8884e5b6dfb2.png'),
('room_s0129', 'room (2).png', '603c14c7-1788-40a5-8163-7517bc2983c8.png'),
('room_s0129', 'room (4).png', '063ad796-ff7a-467c-bad4-00934b2c6639.png'),
('room_s0131', 'room (2).png', '3f9df160-b54b-4cd8-b604-51d274b4cbd5.png'),
('room_s0131', 'room (7).png', '596ab830-1e7c-47ca-b20b-0e7d661612d9.png'),
('room_s0131', 'room (4).png', '08c18e3b-6af1-4ad0-b27b-a2f4b71c7f13.png'),
('room_s0131', 'room (8).png', '65cae4ff-3ed9-4228-8d21-6c3dabe27d9b.png'),
('room_s0131', 'room (3).png', '1d81ad24-16ba-4135-9455-8c5d13257962.png'),
('room_s0131', 'room (5).png', '5227e6ee-b8f7-44fd-b397-ab0e2196b1dc.png'),
('room_s0132', 'room (7).png', '1c6647af-7090-40e4-88c4-0e3b9bc804b5.png'),
('room_s0133', 'room (1).png', 'b133b630-411a-4ce2-b438-98ae935a503b.png'),
('room_s0133', 'room (8).png', '25635181-0485-40c4-ad69-35fc470f57e6.png'),
('room_s0133', 'room (6).png', '23f21cfc-5ffc-42ac-88d9-0afa21980db6.png'),
('room_s0133', 'room (1).png', '1124f4fa-8809-4da1-8ec9-19a3332cb330.png'),
('room_s0134', 'room (7).png', '517aec73-d38c-41cd-bd1b-dd1fbe8a62cb.png'),
('room_s0134', 'room (8).png', 'a15b54cc-641b-4e40-992b-aa7e6e81c2a7.png'),
('room_s0134', 'room (3).png', '84b39704-cd25-4c46-a314-3b1bb14bcaa9.png'),
('room_s0135', 'room (1).png', 'b4ba01f6-8c22-4c90-9de0-450afedc07bd.png'),
('room_s0135', 'room (2).png', '619a8d10-2c78-4702-b1e7-2e1973b428b6.png'),
('room_s0136', 'room (1).png', '42110467-b742-479b-ab34-ac4576aba5c4.png'),
('room_s0136', 'room (7).png', '000f9e67-a139-4b4d-b4af-c19bc40543c6.png'),
('room_s0136', 'room (8).png', 'ba0521b6-1b3a-43fa-9463-d2385d32d531.png'),
('room_s0136', 'room (8).png', 'b8ef6e3a-c88b-4f06-b47b-0d693c87abc1.png'),
('room_s0136', 'room (4).png', 'a4837378-24a8-4dbf-bd35-39ad622ac9b7.png'),
('room_s0136', 'room (6).png', '66d4ee06-0309-4c0e-b88a-64f4f64a089d.png'),
('room_s0136', 'room (8).png', '92195784-b95a-42a0-a57a-043d3707be26.png'),
('room_s0136', 'room (5).png', 'c7de5451-0c72-4166-9fb3-f085501bcb80.png'),
('room_s0137', 'room (4).png', '3d4a2ac4-ecc5-4f2b-afe8-cdb565b47caf.png'),
('room_s0137', 'room (5).png', '63529206-ef00-4d0e-97f8-c773c8c47dac.png'),
('room_s0137', 'room (8).png', '680f9446-141b-4a1f-8f35-99718ca63236.png'),
('room_s0137', 'room (7).png', '70e4ef7e-3f83-484b-a303-21618931a569.png'),
('room_s0137', 'room (6).png', '298f8948-c60f-4fb1-a8f9-387876d635bf.png'),
('room_s0137', 'room (6).png', 'ff344e3e-1340-48ff-a244-0b9b4d7f9732.png'),
('room_s0137', 'room (7).png', '9168e950-aed1-42ef-a716-38bf36f973b4.png'),
('room_s0137', 'room (4).png', '0acf76c5-a29a-4830-9145-81a7089d01e4.png'),
('room_s0139', 'room (6).png', 'fb76b87a-4cac-496b-a9d5-d379b97e836f.png'),
('room_s0139', 'room (6).png', '7222ba24-81b9-4760-b732-daa9200f8cc1.png'),
('room_s0139', 'room (2).png', 'c9ad50d6-01db-4da0-8127-ca991a35763a.png'),
('room_s0139', 'room (1).png', '25a1e39d-ba8d-4557-bd5f-72645f2e8a61.png'),
('room_s0140', 'room (7).png', 'b84f1b0e-7580-45ba-a9a5-f5d961473470.png'),
('room_s0140', 'room (6).png', '1054be96-4123-4490-95c1-6a615f5ff932.png'),
('room_s0140', 'room (8).png', '3a7051f4-6b57-46c0-b378-d9f316dcf5bc.png'),
('room_s0140', 'room (6).png', 'fb30f850-be87-4ba6-90bf-8810a878b3e4.png'),
('room_s0140', 'room (4).png', '32605ecb-d01e-46f2-9f92-0ce34e2fad04.png'),
('room_s0141', 'room (3).png', 'ab70152f-fdb5-4489-8a22-b4ea6f84ad0e.png'),
('room_s0141', 'room (1).png', 'daae9339-27d9-42fa-863f-cb7b350b801b.png'),
('room_s0141', 'room (6).png', '50863b1c-0132-41cb-8825-6e167e06f4ce.png'),
('room_s0141', 'room (1).png', '9775271a-2b8a-4328-8c81-d9e7553c077d.png'),
('room_s0141', 'room (6).png', '359015ed-96a3-499d-a783-fa53e88b9cbf.png'),
('room_s0141', 'room (6).png', 'dd114bf4-02d8-4671-9967-8d606fb1cdae.png'),
('room_s0142', 'room (7).png', 'bef9455a-fa79-4169-991d-4936ef4fac10.png'),
('room_s0142', 'room (2).png', '002611a8-1344-478b-80cc-22b45e167773.png'),
('room_s0142', 'room (7).png', 'c2bdac06-e1dd-45fe-a114-bc79ee0d3e0b.png'),
('room_s0142', 'room (5).png', 'a0c5ef99-1b45-4cd4-84e3-01c563c0fde0.png'),
('room_s0143', 'room (2).png', '6d90a325-e3de-4de7-9149-8b1e73f0d4c9.png'),
('room_s0143', 'room (5).png', '3d0ab264-40d6-463b-85db-134a46674998.png'),
('room_s0143', 'room (8).png', 'd9de2c12-1863-477e-8c89-3c4f6daeb06e.png'),
('room_s0143', 'room (7).png', 'cbaad57d-7505-49e6-ac1e-3018d8e0fa86.png'),
('room_s0143', 'room (8).png', 'eadc8f62-46d6-4ebd-887e-85dce39c7bbd.png'),
('room_s0143', 'room (8).png', '22ee31bd-0952-4131-8f95-00ecad8e27e9.png'),
('room_s0143', 'room (1).png', '328a3064-0f06-4898-89ec-8db4977120b0.png'),
('room_s0143', 'room (3).png', '1d68dc87-89ad-4e70-bf01-1e70fde6c267.png'),
('room_s0146', 'room (4).png', '26a0087b-bafa-46ef-8928-d854ed0e02aa.png'),
('room_s0146', 'room (1).png', 'abf5d374-cdc7-412d-adc4-d88523ea8598.png'),
('room_s0146', 'room (3).png', 'bc273825-5ea0-4c05-82a7-3aa673667af6.png'),
('room_s0146', 'room (3).png', '9bb2752c-90e4-4100-b8bc-d3c96e6ecc3f.png'),
('room_s0146', 'room (8).png', '1cc6ebd3-cede-4019-a4da-c4802ddf630a.png'),
('room_s0146', 'room (3).png', 'a8979be8-c674-406d-a4c9-4367b14fe28c.png'),
('room_s0146', 'room (5).png', '7b090062-5832-4872-9210-e67ab797b838.png'),
('room_s0146', 'room (6).png', 'd427cae6-55a4-46b9-bd45-89b788d1e951.png'),
('room_s0147', 'room (3).png', 'bd3f7fa2-22a6-404a-a7fa-13b8831cc4de.png'),
('room_s0147', 'room (4).png', '3e93a639-5da6-4dbb-93d0-405b425d1c4e.png'),
('room_s0147', 'room (2).png', '6a25ace7-90d7-4f37-8752-427c6e4538c4.png'),
('room_s0148', 'room (4).png', '26007e08-11f8-44c8-823a-5d39464ae4c3.png'),
('room_s0148', 'room (7).png', '8b1f11bb-4aec-4787-a664-fa5f4c1416c8.png'),
('room_s0148', 'room (2).png', '6ff9b0ef-f6cd-4422-9e63-63b2b8ee3a02.png'),
('room_s0149', 'room (3).png', '287a5c3e-5477-48b8-af2a-c00ad868aba8.png'),
('room_s0149', 'room (6).png', 'e8b2b88f-f8a9-42f0-a039-c60b3cb6a101.png'),
('room_s0150', 'room (2).png', 'ac52af48-5080-498d-ac68-14bff6dc73f7.png'),
('room_s0150', 'room (8).png', '6e9f94c8-6974-4436-8934-7dc918593140.png'),
('room_s0150', 'room (6).png', 'b30eb7ba-0fdc-4b09-b214-5bd77732ef9d.png'),
('room_s0150', 'room (7).png', 'cd82d6e9-daef-4462-82fc-e3bc1dc7adc6.png'),
('room_s0150', 'room (2).png', '51857c74-5e58-468a-9eb1-f927d8455848.png'),
('room_s0150', 'room (2).png', 'b05ebadc-cd5e-4a27-a44b-b7d6bea704a9.png'),
('room_s0154', 'room (2).png', '1c468749-f5b8-473c-ace4-eb03ddb636be.png'),
('room_s0155', 'room (3).png', '1e84f8c3-c731-4a66-8ab7-a2b5a820dc1d.png'),
('room_s0156', 'room (6).png', 'a29fe2f2-de54-4a35-bcef-700caf8a57bd.png'),
('room_s0156', 'room (8).png', '7cd3ef6e-5b1e-4daa-be24-8bb41886c76f.png'),
('room_s0156', 'room (6).png', '60d4e8ed-df0d-4877-b4c4-f65ff2740fa3.png'),
('room_s0157', 'room (4).png', 'badd74ff-6977-4415-996d-d55adecf901f.png'),
('room_s0157', 'room (2).png', '59c22783-9429-46eb-8018-db9d7404f558.png'),
('room_s0157', 'room (4).png', 'fd425689-4381-47ba-8758-143f062ec198.png'),
('room_s0157', 'room (4).png', 'd9e624b2-45cb-46f2-96e1-709bf5b85a17.png'),
('room_s0157', 'room (1).png', '6ba6e3a9-68da-4b14-ad79-976397250dbd.png'),
('room_s0158', 'room (5).png', 'c9f1bfa1-6955-48b7-9e6f-89d6e4eb9f53.png'),
('room_s0158', 'room (6).png', 'a08e29ca-3a91-440b-916d-860993fb671d.png'),
('room_s0158', 'room (1).png', '1f14d5a0-f7ce-4a81-ac31-8b80b201ea99.png'),
('room_s0158', 'room (7).png', '90f1d6a5-d210-47dd-b43e-5f7c431631f8.png'),
('room_s0161', 'room (4).png', '502707ff-0fa2-4fe6-af61-968138d9d9c6.png'),
('room_s0161', 'room (4).png', '5501ffa5-a2f5-49c7-a63b-64198366e940.png'),
('room_s0162', 'room (4).png', 'f5c99268-bce2-4b5e-b9ab-2f0cf0523b92.png'),
('room_s0167', 'room (4).png', 'f091a018-f3f1-4ca3-aaa4-d3a656e248e3.png'),
('room_s0168', 'room (3).png', 'ab6cf3b6-0ef7-4319-b11e-a8c6066ec585.png'),
('room_s0168', 'room (8).png', '31511e3e-809f-406c-9a5b-bbf123ebce40.png'),
('room_s0168', 'room (2).png', '981d5cf7-181d-468d-b27a-7bc10124b120.png'),
('room_s0168', 'room (8).png', '8782e35a-4419-459a-a2bb-4e33d62d485d.png'),
('room_s0168', 'room (1).png', '29e4d393-3e39-45f3-9dea-3fbbe564f449.png'),
('room_s0169', 'room (3).png', '0f08e634-6f9b-4c69-bca8-62244f38e413.png'),
('room_s0169', 'room (6).png', 'f36fbb7d-12aa-422c-ac5d-daa8b7f6ff25.png'),
('room_s0170', 'room (8).png', '46ccf79b-4da5-44d1-9138-fc5e6446902f.png'),
('room_s0171', 'room (3).png', '590842f5-296e-40d0-926b-2fd098d1cbb1.png'),
('room_s0171', 'room (2).png', '559fa815-a8c9-49f5-8b9c-90f0befec90f.png'),
('room_s0171', 'room (7).png', 'd40b6dfb-6125-40d9-8b7c-62ecc2620ad3.png'),
('room_s0171', 'room (1).png', 'a3cdedc6-4014-4773-a0c6-77e1377d8e6d.png'),
('room_s0172', 'room (6).png', 'cb79ffcb-05a5-4919-ae5d-834cd36d97db.png'),
('room_s0173', 'room (7).png', 'c1dc983b-c952-450e-b966-8ed22401d98e.png'),
('room_s0173', 'room (8).png', '5257acaa-c46d-4dbe-877f-8d44070877ee.png'),
('room_s0173', 'room (2).png', 'e4c09aae-6ac6-41f6-80f3-9117bd86fd9e.png'),
('room_s0174', 'room (4).png', '1d55b38b-3d05-48ca-a561-11804da3d870.png'),
('room_s0174', 'room (2).png', '97fa3832-c613-4d6e-8d8f-17d538b604c5.png'),
('room_s0174', 'room (5).png', 'effb4d82-bb88-45a8-b7b6-14790fb15096.png'),
('room_s0176', 'room (6).png', 'fa8498e2-a4c1-4d5e-87c5-9a49c6d930b5.png'),
('room_s0176', 'room (2).png', '93f2a95e-51ff-4ba7-848a-d86d05823a33.png'),
('room_s0176', 'room (3).png', '9cf4e74e-17bf-46a3-a269-848fd184757d.png'),
('room_s0176', 'room (1).png', '9a227b0f-506f-4915-b196-cc03fe8c774b.png'),
('room_s0176', 'room (7).png', '9d9291fe-7eb7-42c3-865f-e739ab0b318c.png'),
('room_s0177', 'room (2).png', 'fe6d4c55-56a5-499a-a1e6-4b8682666097.png'),
('room_s0177', 'room (1).png', '12a6322a-9d58-44ad-8247-00d4c17817cb.png'),
('room_s0179', 'room (1).png', '78f69662-09ed-4eb1-b81b-81a563925513.png'),
('room_s0180', 'room (2).png', '9b465ce8-29e0-46b8-8fd6-b054b349cd92.png'),
('room_s0180', 'room (1).png', 'ce07ef58-cfcd-439f-b710-64485c47e008.png'),
('room_s0180', 'room (7).png', '77ac8f13-7ed5-4149-a440-be63301fe418.png'),
('room_s0182', 'room (6).png', '20bf3a51-1e4a-4bff-b76e-9c8d83c3b926.png'),
('room_s0183', 'room (5).png', '6270c918-5828-4b38-b380-08aa48e46b8d.png'),
('room_s0184', 'room (4).png', '32c8e2f8-e54c-4bc3-8f70-8dc5b5c00d75.png'),
('room_s0185', 'room (8).png', '6e186599-b4b6-45a5-8ba6-3abfdd188a16.png'),
('room_s0185', 'room (6).png', '98d716c5-6def-4122-a5a8-0d6dcd6567e7.png'),
('room_s0185', 'room (5).png', '72bce49c-ce40-4838-9ebd-f5cdb46de263.png'),
('room_s0185', 'room (4).png', 'b80b65a4-07da-464c-b5ac-1a1327a940f6.png'),
('room_s0186', 'room (2).png', 'f3cb7e50-02c0-4d97-8627-54e94c388a7a.png'),
('room_s0186', 'room (1).png', '9fa37665-371d-4fe7-8a5f-83b9457b1b43.png'),
('room_s0186', 'room (1).png', '6ef54d47-1194-4926-8e99-cdd440344b67.png'),
('room_s0186', 'room (6).png', '7e6806dc-8904-4d07-8db6-4c0dbcd4e5bc.png'),
('room_s0187', 'room (4).png', '97d80e4b-da7a-49f5-91be-28d3ea65f2d9.png'),
('room_s0187', 'room (5).png', '1fc2cc7a-36d8-4014-b4ff-b80b972cb3ac.png');

INSERT INTO `tb_rooms_images` (`room_no`, `room_original_image_name`, `room_stored_image_name`)
VALUES
('room_s0187', 'room (8).png', '9f387dfc-ee97-4ac1-a608-6a3dcc3cc36c.png'),
('room_s0187', 'room (2).png', '5071f76b-54af-4c96-9ea4-56dbed8a3371.png'),
('room_s0187', 'room (3).png', 'dadbbc5e-f1d6-4b64-97c5-1e80a3b10371.png'),
('room_s0188', 'room (8).png', '204dd355-a6b3-4301-bd0c-96a80c259fc8.png'),
('room_s0188', 'room (6).png', '6c8a032b-9127-488d-b2a7-45ba520cd9ad.png'),
('room_s0188', 'room (6).png', '1dfa0c36-82ae-4a8c-9c47-162a571e3265.png'),
('room_s0188', 'room (5).png', 'dc870e3b-2a5d-47d8-b62f-d811ad0e765a.png'),
('room_s0189', 'room (4).png', '4199d914-5423-461d-b4c2-8c19e7f6e7d6.png'),
('room_s0189', 'room (7).png', 'e28601d0-0489-4247-bd78-b6e22ebf613a.png'),
('room_s0189', 'room (3).png', 'c3dec0f9-6df3-436d-9f5a-4ba2255c5e85.png'),
('room_s0189', 'room (1).png', 'b518cd2c-24bb-4a41-88db-a473481ac3de.png'),
('room_s0189', 'room (5).png', 'c71f0ca2-24c4-403d-8aa1-5e72043c15b5.png'),
('room_s0189', 'room (2).png', '1d7d0131-a9d1-4f0f-9b39-185f5dd77d1b.png'),
('room_s0189', 'room (6).png', '1b4203ce-0491-4c34-8727-7bea0d91fecc.png'),
('room_s0189', 'room (6).png', '48a508a2-e51c-4e6d-be62-7c449c0b68fa.png'),
('room_s0190', 'room (8).png', '554beae6-188a-4533-b0f0-34954c7dd392.png'),
('room_s0190', 'room (2).png', '426b29a2-0912-4b58-8897-35afabb18422.png'),
('room_s0190', 'room (6).png', '18883e5e-df24-4528-abfb-77b8b5406a37.png'),
('room_s0190', 'room (4).png', '63d5b13b-9ee1-407d-a430-60cf2f2469dd.png'),
('room_s0190', 'room (4).png', '2f94e2e3-3464-4f45-b1e6-aaeae2475d9d.png'),
('room_s0191', 'room (7).png', '6e224f1e-db07-417c-974a-68b7abe63fe6.png'),
('room_s0191', 'room (6).png', 'ccc83086-436d-4213-9147-db7d7e9ff814.png'),
('room_s0191', 'room (5).png', 'bd599181-e00c-42b2-a773-97f9877dbadb.png'),
('room_s0192', 'room (6).png', '100263ec-6f4a-45ba-808c-d31974b0cf86.png'),
('room_s0193', 'room (3).png', 'b5320c62-aa6b-4994-b5b7-6cb143043c37.png'),
('room_s0193', 'room (4).png', 'e7d3ca1a-06dd-4e93-98c2-d199d3f0c3da.png'),
('room_s0193', 'room (4).png', '05fd6277-a6fd-4225-8a04-40bce724ebca.png'),
('room_s0193', 'room (2).png', '6ec986b6-a8dc-4f66-9e6e-2d0535832efa.png'),
('room_s0193', 'room (2).png', '96e55bc1-542e-44ea-900d-817b6bda1f60.png'),
('room_s0193', 'room (4).png', '0942cdf3-58c9-4ac1-8218-b10ced92955f.png'),
('room_s0194', 'room (7).png', '90ceb8c6-f50e-490c-887d-fa40bc28bea8.png'),
('room_s0194', 'room (4).png', 'b49e24da-2955-46f0-a847-491853f7f5f6.png'),
('room_s0195', 'room (8).png', 'db13f462-be4b-47e2-95b1-c7b26aeb6c86.png'),
('room_s0197', 'room (7).png', 'e615d866-a976-4687-a7e7-cb4ab4bb644a.png'),
('room_s0197', 'room (1).png', '5cfd70e6-b613-45a1-a737-58113ccb94a0.png'),
('room_s0197', 'room (4).png', 'dd8cc460-c2d4-49d5-9f2b-893b0c908721.png'),
('room_s0197', 'room (1).png', 'd1fa694b-bbc8-4682-9d1f-b06af8659138.png'),
('room_s0198', 'room (2).png', '85adfc35-db81-4bc0-b3d6-1e7d13f78a8b.png'),
('room_s0198', 'room (7).png', 'a6ce33c2-0922-446f-8e3f-d52079965335.png'),
('room_s0198', 'room (3).png', '69a9aa68-4948-4a29-8c14-fbcb62ba0ea6.png'),
('room_s0199', 'room (1).png', '7831173c-5dd8-4856-a929-3d1fb382a944.png'),
('room_s0200', 'room (8).png', '94534133-7ddc-406e-8260-3ab2e3626b14.png'),
('room_s0200', 'room (1).png', '2d1355cf-b88d-41ec-af88-31798665cf97.png'),
('room_s0201', 'room (8).png', 'b539ea43-b0eb-481e-a743-6a5918220b70.png'),
('room_s0202', 'room (5).png', '9cbcf1ab-00fe-4f72-8d2e-50d370aa31ad.png'),
('room_s0203', 'room (3).png', '4100c858-27d8-4ded-a7b0-958eba620453.png'),
('room_s0204', 'room (5).png', '6db1f941-ce8d-4ee0-b4cf-a378b9d24f15.png'),
('room_s0204', 'room (4).png', 'f1b3c782-3e06-466e-836b-242114563d69.png'),
('room_s0204', 'room (6).png', '5c1546f9-8f5a-4a35-a6a9-365329e9c28e.png'),
('room_s0204', 'room (3).png', '6ab85ee3-3f51-4225-97a8-d622fc3eab5b.png'),
('room_s0204', 'room (5).png', '6e784e03-581f-461a-bdc9-a62191229d7b.png'),
('room_s0204', 'room (8).png', 'fe49797f-2edf-416f-a99a-923b85d1730a.png'),
('room_s0205', 'room (8).png', '73aa47d8-0638-473c-9bfa-d66c43853b14.png'),
('room_s0206', 'room (7).png', 'be96a931-8c7f-4b4d-8000-7503c9eb95b8.png'),
('room_s0206', 'room (3).png', '7398da11-8f85-40ec-9035-31bc904dc101.png'),
('room_s0206', 'room (5).png', '2fe560d1-9b93-4e35-9062-619881ad89dc.png'),
('room_s0206', 'room (4).png', 'a328898d-ef56-4f83-b736-6a91f390d6b8.png'),
('room_s0206', 'room (3).png', 'b2db65a9-f022-4411-97e9-dc8ebe55f9ce.png'),
('room_s0206', 'room (7).png', '0d524ced-19dc-4a66-a19b-c023640e430d.png'),
('room_s0207', 'room (3).png', '5eb91129-c399-4a1b-af4e-3fd1446a15bb.png'),
('room_s0207', 'room (4).png', 'b8c69486-9160-49cd-a91d-5398fae334d8.png'),
('room_s0207', 'room (8).png', '9e7be5dc-b88f-420e-ae42-f9c4c77b01fb.png'),
('room_s0207', 'room (4).png', '34ec4417-7003-4f3f-af30-a8506fc16137.png'),
('room_s0207', 'room (7).png', '408aa5ec-0b05-4328-b02a-9e32b165f51f.png'),
('room_s0207', 'room (8).png', '072cd1ee-284f-4167-b930-16756c1e178e.png'),
('room_s0207', 'room (8).png', '65bbf156-85b4-401b-b9e7-7ad6d8e12f81.png'),
('room_s0208', 'room (3).png', '41142b98-925c-4508-a322-1d054c868426.png'),
('room_s0208', 'room (1).png', '79cc6d7b-463b-431b-8dc7-7091a8b246a4.png'),
('room_s0209', 'room (3).png', 'cf271dd4-7dbb-4d1d-9771-41925283ef05.png'),
('room_s0209', 'room (2).png', '90fa30c4-8301-4136-8d6e-b0578dcbde1f.png'),
('room_s0209', 'room (4).png', '44d3b1a7-565b-4dee-bc30-81b2806075d7.png'),
('room_s0210', 'room (3).png', '0edae847-d68e-482e-8e0d-48d592c2e96f.png'),
('room_s0211', 'room (5).png', '91c8bf27-f420-4a7b-a4ad-fbdb72e6182b.png'),
('room_s0212', 'room (4).png', 'ea43ff60-1715-4580-b905-ce240c79f0f1.png'),
('room_s0212', 'room (8).png', '72bb1f3c-dc8f-4a79-a389-38e11d499cd3.png'),
('room_s0213', 'room (6).png', '0ecf9161-1cfd-46fc-983f-90f3752329a6.png'),
('room_s0213', 'room (1).png', '45d951af-addc-44db-aa61-1b586bd9b2dc.png'),
('room_s0213', 'room (4).png', 'df693a4e-8fb8-4083-8b60-49bad1f3e389.png'),
('room_s0215', 'room (2).png', '8b094e66-5cf5-4b61-bf54-0974e405aca7.png'),
('room_s0216', 'room (5).png', '382515a2-7d53-46b9-8e44-005260ea85cd.png'),
('room_s0216', 'room (8).png', 'ed2c837c-6e06-4467-b6f8-c13086e74ba0.png'),
('room_s0216', 'room (7).png', 'b2d42ef5-a7a1-4f82-8d89-277ae1f83e15.png'),
('room_s0216', 'room (3).png', '8661682b-f3fa-49e9-a83e-4b3a2d374db2.png'),
('room_s0217', 'room (3).png', '9c89f388-b334-48ef-a52d-08f67bd9ce18.png'),
('room_s0217', 'room (3).png', '6c01023b-53c0-4da6-b154-25c4c56878fd.png'),
('room_s0217', 'room (5).png', 'd858a9d8-276d-4a71-aa9f-d2d1299c16e5.png'),
('room_s0217', 'room (4).png', 'f9b74e7a-efc6-4d60-82f6-e5d1adb1896a.png'),
('room_s0217', 'room (7).png', '21a0317c-18cf-4304-9823-497b297ecb45.png'),
('room_s0218', 'room (7).png', 'd852b088-43d3-4b9f-b6e2-84f92c9ff090.png'),
('room_s0218', 'room (6).png', 'c9e700b3-5c14-4bb2-a197-e51a0756f0c0.png'),
('room_s0219', 'room (2).png', '1c519ef7-3108-42fd-b51f-c6d192e55bb5.png'),
('room_s0219', 'room (2).png', '74bf3967-95a1-44c2-935f-88664d61322e.png'),
('room_s0219', 'room (8).png', '86130349-1a49-4949-bab0-442a9348a484.png'),
('room_s0219', 'room (6).png', '39d0f92a-0390-4cad-9321-d13adfb848c9.png'),
('room_s0220', 'room (7).png', '12876248-b436-4405-8825-710d853c2746.png'),
('room_s0220', 'room (1).png', 'd9ec33ef-653e-4ab2-bbe5-dd18a96c74a2.png'),
('room_s0220', 'room (8).png', '525d8774-478b-48dc-8eb2-6f8b6cb8c59e.png'),
('room_s0220', 'room (2).png', 'accb7a7e-f436-47fb-8ac4-b62281fd08fe.png'),
('room_s0220', 'room (8).png', 'ede27956-17b0-4334-bcbe-6bf15fb0e57c.png'),
('room_s0221', 'room (2).png', '514db2bc-6b6b-4fa5-956f-70a64af659b6.png'),
('room_s0221', 'room (2).png', '3e8fe453-f376-4869-a320-a2a6c0b928e6.png'),
('room_s0223', 'room (6).png', '81b2e8e0-e784-4907-8d27-11de65abc226.png'),
('room_s0226', 'room (5).png', '411b4f08-024b-4c3a-b2eb-afe294561fd0.png'),
('room_s0226', 'room (7).png', '704abf9f-f66b-4a25-bd79-eb12caf089b9.png'),
('room_s0226', 'room (2).png', '8f7ec31f-1ccd-4ef7-a73e-fbdfdf6b14d1.png'),
('room_s0227', 'room (5).png', '2d58b653-5337-4c8e-a660-58e44d9fa195.png'),
('room_s0227', 'room (2).png', '1c199a2e-346f-49f4-9d47-ecac4e71bfcb.png'),
('room_s0228', 'room (8).png', '24e8c1f1-7f44-4d35-bad1-1d6ef15c1cff.png'),
('room_s0228', 'room (6).png', 'a0d67ac5-63ba-4f7a-9475-bde3616fb007.png'),
('room_s0228', 'room (8).png', 'd1f8278f-9398-4320-b065-03e83611194a.png'),
('room_s0228', 'room (8).png', '1b4e91cf-e40f-422c-b52b-e544010ad034.png'),
('room_s0228', 'room (4).png', '0121eadd-6d93-4d50-ac46-80cdb499af60.png'),
('room_s0228', 'room (1).png', '750257d3-e333-4197-a14c-7cb8f5d09bdc.png'),
('room_s0228', 'room (2).png', 'ef4dc717-2dc7-44b5-b8e1-66438cbc7be0.png'),
('room_s0228', 'room (7).png', 'f708541c-0084-4516-b26a-6b151669eb66.png'),
('room_s0229', 'room (2).png', 'f10879c8-7c58-4f11-89be-a4a9c9b0e059.png'),
('room_s0229', 'room (1).png', '133e3918-4711-4e61-a196-c352e5eaf450.png'),
('room_s0230', 'room (4).png', '2b684a7e-cba0-4110-9a0d-f3be5b96bfe2.png'),
('room_s0231', 'room (4).png', '0b1b553c-0d48-4637-87fa-6b3ddf072ae7.png'),
('room_s0231', 'room (4).png', '04037ff2-e9ec-4d19-b635-2692b6c1bd64.png'),
('room_s0231', 'room (7).png', 'e5cfaffb-d4c6-4bc9-a74e-9d78ddb71d59.png'),
('room_s0231', 'room (1).png', '990252b4-d75a-45b1-9902-d63efb762758.png'),
('room_s0232', 'room (1).png', '1cacfc96-2d9b-4c0b-827a-6a7e67c113a9.png'),
('room_s0232', 'room (6).png', '514ce054-edde-4180-8462-143dc45c0c95.png'),
('room_s0232', 'room (3).png', '887ec10f-9b44-46c0-89fa-1bb009f068f4.png'),
('room_s0234', 'room (4).png', 'fa28ce1c-6afa-4474-8575-4a1e08a85cae.png'),
('room_s0235', 'room (2).png', '0e30cf66-5081-424b-9782-9ba24666a916.png'),
('room_s0235', 'room (5).png', 'df64a456-47f3-481b-83f7-6f6f05d3d33d.png'),
('room_s0236', 'room (3).png', '84b1a7cd-3102-4dfa-80d3-7ad797ba36c1.png'),
('room_s0239', 'room (8).png', '2940dbcc-4a26-4076-80d0-fff56476cd1b.png'),
('room_s0239', 'room (8).png', '08d76325-3b31-4f3c-905e-6cf8c1fa1094.png'),
('room_s0240', 'room (7).png', '000ee9f8-0095-48e9-8936-e10cfe8399c8.png'),
('room_s0241', 'room (7).png', 'bed7fce3-36db-4546-bfe5-52e531946b87.png'),
('room_s0241', 'room (7).png', 'a871bc86-1402-49f7-b5e1-cb333cb33ff4.png'),
('room_s0242', 'room (6).png', '60abcfbf-d4e3-4d2b-844e-00d2c05c1031.png'),
('room_s0242', 'room (5).png', '605b0d0e-34db-46aa-a855-260885db2d0a.png'),
('room_s0242', 'room (6).png', 'c56576cc-56b6-498b-abe5-eb67fbcfc9f8.png'),
('room_s0242', 'room (5).png', '23d67bc3-6f9b-4aad-a687-41c862b410cf.png'),
('room_s0242', 'room (1).png', 'd998fe34-b6df-4c76-9717-7c4a4a810351.png'),
('room_s0242', 'room (5).png', 'cbc2dacc-4bd7-4b5e-8845-d20df725b550.png'),
('room_s0243', 'room (2).png', '19cf02c2-da7b-4c1b-8e1f-ef4d05cd3dbe.png'),
('room_s0243', 'room (6).png', 'a31fc736-45f8-4a19-bf4c-0bc66cc0b6b0.png'),
('room_s0244', 'room (3).png', 'c3c72452-79d0-413e-90dc-02f428d55315.png'),
('room_s0244', 'room (4).png', '8485c20c-bb5d-4b6f-87d6-65808fdc04b8.png'),
('room_s0244', 'room (4).png', '8e659feb-381a-4c0a-8cdf-05aa1b2f5790.png'),
('room_s0245', 'room (1).png', '45909007-ce8c-4e4c-a1ba-901ba3f080d1.png'),
('room_s0245', 'room (5).png', '51046abd-ed9b-41b7-82d5-be86cd4208f4.png'),
('room_s0246', 'room (8).png', '58a6c761-ca01-4a1d-b9c1-f87e84feebe6.png'),
('room_s0246', 'room (5).png', 'a37be150-48be-436a-92e4-3a6c2bc10fcf.png'),
('room_s0247', 'room (6).png', '76cc9c07-7e69-4863-be9c-b381dcc4cb51.png'),
('room_s0247', 'room (1).png', 'dd768aca-658e-4c27-8c95-9d4a4260d8ec.png'),
('room_s0247', 'room (6).png', 'b51211ae-db98-4726-a327-91e1ad93c9d6.png'),
('room_s0247', 'room (2).png', '2af034be-1ae2-41b4-aed4-5f4e332acfd7.png'),
('room_s0247', 'room (4).png', '24ab9290-d1b8-4c55-895e-13f80022c161.png'),
('room_s0250', 'room (5).png', 'a7e1c8da-9302-4ba7-883d-7db511595550.png'),
('room_s0250', 'room (2).png', '70ad3fcf-16cc-4509-ac4c-6d2ddd773ef3.png'),
('room_s0250', 'room (6).png', '0d46ba66-53a7-4bae-a89e-69bab455c3b2.png'),
('room_s0250', 'room (4).png', '78847c24-cbcb-49da-8a21-7fc890822e96.png'),
('room_s0250', 'room (1).png', 'b6448605-3442-4eb6-94c5-db2fb95c422c.png'),
('room_s0250', 'room (2).png', 'bc847e57-d067-4078-b79d-edd5ddb59f52.png'),
('room_s0251', 'room (5).png', 'daadd9c2-18ed-4f7c-9f84-6b10ba2deb6a.png'),
('room_s0251', 'room (6).png', 'ff124a40-ec71-4d98-a48a-aea21e92c549.png'),
('room_s0251', 'room (3).png', '1f6c3154-deda-443d-b2d3-b72f4c9c368f.png'),
('room_s0251', 'room (5).png', '32c993e6-907c-4d17-b6ba-56c18db73675.png'),
('room_s0251', 'room (3).png', '28f84df7-3e5d-40b1-9462-a24df25dda75.png'),
('room_s0256', 'room (7).png', 'cf963b15-a613-4b2c-9f8b-524e23ec7a12.png'),
('room_s0257', 'room (8).png', 'eb99dd22-fe4d-468c-aa28-0e107d878d27.png'),
('room_s0258', 'room (8).png', '73010e96-6b7b-4d3b-b36c-0f83dd867206.png'),
('room_s0259', 'room (1).png', 'f968c1de-5de1-445c-8b0b-e1d984caf75d.png'),
('room_s0259', 'room (3).png', 'b89d52f2-2416-4205-8708-84666bb91eaa.png'),
('room_s0259', 'room (8).png', '26c55787-5609-4b12-aa27-98543d2f0e0f.png'),
('room_s0260', 'room (8).png', 'cb6fa4a4-415d-47f3-98d6-5f5834dab44f.png'),
('room_s0260', 'room (5).png', 'b5646802-a85d-493f-aae4-a7f31135f230.png'),
('room_s0260', 'room (4).png', 'bcc6ffc3-ded4-4464-82ac-19499cae128e.png'),
('room_s0261', 'room (8).png', '138010b9-49f0-433f-b799-b57d8f5e0cba.png'),
('room_s0262', 'room (5).png', '18c81fd6-c08a-43ee-ae76-ba55e63e963c.png'),
('room_s0262', 'room (3).png', '0aa020dc-2ea6-43fb-9bf1-4059b4140902.png'),
('room_s0263', 'room (5).png', '27d0060e-0b72-42d3-81ae-0899b8643998.png'),
('room_s0264', 'room (2).png', '33b6f8bd-0941-4c0f-9e68-5b50d6c862de.png'),
('room_s0265', 'room (5).png', 'a42e3c6e-3a6d-4af5-bef0-1c3b12c2fc30.png'),
('room_s0265', 'room (4).png', 'a1581e1f-02a8-44c4-8d85-827df1327637.png'),
('room_s0265', 'room (2).png', 'fab565f5-b4e1-41df-8890-27504299d304.png'),
('room_s0265', 'room (4).png', '060a10cf-884e-4bc7-b4b8-1d34e1a0d95f.png'),
('room_s0265', 'room (5).png', 'bf79df66-d96c-4dc7-bc1a-0dfd159ae94e.png'),
('room_s0266', 'room (3).png', 'fa57af27-2ff9-416b-af1b-42a2271519fa.png'),
('room_s0266', 'room (8).png', '3c47af95-f4c1-4c75-b3fb-46b4e73f3ee0.png'),
('room_s0266', 'room (4).png', 'db71da8a-1af8-4f3f-9c52-15b70596289f.png'),
('room_s0266', 'room (1).png', 'b27083e9-954a-4f46-b9d6-09708513a42d.png'),
('room_s0266', 'room (1).png', 'f4d3d68f-1224-4a65-ad26-7a8db56c465e.png'),
('room_s0266', 'room (6).png', '914444d5-7dc2-4ce4-b567-46a41c7dd1ab.png'),
('room_s0266', 'room (4).png', '02abb066-dcac-4080-9ee5-55e7fdc6e6ff.png'),
('room_s0266', 'room (4).png', 'e33fc553-8aa5-44d9-8388-cf92ad4af27f.png'),
('room_s0266', 'room (6).png', 'fe1da218-f8b3-4637-9474-b8ca6b20c20f.png'),
('room_s0267', 'room (8).png', '6f78d6bd-f391-4265-997c-2ae03c729396.png'),
('room_s0267', 'room (3).png', '29cb305a-d218-4f95-94da-b7d91d631c56.png'),
('room_s0267', 'room (3).png', 'c85b2243-51aa-4e6b-a6a1-f5c635465da3.png'),
('room_s0268', 'room (8).png', 'ddb68182-e093-475e-b10c-6e09fb8538bf.png'),
('room_s0268', 'room (5).png', '1d0e699a-6f9a-4690-bb3e-cb64d74ab442.png'),
('room_s0268', 'room (8).png', 'af8851b5-1f2b-4216-b72e-5d505900107d.png'),
('room_s0268', 'room (6).png', '51b0b6e3-3ef4-4119-83d9-8c6174657cc9.png'),
('room_s0268', 'room (1).png', '5c394b71-9815-41c9-8f1d-f5088b78c5f3.png'),
('room_s0269', 'room (6).png', 'f61d7c1a-2019-44c8-95ca-ae8332ac6c81.png'),
('room_s0270', 'room (1).png', 'be68b07c-75eb-4e03-83ff-dd3fe23458ab.png'),
('room_s0271', 'room (7).png', 'dbd23da4-6f85-4117-ac88-d83513592d64.png'),
('room_s0271', 'room (8).png', 'ba1fc2de-ac14-4325-84f1-17f1c5fdefe1.png'),
('room_s0271', 'room (8).png', 'b3496613-49ba-4ee5-947c-5d5a6dc006f2.png'),
('room_s0271', 'room (7).png', 'f0da9add-2364-4894-a7d8-f9f6e9c63d5a.png'),
('room_s0272', 'room (4).png', '97c2b8ff-0d9a-422a-bacd-7a62709e0c7c.png'),
('room_s0272', 'room (4).png', '4cd1c16b-ad61-4c5f-bf46-a5ca6a5b7b1d.png'),
('room_s0272', 'room (5).png', 'dc603696-758a-436b-a40e-ed9964ac1602.png'),
('room_s0272', 'room (5).png', '15d01080-1be5-4626-ab11-a9c14489c12e.png'),
('room_s0273', 'room (5).png', 'd0807520-0523-4f89-9301-4ae9c1d83965.png'),
('room_s0273', 'room (8).png', '2d66221c-6ce3-4580-8334-d489fbc4cc0e.png'),
('room_s0273', 'room (7).png', 'edc7afd9-14ea-4353-838d-53c0f5b87cad.png'),
('room_s0274', 'room (1).png', '9d55e576-df56-484e-ba87-b7a7ba4ef49b.png'),
('room_s0274', 'room (5).png', '31b9b218-2fba-486a-818b-e7b1fe8b1753.png'),
('room_s0274', 'room (2).png', '952086e4-08f1-43f3-9f99-ffe0fe8244fb.png'),
('room_s0275', 'room (2).png', '4ff0f157-1212-49fa-b317-8d2178fbb88f.png'),
('room_s0275', 'room (8).png', 'e58fae41-1d7a-443b-8782-3bb2c863408f.png'),
('room_s0276', 'room (8).png', '0ef3510d-6fe6-42c5-abef-dff74c264f4a.png'),
('room_s0277', 'room (5).png', 'd746ff86-7a59-4ed8-9bce-faa716bc608b.png'),
('room_s0278', 'room (6).png', 'd4754757-6066-4d26-a62e-009dde49c053.png'),
('room_s0278', 'room (8).png', 'e7187992-6288-41cf-92a5-dc4dd6906407.png'),
('room_s0279', 'room (1).png', '4503b22e-2505-413f-87b2-353124d506c0.png'),
('room_s0279', 'room (3).png', 'c5dd3ec8-310c-4975-a459-8563a0cd99de.png'),
('room_s0280', 'room (6).png', 'a6008b7c-1430-41c6-a388-4aa050233e6b.png'),
('room_s0280', 'room (7).png', '53f5f10f-db62-4bd8-993c-f0c9a036dfa6.png'),
('room_s0280', 'room (6).png', 'c878b01f-b318-40c2-b02c-8adefe4f1a72.png'),
('room_s0280', 'room (7).png', '5204d6f1-f483-4667-8bea-a1d5c7cf19dc.png'),
('room_s0281', 'room (2).png', '0902db65-c9f9-40e1-b748-9014c4fbdece.png'),
('room_s0282', 'room (5).png', 'fa8a7a15-7b73-448f-b5b1-875fd55d065f.png'),
('room_s0283', 'room (6).png', '7c2707a5-f131-4257-9935-42fe99c7565f.png'),
('room_s0283', 'room (1).png', '1ea6f202-8be1-43c3-adcf-4a9f43d5033b.png'),
('room_s0285', 'room (3).png', '663ab882-7506-41ac-aeaa-d38c52213191.png'),
('room_s0285', 'room (3).png', 'ea0ebf69-33b5-4a30-b11c-f21784190da8.png'),
('room_s0285', 'room (7).png', 'ae64acb2-37c1-405f-ba6d-57d85854be60.png'),
('room_s0285', 'room (4).png', '97170a1f-2128-4e38-91f2-f8e8e54dbecf.png'),
('room_s0285', 'room (7).png', '21a77277-0e59-4d5f-af8b-94b061f6bea0.png'),
('room_s0285', 'room (7).png', '4254392b-68e7-4e28-afdc-e62896c1ff8c.png'),
('room_s0285', 'room (7).png', '59fbfeb6-5648-4bc7-9fcd-5f31f077a97f.png'),
('room_s0285', 'room (7).png', 'eacec1a7-ac4d-4156-9c26-423e9c72d035.png'),
('room_s0286', 'room (5).png', 'a4e4889a-c240-401f-b73b-e6ade643599a.png'),
('room_s0286', 'room (2).png', '0d44edd3-ad07-41ae-8376-b378dd4d7603.png'),
('room_s0286', 'room (4).png', '37700144-f654-4429-b200-525d7f2503d2.png'),
('room_s0288', 'room (5).png', '15329980-4677-4c9d-ba29-dca0fc116a0f.png'),
('room_s0289', 'room (3).png', 'b0ca1272-c174-4c5e-966c-67728da96dc2.png'),
('room_s0290', 'room (3).png', '23dd178d-0521-4312-9571-af196c7799d8.png'),
('room_s0291', 'room (6).png', '59ac6fb0-723d-4dd8-b148-08e5d911c5d3.png'),
('room_s0291', 'room (7).png', 'e15bd045-a9da-4d24-bbe4-ff8a91b9a293.png'),
('room_s0291', 'room (6).png', '9da3c6b1-da3f-44c1-a564-623e0084d76c.png'),
('room_s0291', 'room (8).png', '527b13a7-26a7-4591-afb1-57532c6b2c49.png'),
('room_s0292', 'room (5).png', '611d1a1a-42cb-4b89-af2f-c9126abfd87b.png'),
('room_s0295', 'room (3).png', '6cadf987-d031-4814-8cc1-a8568b0b4587.png'),
('room_s0295', 'room (2).png', '172ae558-2cb5-4baa-80ab-b37c66527be7.png'),
('room_s0296', 'room (4).png', 'ac9b0e4f-b9cf-47aa-9fe9-ffbcbd916d6a.png'),
('room_s0298', 'room (8).png', '27e519c1-d06e-426e-ae59-f9d07fc25fb6.png'),
('room_s0298', 'room (1).png', 'eff48a2a-3239-4242-af24-5846acf1513b.png'),
('room_s0298', 'room (7).png', '7b7b6d5e-21d4-4ec8-af80-7123bbaf915c.png'),
('room_s0298', 'room (7).png', '35cd6679-12fb-442d-8717-49cf179aad7f.png'),
('room_s0300', 'room (4).png', '2379d0b9-5e6c-48fe-b331-38500b894195.png');

-- 8-2. 이미지 개수(tb_houses.house_image_count / tb_rooms.room_image_count) 동기화





-- 9. 리뷰 (tb_reviews)
INSERT INTO `tb_reviews` (`room_no`, `user_no`, `rating`, `review_content`, `review_created_at`)
VALUES
('room1', 'user1', 5, '채광이 좋아서 낮에도 환해요. 방 상태 깔끔했습니다.', '2026-02-12 19:01:31'),
('room1', 'user2', 4, '공용공간이 잘 관리되고 있어요.', '2026-02-18 03:31:18'),
('room2', 'user2', 2, '냄새가 좀 나서 환기를 자주 해야 했어요.', '2026-02-26 10:06:13'),
('room2', 'user1', 2, '입주 후 며칠 지나서 곰팡이/결로가 보여서 요청했는데 처리까지 시간이 꽤 걸렸습니다. 위치는 괜찮지만 관리 대응이 느린 편이라 아쉬웠어요. 예민하신 분은 계약 전에 꼼꼼히 확인 추천합니다.', '2026-02-15 05:26:26'),
('room3', 'user1', 5, '층간소음이 거의 없고 조용해요.', '2026-02-08 19:27:15'),
('room3', 'user2', 4, '보안이 잘 되어 있어서 안심돼요.', '2026-02-20 09:18:17'),
('room4', 'user2', 5, '역이랑 가까워서 출퇴근이 편합니다.', '2026-02-27 11:28:37'),
('room4', 'user1', 3, '가격 대비 무난합니다. 큰 불만은 없어요.', '2026-02-28 15:13:17'),
('room5', 'user1', 1, '관리 상태가 들쭉날쭉해서 별로였어요.', '2026-03-01 05:00:59'),
('room5', 'user2', 4, '공용공간이 잘 관리되고 있어요. 재방문 의사 있어요.', '2026-02-28 14:38:56'),
('room6', 'user1', 4, '위치는 좋은데 수납이 생각보다 적어요. 가성비 괜찮아요.', '2026-03-01 09:08:01'),
('room6', 'user2', 3, '방은 깔끔했는데 공용세탁실 사용 시간이 겹치면 대기해야 하는 경우가 있어요. 관리 측면은 괜찮지만 입주민이 많아서 생활 리듬이 예민한 분은 참고하면 좋겠습니다.', '2026-02-27 18:35:12'),
('room7', 'user2', 4, '옵션이 알차고 전반적으로 만족합니다. 재방문 의사 있어요.', '2026-02-15 05:27:34'),
('room7', 'user1', 5, '층간소음이 거의 없고 조용해요.', '2026-02-19 13:32:33'),
('room8', 'user2', 5, '층간소음이 거의 없고 조용해요.', '2026-02-07 05:33:55'),
('room9', 'user1', 5, '채광이 좋아서 식물 키우기에도 좋고, 방음도 생각보다 괜찮습니다. 공용 라운지가 넓어서 재택할 때도 집중이 잘 돼요. 다음에 이사해도 비슷한 곳으로 가고 싶습니다.', '2026-02-22 22:39:46'),
('room10', 'user2', 3, '위치는 좋은데 수납이 생각보다 적어요.', '2026-02-15 16:41:50'),
('room10', 'user1', 5, '사진이랑 실물이 거의 같았어요. 추천합니다.', '2026-02-24 10:08:28'),
('room11', 'user1', 5, '사진이랑 실물이 거의 같았어요. 추천합니다.', '2026-02-17 13:39:06'),
('room11', 'user2', 1, '관리 상태가 들쭉날쭉해서 별로였어요.', '2026-02-17 12:48:24'),
('room12', 'user2', 4, '관리자 응대가 빠른 편이라 좋았습니다.', '2026-02-18 21:20:11'),
('room13', 'user2', 5, '층간소음이 거의 없고 조용해요.', '2026-02-25 22:10:05'),
('room13', 'user1', 5, '채광이 좋아서 식물 키우기에도 좋고, 방음도 생각보다 괜찮습니다. 공용 라운지가 넓어서 재택할 때도 집중이 잘 돼요. 다음에 이사해도 비슷한 곳으로 가고 싶습니다.', '2026-02-28 04:02:26'),
('room14', 'user1', 4, '공용공간이 잘 관리되고 있어요.', '2026-02-22 00:13:34'),
('room14', 'user2', 3, '엘리베이터 대기가 가끔 길어요.', '2026-02-16 20:43:21'),
('room15', 'user1', 5, '입주 전 청소가 잘 되어 있었고, 가구/가전 상태도 전반적으로 양호했습니다. 특히 수압이 좋아서 샤워할 때 불편함이 없었어요. 공용주방도 주기적으로 관리되는 느낌이라 만족합니다.', '2026-02-20 00:12:30'),
('room15', 'user2', 4, '옵션이 알차고 전반적으로 만족합니다.', '2026-03-01 13:15:40'),
('room16', 'user2', 4, '공용공간이 잘 관리되고 있어요.', '2026-02-27 02:21:33'),
('room17', 'user2', 5, '채광이 좋아서 식물 키우기에도 좋고, 방음도 생각보다 괜찮습니다. 공용 라운지가 넓어서 재택할 때도 집중이 잘 돼요. 다음에 이사해도 비슷한 곳으로 가고 싶습니다.', '2026-02-23 08:50:51'),
('room18', 'user1', 3, '가격 대비 무난합니다. 큰 불만은 없어요.', '2026-02-23 11:40:10'),
('room18', 'user2', 5, '역이랑 가까워서 출퇴근이 편합니다. 재방문 의사 있어요.', '2026-02-28 12:32:14'),
('room19', 'user1', 3, '엘리베이터 대기가 가끔 길어요.', '2026-02-23 10:04:04'),
('room19', 'user2', 2, '사진보다 조금 낡은 느낌이라 아쉬웠어요.', '2026-02-20 10:13:24'),
('room20', 'user1', 4, '관리자 응대가 빠른 편이라 좋았습니다.', '2026-02-24 13:19:14'),
('room21', 'user1', 3, '엘리베이터 대기가 가끔 길어요. 가성비 괜찮아요.', '2026-03-01 12:29:52'),
('room22', 'user1', 5, '층간소음이 거의 없고 조용해요. 관리비는 평균 수준입니다.', '2026-02-01 13:12:10'),
('room22', 'user2', 4, '관리자 응대가 빠른 편이라 좋았습니다. 관리비는 평균 수준입니다.', '2026-02-19 14:54:15'),
('room24', 'user1', 5, '역이랑 가까워서 출퇴근이 편합니다. 가성비 괜찮아요.', '2026-02-13 17:49:58'),
('room24', 'user2', 5, '출퇴근 동선이 좋아서 선택했는데 정말 편해요. 주변에 편의점/카페가 많고, 밤에도 비교적 안전한 분위기입니다. 관리비 내역도 투명하게 안내해줘서 신뢰가 갔습니다.', '2026-02-23 16:08:54'),
('room25', 'user2', 5, '층간소음이 거의 없고 조용해요.', '2026-02-28 03:43:29'),
('room25', 'user1', 4, '옵션이 알차고 전반적으로 만족합니다.', '2026-02-28 05:56:47'),
('room26', 'user2', 5, '역이랑 가까워서 출퇴근이 편합니다. 가성비 괜찮아요.', '2026-02-27 21:28:17'),
('room27', 'user2', 1, '사진에서 기대했던 것보다 시설이 노후된 느낌이었습니다. 하자도 몇 군데 있었고 안내가 부족했어요. 다시 선택하라면 고민할 것 같습니다. 환기만 잘하면 좋아요.', '2026-02-28 13:52:16'),
('room_s0001', 'user1', 1, '관리 상태가 들쭉날쭉해서 별로였어요.', DATE_ADD(NOW(), INTERVAL 707 MINUTE)),
('room_s0001', 'user2', 5, '층간소음이 거의 없고 조용해요.', DATE_ADD(NOW(), INTERVAL 520 MINUTE)),
('room_s0002', 'user1', 5, '채광이 좋아서 낮에도 환해요. 방 상태 깔끔했습니다. 관리비는 평균 수준입니다.', DATE_ADD(NOW(), INTERVAL 70 MINUTE)),
('room_s0002', 'user2', 5, '출퇴근 동선이 좋아서 선택했는데 정말 편해요. 주변에 편의점/카페가 많고, 밤에도 비교적 안전한 분위기입니다. 관리비 내역도 투명하게 안내해줘서 신뢰가 갔습니다.', DATE_ADD(NOW(), INTERVAL 617 MINUTE)),
('room_s0003', 'user1', 2, '냄새가 좀 나서 환기를 자주 해야 했어요.', DATE_ADD(NOW(), INTERVAL 529 MINUTE)),
('room_s0003', 'user2', 5, '사진이랑 실물이 거의 같았어요. 추천합니다.', DATE_ADD(NOW(), INTERVAL 42 MINUTE)),
('room_s0004', 'user2', 4, '옵션이 알차고 전반적으로 만족합니다.', DATE_ADD(NOW(), INTERVAL 416 MINUTE)),
('room_s0004', 'user1', 4, '옵션이 알차고 전반적으로 만족합니다. 환기만 잘하면 좋아요.', DATE_ADD(NOW(), INTERVAL 407 MINUTE)),
('room_s0005', 'user1', 5, '사진이랑 실물이 거의 같았어요. 추천합니다.', DATE_ADD(NOW(), INTERVAL 197 MINUTE)),
('room_s0005', 'user2', 4, '관리자 응대가 빠른 편이라 좋았습니다.', DATE_ADD(NOW(), INTERVAL 209 MINUTE)),
('room_s0006', 'user1', 5, '사진이랑 실물이 거의 같았어요. 추천합니다. 환기만 잘하면 좋아요.', DATE_ADD(NOW(), INTERVAL 260 MINUTE)),
('room_s0006', 'user2', 5, '채광이 좋아서 낮에도 환해요. 방 상태 깔끔했습니다.', DATE_ADD(NOW(), INTERVAL 667 MINUTE)),
('room_s0007', 'user2', 3, '전반적으로 만족하지만 아쉬운 점도 있어요. 창문 방향 때문에 겨울엔 약간 춥고, 여름엔 에어컨을 자주 켜야 했습니다. 그래도 위치/옵션 생각하면 가격은 납득되는 편입니다.', DATE_ADD(NOW(), INTERVAL 528 MINUTE)),
('room_s0007', 'user1', 5, '채광이 좋아서 낮에도 환해요. 방 상태 깔끔했습니다.', DATE_ADD(NOW(), INTERVAL 566 MINUTE)),
('room_s0008', 'user2', 5, '역이랑 가까워서 출퇴근이 편합니다. 가성비 괜찮아요.', DATE_ADD(NOW(), INTERVAL 270 MINUTE)),
('room_s0008', 'user1', 4, '반려동물 가능 매물이라 걱정했는데, 냄새나 소음 관리가 잘 되어 있었습니다. 입주민 매너도 좋은 편이고, 하자 처리 요청하면 빠르게 대응해줘서 만족했어요.', DATE_ADD(NOW(), INTERVAL 104 MINUTE)),
('room_s0009', 'user1', 4, '전체적으로 괜찮았는데 환기가 조금 아쉬워요. 가성비 괜찮아요.', DATE_ADD(NOW(), INTERVAL 50 MINUTE)),
('room_s0009', 'user2', 3, '전체적으로 괜찮았는데 환기가 조금 아쉬워요.', DATE_ADD(NOW(), INTERVAL 554 MINUTE)),
('room_s0010', 'user1', 5, '채광이 좋아서 식물 키우기에도 좋고, 방음도 생각보다 괜찮습니다. 공용 라운지가 넓어서 재택할 때도 집중이 잘 돼요. 다음에 이사해도 비슷한 곳으로 가고 싶습니다.', DATE_ADD(NOW(), INTERVAL 466 MINUTE)),
('room_s0010', 'user2', 4, '옵션이 알차고 전반적으로 만족합니다. 가성비 괜찮아요.', DATE_ADD(NOW(), INTERVAL 160 MINUTE)),
('room_s0011', 'user1', 4, '보안이 잘 되어 있어서 안심돼요.', DATE_ADD(NOW(), INTERVAL 248 MINUTE)),
('room_s0011', 'user2', 3, '전체적으로 괜찮았는데 환기가 조금 아쉬워요. 관리비는 평균 수준입니다.', DATE_ADD(NOW(), INTERVAL 524 MINUTE)),
('room_s0012', 'user2', 4, '옵션이 알차고 전반적으로 만족합니다.', DATE_ADD(NOW(), INTERVAL 517 MINUTE)),
('room_s0012', 'user1', 5, '출퇴근 동선이 좋아서 선택했는데 정말 편해요. 주변에 편의점/카페가 많고, 밤에도 비교적 안전한 분위기입니다. 관리비 내역도 투명하게 안내해줘서 신뢰가 갔습니다.', DATE_ADD(NOW(), INTERVAL 608 MINUTE)),
('room_s0013', 'user2', 3, '위치는 좋은데 수납이 생각보다 적어요.', DATE_ADD(NOW(), INTERVAL 37 MINUTE)),
('room_s0013', 'user1', 5, '층간소음이 거의 없고 조용해요.', DATE_ADD(NOW(), INTERVAL 406 MINUTE)),
('room_s0014', 'user2', 4, '옵션이 알차고 전반적으로 만족합니다. 재방문 의사 있어요.', DATE_ADD(NOW(), INTERVAL 436 MINUTE)),
('room_s0014', 'user1', 2, '주변이 밤에 조금 시끄럽습니다. 주변 인프라가 좋아요.', DATE_ADD(NOW(), INTERVAL 12 MINUTE)),
('room_s0015', 'user2', 4, '옵션이 알차고 전반적으로 만족합니다. 관리비는 평균 수준입니다.', DATE_ADD(NOW(), INTERVAL 637 MINUTE)),
('room_s0015', 'user1', 5, '역이랑 가까워서 출퇴근이 편합니다.', DATE_ADD(NOW(), INTERVAL 710 MINUTE)),
('room_s0016', 'user1', 4, '관리자 응대가 빠른 편이라 좋았습니다. 환기만 잘하면 좋아요.', DATE_ADD(NOW(), INTERVAL 386 MINUTE)),
('room_s0016', 'user2', 4, '보안이 잘 되어 있어서 안심돼요. 관리비는 평균 수준입니다.', DATE_ADD(NOW(), INTERVAL 272 MINUTE)),
('room_s0017', 'user1', 4, '옵션이 알차고 전반적으로 만족합니다.', DATE_ADD(NOW(), INTERVAL 491 MINUTE)),
('room_s0017', 'user2', 5, '사진이랑 실물이 거의 같았어요. 추천합니다.', DATE_ADD(NOW(), INTERVAL 582 MINUTE)),
('room_s0018', 'user1', 5, '사진이랑 실물이 거의 같았어요. 추천합니다.', DATE_ADD(NOW(), INTERVAL 121 MINUTE)),
('room_s0018', 'user2', 2, '외부 소음이 생각보다 크게 들어옵니다(차량/상권 소리). 창문 닫아도 어느 정도 들려서 수면이 예민한 분은 불편할 수 있어요. 가격이 저렴한 편이라 감안했습니다.', DATE_ADD(NOW(), INTERVAL 302 MINUTE)),
('room_s0019', 'user2', 5, '사진이랑 실물이 거의 같았어요. 추천합니다.', DATE_ADD(NOW(), INTERVAL 384 MINUTE)),
('room_s0019', 'user1', 4, '보안이 잘 되어 있어서 안심돼요.', DATE_ADD(NOW(), INTERVAL 681 MINUTE)),
('room_s0020', 'user1', 4, '보안이 잘 되어 있어서 안심돼요. 재방문 의사 있어요.', DATE_ADD(NOW(), INTERVAL 47 MINUTE)),
('room_s0020', 'user2', 4, '관리자 응대가 빠른 편이라 좋았습니다.', DATE_ADD(NOW(), INTERVAL 509 MINUTE)),
('room_s0021', 'user2', 5, '채광이 좋아서 낮에도 환해요. 방 상태 깔끔했습니다. 관리비는 평균 수준입니다.', DATE_ADD(NOW(), INTERVAL 318 MINUTE)),
('room_s0021', 'user1', 3, '전체적으로 괜찮았는데 환기가 조금 아쉬워요.', DATE_ADD(NOW(), INTERVAL 603 MINUTE)),
('room_s0022', 'user1', 5, '층간소음이 거의 없고 조용해요. 가성비 괜찮아요.', DATE_ADD(NOW(), INTERVAL 652 MINUTE)),
('room_s0022', 'user2', 4, '옵션이 알차고 전반적으로 만족합니다.', DATE_ADD(NOW(), INTERVAL 526 MINUTE)),
('room_s0023', 'user2', 2, '외부 소음이 생각보다 크게 들어옵니다(차량/상권 소리). 창문 닫아도 어느 정도 들려서 수면이 예민한 분은 불편할 수 있어요. 가격이 저렴한 편이라 감안했습니다.', DATE_ADD(NOW(), INTERVAL 348 MINUTE)),
('room_s0023', 'user1', 5, '채광이 좋아서 낮에도 환해요. 방 상태 깔끔했습니다.', DATE_ADD(NOW(), INTERVAL 118 MINUTE)),
('room_s0024', 'user2', 3, '전체적으로 괜찮았는데 환기가 조금 아쉬워요.', DATE_ADD(NOW(), INTERVAL 398 MINUTE)),
('room_s0024', 'user1', 5, '사진이랑 실물이 거의 같았어요. 추천합니다.', DATE_ADD(NOW(), INTERVAL 698 MINUTE)),
('room_s0025', 'user1', 3, '위치는 좋은데 수납이 생각보다 적어요. 재방문 의사 있어요.', DATE_ADD(NOW(), INTERVAL 647 MINUTE)),
('room_s0025', 'user2', 3, '엘리베이터 대기가 가끔 길어요.', DATE_ADD(NOW(), INTERVAL 450 MINUTE)),
('room_s0026', 'user1', 5, '입주 전 청소가 잘 되어 있었고, 가구/가전 상태도 전반적으로 양호했습니다. 특히 수압이 좋아서 샤워할 때 불편함이 없었어요. 공용주방도 주기적으로 관리되는 느낌이라 만족합니다.', DATE_ADD(NOW(), INTERVAL 237 MINUTE)),
('room_s0026', 'user2', 4, '보안이 잘 되어 있어서 안심돼요. 재방문 의사 있어요.', DATE_ADD(NOW(), INTERVAL 178 MINUTE)),
('room_s0027', 'user1', 5, '층간소음이 거의 없고 조용해요.', DATE_ADD(NOW(), INTERVAL 465 MINUTE)),
('room_s0027', 'user2', 5, '입주 전 청소가 잘 되어 있었고, 가구/가전 상태도 전반적으로 양호했습니다. 특히 수압이 좋아서 샤워할 때 불편함이 없었어요. 공용주방도 주기적으로 관리되는 느낌이라 만족합니다.', DATE_ADD(NOW(), INTERVAL 424 MINUTE)),
('room_s0028', 'user1', 4, '반려동물 가능 매물이라 걱정했는데, 냄새나 소음 관리가 잘 되어 있었습니다. 입주민 매너도 좋은 편이고, 하자 처리 요청하면 빠르게 대응해줘서 만족했어요.', DATE_ADD(NOW(), INTERVAL 562 MINUTE)),
('room_s0028', 'user2', 5, '채광이 좋아서 식물 키우기에도 좋고, 방음도 생각보다 괜찮습니다. 공용 라운지가 넓어서 재택할 때도 집중이 잘 돼요. 다음에 이사해도 비슷한 곳으로 가고 싶습니다.', DATE_ADD(NOW(), INTERVAL 338 MINUTE)),
('room_s0029', 'user1', 4, '공용공간이 잘 관리되고 있어요.', DATE_ADD(NOW(), INTERVAL 542 MINUTE)),
('room_s0029', 'user2', 4, '공용공간이 잘 관리되고 있어요.', DATE_ADD(NOW(), INTERVAL 12 MINUTE)),
('room_s0030', 'user1', 4, '보안이 잘 되어 있어서 안심돼요.', DATE_ADD(NOW(), INTERVAL 447 MINUTE)),
('room_s0030', 'user2', 5, '역이랑 가까워서 출퇴근이 편합니다. 관리비는 평균 수준입니다.', DATE_ADD(NOW(), INTERVAL 599 MINUTE)),
('room_s0031', 'user2', 4, '반려동물 가능 매물이라 걱정했는데, 냄새나 소음 관리가 잘 되어 있었습니다. 입주민 매너도 좋은 편이고, 하자 처리 요청하면 빠르게 대응해줘서 만족했어요.', DATE_ADD(NOW(), INTERVAL 232 MINUTE)),
('room_s0031', 'user1', 5, '역이랑 가까워서 출퇴근이 편합니다.', DATE_ADD(NOW(), INTERVAL 50 MINUTE)),
('room_s0032', 'user2', 5, '층간소음이 거의 없고 조용해요.', DATE_ADD(NOW(), INTERVAL 372 MINUTE)),
('room_s0032', 'user1', 4, '보안이 잘 되어 있어서 안심돼요. 환기만 잘하면 좋아요.', DATE_ADD(NOW(), INTERVAL 526 MINUTE)),
('room_s0033', 'user2', 3, '방은 깔끔했는데 공용세탁실 사용 시간이 겹치면 대기해야 하는 경우가 있어요. 관리 측면은 괜찮지만 입주민이 많아서 생활 리듬이 예민한 분은 참고하면 좋겠습니다.', DATE_ADD(NOW(), INTERVAL 285 MINUTE)),
('room_s0033', 'user1', 3, '위치는 좋은데 수납이 생각보다 적어요.', DATE_ADD(NOW(), INTERVAL 450 MINUTE)),
('room_s0034', 'user2', 3, '가격 대비 무난합니다. 큰 불만은 없어요.', DATE_ADD(NOW(), INTERVAL 26 MINUTE)),
('room_s0034', 'user1', 5, '입주 전 청소가 잘 되어 있었고, 가구/가전 상태도 전반적으로 양호했습니다. 특히 수압이 좋아서 샤워할 때 불편함이 없었어요. 공용주방도 주기적으로 관리되는 느낌이라 만족합니다.', DATE_ADD(NOW(), INTERVAL 255 MINUTE)),
('room_s0035', 'user2', 2, '사진보다 조금 낡은 느낌이라 아쉬웠어요.', DATE_ADD(NOW(), INTERVAL 323 MINUTE)),
('room_s0035', 'user1', 5, '출퇴근 동선이 좋아서 선택했는데 정말 편해요. 주변에 편의점/카페가 많고, 밤에도 비교적 안전한 분위기입니다. 관리비 내역도 투명하게 안내해줘서 신뢰가 갔습니다.', DATE_ADD(NOW(), INTERVAL 357 MINUTE)),
('room_s0036', 'user1', 2, '냄새가 좀 나서 환기를 자주 해야 했어요.', DATE_ADD(NOW(), INTERVAL 658 MINUTE)),
('room_s0036', 'user2', 4, '옵션이 알차고 전반적으로 만족합니다.', DATE_ADD(NOW(), INTERVAL 122 MINUTE)),
('room_s0037', 'user2', 5, '층간소음이 거의 없고 조용해요.', DATE_ADD(NOW(), INTERVAL 415 MINUTE)),
('room_s0037', 'user1', 4, '보안이 잘 되어 있어서 안심돼요.', DATE_ADD(NOW(), INTERVAL 59 MINUTE)),
('room_s0038', 'user1', 5, '채광이 좋아서 낮에도 환해요. 방 상태 깔끔했습니다.', DATE_ADD(NOW(), INTERVAL 207 MINUTE)),
('room_s0038', 'user2', 5, '사진이랑 실물이 거의 같았어요. 추천합니다.', DATE_ADD(NOW(), INTERVAL 159 MINUTE)),
('room_s0039', 'user2', 3, '전반적으로 만족하지만 아쉬운 점도 있어요. 창문 방향 때문에 겨울엔 약간 춥고, 여름엔 에어컨을 자주 켜야 했습니다. 그래도 위치/옵션 생각하면 가격은 납득되는 편입니다.', DATE_ADD(NOW(), INTERVAL 264 MINUTE)),
('room_s0039', 'user1', 4, '공용공간이 잘 관리되고 있어요.', DATE_ADD(NOW(), INTERVAL 677 MINUTE)),
('room_s0040', 'user2', 4, '공용공간이 잘 관리되고 있어요.', DATE_ADD(NOW(), INTERVAL 561 MINUTE)),
('room_s0040', 'user1', 5, '출퇴근 동선이 좋아서 선택했는데 정말 편해요. 주변에 편의점/카페가 많고, 밤에도 비교적 안전한 분위기입니다. 관리비 내역도 투명하게 안내해줘서 신뢰가 갔습니다.', DATE_ADD(NOW(), INTERVAL 532 MINUTE)),
('room_s0041', 'user1', 4, '관리자 응대가 빠른 편이라 좋았습니다.', DATE_ADD(NOW(), INTERVAL 594 MINUTE)),
('room_s0041', 'user2', 3, '가격 대비 무난합니다. 큰 불만은 없어요.', DATE_ADD(NOW(), INTERVAL 534 MINUTE)),
('room_s0042', 'user2', 4, '가격 대비 무난합니다. 큰 불만은 없어요. 가성비 괜찮아요.', DATE_ADD(NOW(), INTERVAL 388 MINUTE)),
('room_s0042', 'user1', 4, '보안이 잘 되어 있어서 안심돼요.', DATE_ADD(NOW(), INTERVAL 7 MINUTE)),
('room_s0043', 'user1', 4, '옵션이 알차고 전반적으로 만족합니다.', DATE_ADD(NOW(), INTERVAL 291 MINUTE)),
('room_s0043', 'user2', 5, '채광이 좋아서 낮에도 환해요. 방 상태 깔끔했습니다.', DATE_ADD(NOW(), INTERVAL 214 MINUTE)),
('room_s0044', 'user2', 4, '엘리베이터 대기가 가끔 길어요. 가성비 괜찮아요.', DATE_ADD(NOW(), INTERVAL 22 MINUTE)),
('room_s0044', 'user1', 4, '반려동물 가능 매물이라 걱정했는데, 냄새나 소음 관리가 잘 되어 있었습니다. 입주민 매너도 좋은 편이고, 하자 처리 요청하면 빠르게 대응해줘서 만족했어요.', DATE_ADD(NOW(), INTERVAL 352 MINUTE)),
('room_s0045', 'user1', 3, '엘리베이터 대기가 가끔 길어요.', DATE_ADD(NOW(), INTERVAL 527 MINUTE)),
('room_s0045', 'user2', 2, '외부 소음이 생각보다 크게 들어옵니다(차량/상권 소리). 창문 닫아도 어느 정도 들려서 수면이 예민한 분은 불편할 수 있어요. 가격이 저렴한 편이라 감안했습니다.', DATE_ADD(NOW(), INTERVAL 329 MINUTE)),
('room_s0046', 'user1', 5, '채광이 좋아서 낮에도 환해요. 방 상태 깔끔했습니다.', DATE_ADD(NOW(), INTERVAL 414 MINUTE)),
('room_s0047', 'user2', 4, '공용공간이 잘 관리되고 있어요.', DATE_ADD(NOW(), INTERVAL 423 MINUTE)),
('room_s0048', 'user2', 4, '옵션이 알차고 전반적으로 만족합니다.', DATE_ADD(NOW(), INTERVAL 393 MINUTE)),
('room_s0048', 'user1', 5, '역이랑 가까워서 출퇴근이 편합니다.', DATE_ADD(NOW(), INTERVAL 8 MINUTE)),
('room_s0050', 'user1', 4, '전체적으로 괜찮았는데 환기가 조금 아쉬워요. 가성비 괜찮아요.', DATE_ADD(NOW(), INTERVAL 358 MINUTE)),
('room_s0052', 'user2', 2, '주변이 밤에 조금 시끄럽습니다.', DATE_ADD(NOW(), INTERVAL 276 MINUTE)),
('room_s0052', 'user1', 2, '냄새가 좀 나서 환기를 자주 해야 했어요.', DATE_ADD(NOW(), INTERVAL 215 MINUTE)),
('room_s0053', 'user1', 4, '보안이 잘 되어 있어서 안심돼요.', DATE_ADD(NOW(), INTERVAL 284 MINUTE)),
('room_s0053', 'user2', 4, '보안이 잘 되어 있어서 안심돼요.', DATE_ADD(NOW(), INTERVAL 707 MINUTE)),
('room_s0054', 'user1', 5, '채광이 좋아서 낮에도 환해요. 방 상태 깔끔했습니다. 관리비는 평균 수준입니다.', DATE_ADD(NOW(), INTERVAL 358 MINUTE)),
('room_s0055', 'user2', 4, '옵션이 알차고 전반적으로 만족합니다.', DATE_ADD(NOW(), INTERVAL 321 MINUTE)),
('room_s0057', 'user1', 2, '냄새가 좀 나서 환기를 자주 해야 했어요.', DATE_ADD(NOW(), INTERVAL 643 MINUTE)),
('room_s0057', 'user2', 5, '채광이 좋아서 식물 키우기에도 좋고, 방음도 생각보다 괜찮습니다. 공용 라운지가 넓어서 재택할 때도 집중이 잘 돼요. 다음에 이사해도 비슷한 곳으로 가고 싶습니다.', DATE_ADD(NOW(), INTERVAL 661 MINUTE)),
('room_s0058', 'user1', 3, '전체적으로 괜찮았는데 환기가 조금 아쉬워요. 관리비는 평균 수준입니다.', DATE_ADD(NOW(), INTERVAL 583 MINUTE)),
('room_s0059', 'user2', 4, '관리자 응대가 빠른 편이라 좋았습니다. 주변 인프라가 좋아요.', DATE_ADD(NOW(), INTERVAL 193 MINUTE)),
('room_s0060', 'user1', 3, '방은 깔끔했는데 공용세탁실 사용 시간이 겹치면 대기해야 하는 경우가 있어요. 관리 측면은 괜찮지만 입주민이 많아서 생활 리듬이 예민한 분은 참고하면 좋겠습니다.', DATE_ADD(NOW(), INTERVAL 206 MINUTE)),
('room_s0060', 'user2', 3, '엘리베이터 대기가 가끔 길어요. 재방문 의사 있어요.', DATE_ADD(NOW(), INTERVAL 419 MINUTE)),
('room_s0061', 'user2', 3, '엘리베이터 대기가 가끔 길어요.', DATE_ADD(NOW(), INTERVAL 210 MINUTE)),
('room_s0061', 'user1', 3, '엘리베이터 대기가 가끔 길어요.', DATE_ADD(NOW(), INTERVAL 386 MINUTE)),
('room_s0062', 'user2', 4, '관리자 응대가 빠른 편이라 좋았습니다. 관리비는 평균 수준입니다.', DATE_ADD(NOW(), INTERVAL 483 MINUTE)),
('room_s0063', 'user1', 4, '가격 대비 무난합니다. 큰 불만은 없어요. 가성비 괜찮아요.', DATE_ADD(NOW(), INTERVAL 403 MINUTE)),
('room_s0063', 'user2', 2, '외부 소음이 생각보다 크게 들어옵니다(차량/상권 소리). 창문 닫아도 어느 정도 들려서 수면이 예민한 분은 불편할 수 있어요. 가격이 저렴한 편이라 감안했습니다.', DATE_ADD(NOW(), INTERVAL 139 MINUTE)),
('room_s0064', 'user2', 3, '엘리베이터 대기가 가끔 길어요.', DATE_ADD(NOW(), INTERVAL 85 MINUTE)),
('room_s0065', 'user2', 3, '엘리베이터 대기가 가끔 길어요.', DATE_ADD(NOW(), INTERVAL 706 MINUTE)),
('room_s0065', 'user1', 3, '위치는 좋은데 수납이 생각보다 적어요.', DATE_ADD(NOW(), INTERVAL 415 MINUTE)),
('room_s0066', 'user2', 4, '전체적으로 괜찮았는데 환기가 조금 아쉬워요. 가성비 괜찮아요.', DATE_ADD(NOW(), INTERVAL 237 MINUTE)),
('room_s0066', 'user1', 3, '엘리베이터 대기가 가끔 길어요.', DATE_ADD(NOW(), INTERVAL 358 MINUTE)),
('room_s0067', 'user2', 3, '엘리베이터 대기가 가끔 길어요.', DATE_ADD(NOW(), INTERVAL 334 MINUTE)),
('room_s0068', 'user1', 4, '냄새가 좀 나서 환기를 자주 해야 했어요. 가성비 괜찮아요.', DATE_ADD(NOW(), INTERVAL 568 MINUTE)),
('room_s0068', 'user2', 5, '채광이 좋아서 낮에도 환해요. 방 상태 깔끔했습니다.', DATE_ADD(NOW(), INTERVAL 524 MINUTE)),
('room_s0069', 'user2', 5, '층간소음이 거의 없고 조용해요. 재방문 의사 있어요.', DATE_ADD(NOW(), INTERVAL 377 MINUTE)),
('room_s0069', 'user1', 3, '전체적으로 괜찮았는데 환기가 조금 아쉬워요. 재방문 의사 있어요.', DATE_ADD(NOW(), INTERVAL 295 MINUTE)),
('room_s0070', 'user1', 4, '위치는 좋은데 수납이 생각보다 적어요. 가성비 괜찮아요.', DATE_ADD(NOW(), INTERVAL 716 MINUTE)),
('room_s0071', 'user1', 5, '역이랑 가까워서 출퇴근이 편합니다.', DATE_ADD(NOW(), INTERVAL 344 MINUTE)),
('room_s0071', 'user2', 3, '방은 깔끔했는데 공용세탁실 사용 시간이 겹치면 대기해야 하는 경우가 있어요. 관리 측면은 괜찮지만 입주민이 많아서 생활 리듬이 예민한 분은 참고하면 좋겠습니다.', DATE_ADD(NOW(), INTERVAL 340 MINUTE)),
('room_s0072', 'user1', 4, '보안이 잘 되어 있어서 안심돼요.', DATE_ADD(NOW(), INTERVAL 246 MINUTE)),
('room_s0074', 'user2', 4, '보안이 잘 되어 있어서 안심돼요.', DATE_ADD(NOW(), INTERVAL 595 MINUTE)),
('room_s0074', 'user1', 3, '전체적으로 괜찮았는데 환기가 조금 아쉬워요.', DATE_ADD(NOW(), INTERVAL 396 MINUTE)),
('room_s0075', 'user1', 5, '입주 전 청소가 잘 되어 있었고, 가구/가전 상태도 전반적으로 양호했습니다. 특히 수압이 좋아서 샤워할 때 불편함이 없었어요. 공용주방도 주기적으로 관리되는 느낌이라 만족합니다.', DATE_ADD(NOW(), INTERVAL 28 MINUTE)),
('room_s0075', 'user2', 3, '전체적으로 괜찮았는데 환기가 조금 아쉬워요.', DATE_ADD(NOW(), INTERVAL 277 MINUTE)),
('room_s0076', 'user2', 3, '전반적으로 만족하지만 아쉬운 점도 있어요. 창문 방향 때문에 겨울엔 약간 춥고, 여름엔 에어컨을 자주 켜야 했습니다. 그래도 위치/옵션 생각하면 가격은 납득되는 편입니다.', DATE_ADD(NOW(), INTERVAL 429 MINUTE)),
('room_s0076', 'user1', 1, '관리 상태가 들쭉날쭉해서 별로였어요.', DATE_ADD(NOW(), INTERVAL 531 MINUTE)),
('room_s0077', 'user1', 4, '반려동물 가능 매물이라 걱정했는데, 냄새나 소음 관리가 잘 되어 있었습니다. 입주민 매너도 좋은 편이고, 하자 처리 요청하면 빠르게 대응해줘서 만족했어요.', DATE_ADD(NOW(), INTERVAL 491 MINUTE)),
('room_s0077', 'user2', 3, '가격 대비 무난합니다. 큰 불만은 없어요. 환기만 잘하면 좋아요.', DATE_ADD(NOW(), INTERVAL 327 MINUTE)),
('room_s0078', 'user2', 3, '전반적으로 만족하지만 아쉬운 점도 있어요. 창문 방향 때문에 겨울엔 약간 춥고, 여름엔 에어컨을 자주 켜야 했습니다. 그래도 위치/옵션 생각하면 가격은 납득되는 편입니다.', DATE_ADD(NOW(), INTERVAL 283 MINUTE)),
('room_s0078', 'user1', 5, '역이랑 가까워서 출퇴근이 편합니다.', DATE_ADD(NOW(), INTERVAL 332 MINUTE)),
('room_s0079', 'user1', 3, '방은 깔끔했는데 공용세탁실 사용 시간이 겹치면 대기해야 하는 경우가 있어요. 관리 측면은 괜찮지만 입주민이 많아서 생활 리듬이 예민한 분은 참고하면 좋겠습니다.', DATE_ADD(NOW(), INTERVAL 645 MINUTE)),
('room_s0080', 'user2', 3, '전체적으로 괜찮았는데 환기가 조금 아쉬워요.', DATE_ADD(NOW(), INTERVAL 435 MINUTE)),
('room_s0080', 'user1', 5, '출퇴근 동선이 좋아서 선택했는데 정말 편해요. 주변에 편의점/카페가 많고, 밤에도 비교적 안전한 분위기입니다. 관리비 내역도 투명하게 안내해줘서 신뢰가 갔습니다.', DATE_ADD(NOW(), INTERVAL 193 MINUTE)),
('room_s0081', 'user2', 5, '층간소음이 거의 없고 조용해요.', DATE_ADD(NOW(), INTERVAL 179 MINUTE)),
('room_s0082', 'user2', 2, '사진보다 조금 낡은 느낌이라 아쉬웠어요.', DATE_ADD(NOW(), INTERVAL 344 MINUTE)),
('room_s0083', 'user2', 2, '입주 후 며칠 지나서 곰팡이/결로가 보여서 요청했는데 처리까지 시간이 꽤 걸렸습니다. 위치는 괜찮지만 관리 대응이 느린 편이라 아쉬웠어요. 예민하신 분은 계약 전에 꼼꼼히 확인 추천합니다.', DATE_ADD(NOW(), INTERVAL 640 MINUTE)),
('room_s0083', 'user1', 3, '엘리베이터 대기가 가끔 길어요.', DATE_ADD(NOW(), INTERVAL 98 MINUTE)),
('room_s0085', 'user2', 2, '냄새가 좀 나서 환기를 자주 해야 했어요. 주변 인프라가 좋아요.', DATE_ADD(NOW(), INTERVAL 236 MINUTE)),
('room_s0086', 'user2', 5, '입주 전 청소가 잘 되어 있었고, 가구/가전 상태도 전반적으로 양호했습니다. 특히 수압이 좋아서 샤워할 때 불편함이 없었어요. 공용주방도 주기적으로 관리되는 느낌이라 만족합니다.', DATE_ADD(NOW(), INTERVAL 176 MINUTE)),
('room_s0087', 'user2', 3, '방은 깔끔했는데 공용세탁실 사용 시간이 겹치면 대기해야 하는 경우가 있어요. 관리 측면은 괜찮지만 입주민이 많아서 생활 리듬이 예민한 분은 참고하면 좋겠습니다.', DATE_ADD(NOW(), INTERVAL 343 MINUTE)),
('room_s0088', 'user2', 2, '입주 후 며칠 지나서 곰팡이/결로가 보여서 요청했는데 처리까지 시간이 꽤 걸렸습니다. 위치는 괜찮지만 관리 대응이 느린 편이라 아쉬웠어요. 예민하신 분은 계약 전에 꼼꼼히 확인 추천합니다.', DATE_ADD(NOW(), INTERVAL 480 MINUTE)),
('room_s0088', 'user1', 5, '채광이 좋아서 낮에도 환해요. 방 상태 깔끔했습니다.', DATE_ADD(NOW(), INTERVAL 297 MINUTE)),
('room_s0091', 'user1', 3, '위치는 좋은데 수납이 생각보다 적어요.', DATE_ADD(NOW(), INTERVAL 309 MINUTE)),
('room_s0093', 'user1', 3, '엘리베이터 대기가 가끔 길어요. 재방문 의사 있어요.', DATE_ADD(NOW(), INTERVAL 38 MINUTE)),
('room_s0094', 'user1', 5, '입주 전 청소가 잘 되어 있었고, 가구/가전 상태도 전반적으로 양호했습니다. 특히 수압이 좋아서 샤워할 때 불편함이 없었어요. 공용주방도 주기적으로 관리되는 느낌이라 만족합니다.', DATE_ADD(NOW(), INTERVAL 475 MINUTE)),
('room_s0094', 'user2', 4, '보안이 잘 되어 있어서 안심돼요. 관리비는 평균 수준입니다.', DATE_ADD(NOW(), INTERVAL 578 MINUTE)),
('room_s0095', 'user2', 3, '엘리베이터 대기가 가끔 길어요.', DATE_ADD(NOW(), INTERVAL 114 MINUTE)),
('room_s0096', 'user1', 3, '위치는 좋은데 수납이 생각보다 적어요. 주변 인프라가 좋아요.', DATE_ADD(NOW(), INTERVAL 318 MINUTE)),
('room_s0097', 'user1', 2, '냄새가 좀 나서 환기를 자주 해야 했어요.', DATE_ADD(NOW(), INTERVAL 663 MINUTE)),
('room_s0098', 'user2', 4, '반려동물 가능 매물이라 걱정했는데, 냄새나 소음 관리가 잘 되어 있었습니다. 입주민 매너도 좋은 편이고, 하자 처리 요청하면 빠르게 대응해줘서 만족했어요.', DATE_ADD(NOW(), INTERVAL 213 MINUTE)),
('room_s0099', 'user1', 3, '전체적으로 괜찮았는데 환기가 조금 아쉬워요.', DATE_ADD(NOW(), INTERVAL 540 MINUTE)),
('room_s0099', 'user2', 2, '냄새가 좀 나서 환기를 자주 해야 했어요.', DATE_ADD(NOW(), INTERVAL 644 MINUTE)),
('room_s0100', 'user2', 3, '위치는 좋은데 수납이 생각보다 적어요. 주변 인프라가 좋아요.', DATE_ADD(NOW(), INTERVAL 298 MINUTE)),
('room_s0100', 'user1', 2, '외부 소음이 생각보다 크게 들어옵니다(차량/상권 소리). 창문 닫아도 어느 정도 들려서 수면이 예민한 분은 불편할 수 있어요. 가격이 저렴한 편이라 감안했습니다.', DATE_ADD(NOW(), INTERVAL 682 MINUTE)),
('room_s0101', 'user2', 4, '공용공간이 잘 관리되고 있어요.', DATE_ADD(NOW(), INTERVAL 482 MINUTE)),
('room_s0101', 'user1', 2, '사진보다 조금 낡은 느낌이라 아쉬웠어요.', DATE_ADD(NOW(), INTERVAL 682 MINUTE)),
('room_s0102', 'user2', 2, '외부 소음이 생각보다 크게 들어옵니다(차량/상권 소리). 창문 닫아도 어느 정도 들려서 수면이 예민한 분은 불편할 수 있어요. 가격이 저렴한 편이라 감안했습니다.', DATE_ADD(NOW(), INTERVAL 241 MINUTE)),
('room_s0102', 'user1', 5, '출퇴근 동선이 좋아서 선택했는데 정말 편해요. 주변에 편의점/카페가 많고, 밤에도 비교적 안전한 분위기입니다. 관리비 내역도 투명하게 안내해줘서 신뢰가 갔습니다.', DATE_ADD(NOW(), INTERVAL 350 MINUTE)),
('room_s0103', 'user2', 3, '전반적으로 만족하지만 아쉬운 점도 있어요. 창문 방향 때문에 겨울엔 약간 춥고, 여름엔 에어컨을 자주 켜야 했습니다. 그래도 위치/옵션 생각하면 가격은 납득되는 편입니다.', DATE_ADD(NOW(), INTERVAL 52 MINUTE)),
('room_s0103', 'user1', 3, '위치는 좋은데 수납이 생각보다 적어요.', DATE_ADD(NOW(), INTERVAL 217 MINUTE)),
('room_s0104', 'user2', 4, '보안이 잘 되어 있어서 안심돼요.', DATE_ADD(NOW(), INTERVAL 209 MINUTE)),
('room_s0105', 'user2', 1, '사진에서 기대했던 것보다 시설이 노후된 느낌이었습니다. 하자도 몇 군데 있었고 안내가 부족했어요. 다시 선택하라면 고민할 것 같습니다.', DATE_ADD(NOW(), INTERVAL 490 MINUTE)),
('room_s0106', 'user2', 3, '가격 대비 무난합니다. 큰 불만은 없어요.', DATE_ADD(NOW(), INTERVAL 7 MINUTE)),
('room_s0106', 'user1', 4, '보안이 잘 되어 있어서 안심돼요.', DATE_ADD(NOW(), INTERVAL 640 MINUTE)),
('room_s0107', 'user1', 4, '반려동물 가능 매물이라 걱정했는데, 냄새나 소음 관리가 잘 되어 있었습니다. 입주민 매너도 좋은 편이고, 하자 처리 요청하면 빠르게 대응해줘서 만족했어요.', DATE_ADD(NOW(), INTERVAL 582 MINUTE)),
('room_s0107', 'user2', 4, '관리자 응대가 빠른 편이라 좋았습니다. 주변 인프라가 좋아요.', DATE_ADD(NOW(), INTERVAL 209 MINUTE)),
('room_s0108', 'user1', 5, '층간소음이 거의 없고 조용해요.', DATE_ADD(NOW(), INTERVAL 140 MINUTE)),
('room_s0108', 'user2', 3, '방은 깔끔했는데 공용세탁실 사용 시간이 겹치면 대기해야 하는 경우가 있어요. 관리 측면은 괜찮지만 입주민이 많아서 생활 리듬이 예민한 분은 참고하면 좋겠습니다.', DATE_ADD(NOW(), INTERVAL 561 MINUTE)),
('room_s0109', 'user2', 2, '냄새가 좀 나서 환기를 자주 해야 했어요. 재방문 의사 있어요.', DATE_ADD(NOW(), INTERVAL 551 MINUTE)),
('room_s0109', 'user1', 3, '전체적으로 괜찮았는데 환기가 조금 아쉬워요.', DATE_ADD(NOW(), INTERVAL 554 MINUTE)),
('room_s0110', 'user1', 4, '반려동물 가능 매물이라 걱정했는데, 냄새나 소음 관리가 잘 되어 있었습니다. 입주민 매너도 좋은 편이고, 하자 처리 요청하면 빠르게 대응해줘서 만족했어요.', DATE_ADD(NOW(), INTERVAL 271 MINUTE)),
('room_s0111', 'user1', 3, '전체적으로 괜찮았는데 환기가 조금 아쉬워요. 재방문 의사 있어요.', DATE_ADD(NOW(), INTERVAL 400 MINUTE)),
('room_s0112', 'user2', 5, '역이랑 가까워서 출퇴근이 편합니다.', DATE_ADD(NOW(), INTERVAL 664 MINUTE)),
('room_s0113', 'user1', 2, '사진보다 조금 낡은 느낌이라 아쉬웠어요. 관리비는 평균 수준입니다.', DATE_ADD(NOW(), INTERVAL 700 MINUTE)),
('room_s0113', 'user2', 3, '위치는 좋은데 수납이 생각보다 적어요.', DATE_ADD(NOW(), INTERVAL 239 MINUTE)),
('room_s0114', 'user1', 5, '출퇴근 동선이 좋아서 선택했는데 정말 편해요. 주변에 편의점/카페가 많고, 밤에도 비교적 안전한 분위기입니다. 관리비 내역도 투명하게 안내해줘서 신뢰가 갔습니다.', DATE_ADD(NOW(), INTERVAL 461 MINUTE)),
('room_s0114', 'user2', 3, '방은 깔끔했는데 공용세탁실 사용 시간이 겹치면 대기해야 하는 경우가 있어요. 관리 측면은 괜찮지만 입주민이 많아서 생활 리듬이 예민한 분은 참고하면 좋겠습니다.', DATE_ADD(NOW(), INTERVAL 403 MINUTE)),
('room_s0115', 'user1', 1, '관리 상태가 들쭉날쭉해서 별로였어요. 관리비는 평균 수준입니다.', DATE_ADD(NOW(), INTERVAL 549 MINUTE)),
('room_s0115', 'user2', 5, '채광이 좋아서 낮에도 환해요. 방 상태 깔끔했습니다. 관리비는 평균 수준입니다.', DATE_ADD(NOW(), INTERVAL 229 MINUTE)),
('room_s0116', 'user1', 4, '보안이 잘 되어 있어서 안심돼요.', DATE_ADD(NOW(), INTERVAL 268 MINUTE)),
('room_s0116', 'user2', 3, '위치는 좋은데 수납이 생각보다 적어요.', DATE_ADD(NOW(), INTERVAL 659 MINUTE)),
('room_s0118', 'user2', 2, '사진보다 조금 낡은 느낌이라 아쉬웠어요. 재방문 의사 있어요.', DATE_ADD(NOW(), INTERVAL 222 MINUTE)),
('room_s0120', 'user2', 5, '층간소음이 거의 없고 조용해요.', DATE_ADD(NOW(), INTERVAL 27 MINUTE)),
('room_s0120', 'user1', 1, '사진에서 기대했던 것보다 시설이 노후된 느낌이었습니다. 하자도 몇 군데 있었고 안내가 부족했어요. 다시 선택하라면 고민할 것 같습니다.', DATE_ADD(NOW(), INTERVAL 548 MINUTE)),
('room_s0121', 'user2', 4, '공용공간이 잘 관리되고 있어요. 주변 인프라가 좋아요.', DATE_ADD(NOW(), INTERVAL 483 MINUTE)),
('room_s0121', 'user1', 3, '가격 대비 무난합니다. 큰 불만은 없어요.', DATE_ADD(NOW(), INTERVAL 485 MINUTE)),
('room_s0122', 'user2', 5, '층간소음이 거의 없고 조용해요.', DATE_ADD(NOW(), INTERVAL 611 MINUTE)),
('room_s0123', 'user2', 4, '반려동물 가능 매물이라 걱정했는데, 냄새나 소음 관리가 잘 되어 있었습니다. 입주민 매너도 좋은 편이고, 하자 처리 요청하면 빠르게 대응해줘서 만족했어요.', DATE_ADD(NOW(), INTERVAL 469 MINUTE)),
('room_s0123', 'user1', 4, '보안이 잘 되어 있어서 안심돼요. 주변 인프라가 좋아요.', DATE_ADD(NOW(), INTERVAL 110 MINUTE)),
('room_s0124', 'user2', 2, '주변이 밤에 조금 시끄럽습니다.', DATE_ADD(NOW(), INTERVAL 69 MINUTE)),
('room_s0124', 'user1', 4, '반려동물 가능 매물이라 걱정했는데, 냄새나 소음 관리가 잘 되어 있었습니다. 입주민 매너도 좋은 편이고, 하자 처리 요청하면 빠르게 대응해줘서 만족했어요.', DATE_ADD(NOW(), INTERVAL 603 MINUTE)),
('room_s0125', 'user2', 5, '채광이 좋아서 식물 키우기에도 좋고, 방음도 생각보다 괜찮습니다. 공용 라운지가 넓어서 재택할 때도 집중이 잘 돼요. 다음에 이사해도 비슷한 곳으로 가고 싶습니다.', DATE_ADD(NOW(), INTERVAL 157 MINUTE)),
('room_s0125', 'user1', 4, '보안이 잘 되어 있어서 안심돼요. 관리비는 평균 수준입니다.', DATE_ADD(NOW(), INTERVAL 529 MINUTE)),
('room_s0126', 'user1', 5, '역이랑 가까워서 출퇴근이 편합니다.', DATE_ADD(NOW(), INTERVAL 603 MINUTE)),
('room_s0126', 'user2', 5, '출퇴근 동선이 좋아서 선택했는데 정말 편해요. 주변에 편의점/카페가 많고, 밤에도 비교적 안전한 분위기입니다. 관리비 내역도 투명하게 안내해줘서 신뢰가 갔습니다.', DATE_ADD(NOW(), INTERVAL 537 MINUTE)),
('room_s0127', 'user1', 4, '보안이 잘 되어 있어서 안심돼요.', DATE_ADD(NOW(), INTERVAL 97 MINUTE)),
('room_s0128', 'user1', 3, '방은 깔끔했는데 공용세탁실 사용 시간이 겹치면 대기해야 하는 경우가 있어요. 관리 측면은 괜찮지만 입주민이 많아서 생활 리듬이 예민한 분은 참고하면 좋겠습니다.', DATE_ADD(NOW(), INTERVAL 134 MINUTE)),
('room_s0128', 'user2', 3, '엘리베이터 대기가 가끔 길어요.', DATE_ADD(NOW(), INTERVAL 443 MINUTE)),
('room_s0129', 'user1', 3, '전체적으로 괜찮았는데 환기가 조금 아쉬워요. 환기만 잘하면 좋아요.', DATE_ADD(NOW(), INTERVAL 714 MINUTE)),
('room_s0130', 'user1', 3, '전체적으로 괜찮았는데 환기가 조금 아쉬워요.', DATE_ADD(NOW(), INTERVAL 542 MINUTE)),
('room_s0130', 'user2', 5, '사진이랑 실물이 거의 같았어요. 추천합니다.', DATE_ADD(NOW(), INTERVAL 100 MINUTE)),
('room_s0131', 'user2', 1, '관리 상태가 들쭉날쭉해서 별로였어요.', DATE_ADD(NOW(), INTERVAL 142 MINUTE)),
('room_s0131', 'user1', 4, '옵션이 알차고 전반적으로 만족합니다.', DATE_ADD(NOW(), INTERVAL 707 MINUTE)),
('room_s0132', 'user2', 4, '옵션이 알차고 전반적으로 만족합니다.', DATE_ADD(NOW(), INTERVAL 290 MINUTE)),
('room_s0132', 'user1', 4, '옵션이 알차고 전반적으로 만족합니다.', DATE_ADD(NOW(), INTERVAL 60 MINUTE)),
('room_s0133', 'user1', 2, '입주 후 며칠 지나서 곰팡이/결로가 보여서 요청했는데 처리까지 시간이 꽤 걸렸습니다. 위치는 괜찮지만 관리 대응이 느린 편이라 아쉬웠어요. 예민하신 분은 계약 전에 꼼꼼히 확인 추천합니다.', DATE_ADD(NOW(), INTERVAL 365 MINUTE)),
('room_s0133', 'user2', 2, '주변이 밤에 조금 시끄럽습니다.', DATE_ADD(NOW(), INTERVAL 577 MINUTE)),
('room_s0134', 'user2', 5, '사진이랑 실물이 거의 같았어요. 추천합니다. 가성비 괜찮아요.', DATE_ADD(NOW(), INTERVAL 500 MINUTE)),
('room_s0134', 'user1', 1, '관리 상태가 들쭉날쭉해서 별로였어요.', DATE_ADD(NOW(), INTERVAL 591 MINUTE)),
('room_s0135', 'user2', 5, '입주 전 청소가 잘 되어 있었고, 가구/가전 상태도 전반적으로 양호했습니다. 특히 수압이 좋아서 샤워할 때 불편함이 없었어요. 공용주방도 주기적으로 관리되는 느낌이라 만족합니다.', DATE_ADD(NOW(), INTERVAL 180 MINUTE)),
('room_s0135', 'user1', 5, '채광이 좋아서 낮에도 환해요. 방 상태 깔끔했습니다.', DATE_ADD(NOW(), INTERVAL 676 MINUTE)),
('room_s0136', 'user2', 4, '관리자 응대가 빠른 편이라 좋았습니다.', DATE_ADD(NOW(), INTERVAL 613 MINUTE)),
('room_s0137', 'user2', 5, '사진이랑 실물이 거의 같았어요. 추천합니다.', DATE_ADD(NOW(), INTERVAL 392 MINUTE)),
('room_s0137', 'user1', 5, '채광이 좋아서 식물 키우기에도 좋고, 방음도 생각보다 괜찮습니다. 공용 라운지가 넓어서 재택할 때도 집중이 잘 돼요. 다음에 이사해도 비슷한 곳으로 가고 싶습니다.', DATE_ADD(NOW(), INTERVAL 663 MINUTE)),
('room_s0138', 'user1', 5, '채광이 좋아서 낮에도 환해요. 방 상태 깔끔했습니다.', DATE_ADD(NOW(), INTERVAL 21 MINUTE)),
('room_s0138', 'user2', 5, '역이랑 가까워서 출퇴근이 편합니다.', DATE_ADD(NOW(), INTERVAL 693 MINUTE)),
('room_s0139', 'user1', 5, '사진이랑 실물이 거의 같았어요. 추천합니다. 가성비 괜찮아요.', DATE_ADD(NOW(), INTERVAL 222 MINUTE)),
('room_s0139', 'user2', 4, '옵션이 알차고 전반적으로 만족합니다.', DATE_ADD(NOW(), INTERVAL 56 MINUTE)),
('room_s0140', 'user1', 3, '방은 깔끔했는데 공용세탁실 사용 시간이 겹치면 대기해야 하는 경우가 있어요. 관리 측면은 괜찮지만 입주민이 많아서 생활 리듬이 예민한 분은 참고하면 좋겠습니다.', DATE_ADD(NOW(), INTERVAL 445 MINUTE)),
('room_s0140', 'user2', 4, '관리자 응대가 빠른 편이라 좋았습니다.', DATE_ADD(NOW(), INTERVAL 340 MINUTE)),
('room_s0141', 'user1', 5, '채광이 좋아서 낮에도 환해요. 방 상태 깔끔했습니다.', DATE_ADD(NOW(), INTERVAL 67 MINUTE)),
('room_s0141', 'user2', 3, '전반적으로 만족하지만 아쉬운 점도 있어요. 창문 방향 때문에 겨울엔 약간 춥고, 여름엔 에어컨을 자주 켜야 했습니다. 그래도 위치/옵션 생각하면 가격은 납득되는 편입니다.', DATE_ADD(NOW(), INTERVAL 313 MINUTE)),
('room_s0142', 'user1', 4, '공용공간이 잘 관리되고 있어요.', DATE_ADD(NOW(), INTERVAL 329 MINUTE)),
('room_s0142', 'user2', 5, '역이랑 가까워서 출퇴근이 편합니다.', DATE_ADD(NOW(), INTERVAL 151 MINUTE)),
('room_s0143', 'user2', 5, '층간소음이 거의 없고 조용해요.', DATE_ADD(NOW(), INTERVAL 559 MINUTE)),
('room_s0143', 'user1', 4, '옵션이 알차고 전반적으로 만족합니다.', DATE_ADD(NOW(), INTERVAL 182 MINUTE)),
('room_s0144', 'user1', 5, '채광이 좋아서 식물 키우기에도 좋고, 방음도 생각보다 괜찮습니다. 공용 라운지가 넓어서 재택할 때도 집중이 잘 돼요. 다음에 이사해도 비슷한 곳으로 가고 싶습니다.', DATE_ADD(NOW(), INTERVAL 676 MINUTE)),
('room_s0144', 'user2', 1, '사진에서 기대했던 것보다 시설이 노후된 느낌이었습니다. 하자도 몇 군데 있었고 안내가 부족했어요. 다시 선택하라면 고민할 것 같습니다.', DATE_ADD(NOW(), INTERVAL 11 MINUTE)),
('room_s0145', 'user2', 5, '역이랑 가까워서 출퇴근이 편합니다.', DATE_ADD(NOW(), INTERVAL 57 MINUTE)),
('room_s0145', 'user1', 4, '반려동물 가능 매물이라 걱정했는데, 냄새나 소음 관리가 잘 되어 있었습니다. 입주민 매너도 좋은 편이고, 하자 처리 요청하면 빠르게 대응해줘서 만족했어요.', DATE_ADD(NOW(), INTERVAL 356 MINUTE)),
('room_s0146', 'user1', 5, '입주 전 청소가 잘 되어 있었고, 가구/가전 상태도 전반적으로 양호했습니다. 특히 수압이 좋아서 샤워할 때 불편함이 없었어요. 공용주방도 주기적으로 관리되는 느낌이라 만족합니다.', DATE_ADD(NOW(), INTERVAL 653 MINUTE)),
('room_s0146', 'user2', 3, '위치는 좋은데 수납이 생각보다 적어요. 환기만 잘하면 좋아요.', DATE_ADD(NOW(), INTERVAL 474 MINUTE)),
('room_s0147', 'user2', 2, '주변이 밤에 조금 시끄럽습니다.', DATE_ADD(NOW(), INTERVAL 638 MINUTE)),
('room_s0147', 'user1', 5, '채광이 좋아서 낮에도 환해요. 방 상태 깔끔했습니다. 환기만 잘하면 좋아요.', DATE_ADD(NOW(), INTERVAL 519 MINUTE)),
('room_s0148', 'user1', 4, '반려동물 가능 매물이라 걱정했는데, 냄새나 소음 관리가 잘 되어 있었습니다. 입주민 매너도 좋은 편이고, 하자 처리 요청하면 빠르게 대응해줘서 만족했어요.', DATE_ADD(NOW(), INTERVAL 567 MINUTE)),
('room_s0148', 'user2', 5, '채광이 좋아서 식물 키우기에도 좋고, 방음도 생각보다 괜찮습니다. 공용 라운지가 넓어서 재택할 때도 집중이 잘 돼요. 다음에 이사해도 비슷한 곳으로 가고 싶습니다.', DATE_ADD(NOW(), INTERVAL 290 MINUTE)),
('room_s0149', 'user2', 3, '가격 대비 무난합니다. 큰 불만은 없어요.', DATE_ADD(NOW(), INTERVAL 281 MINUTE)),
('room_s0149', 'user1', 2, '외부 소음이 생각보다 크게 들어옵니다(차량/상권 소리). 창문 닫아도 어느 정도 들려서 수면이 예민한 분은 불편할 수 있어요. 가격이 저렴한 편이라 감안했습니다.', DATE_ADD(NOW(), INTERVAL 233 MINUTE)),
('room_s0150', 'user1', 5, '역이랑 가까워서 출퇴근이 편합니다.', DATE_ADD(NOW(), INTERVAL 65 MINUTE)),
('room_s0151', 'user2', 3, '엘리베이터 대기가 가끔 길어요.', DATE_ADD(NOW(), INTERVAL 390 MINUTE)),
('room_s0152', 'user1', 3, '엘리베이터 대기가 가끔 길어요.', DATE_ADD(NOW(), INTERVAL 332 MINUTE)),
('room_s0152', 'user2', 3, '엘리베이터 대기가 가끔 길어요.', DATE_ADD(NOW(), INTERVAL 32 MINUTE)),
('room_s0153', 'user1', 3, '전체적으로 괜찮았는데 환기가 조금 아쉬워요. 주변 인프라가 좋아요.', DATE_ADD(NOW(), INTERVAL 690 MINUTE)),
('room_s0153', 'user2', 5, '역이랑 가까워서 출퇴근이 편합니다. 주변 인프라가 좋아요.', DATE_ADD(NOW(), INTERVAL 635 MINUTE)),
('room_s0154', 'user2', 3, '전체적으로 괜찮았는데 환기가 조금 아쉬워요.', DATE_ADD(NOW(), INTERVAL 476 MINUTE)),
('room_s0154', 'user1', 5, '역이랑 가까워서 출퇴근이 편합니다.', DATE_ADD(NOW(), INTERVAL 5 MINUTE)),
('room_s0155', 'user2', 5, '채광이 좋아서 식물 키우기에도 좋고, 방음도 생각보다 괜찮습니다. 공용 라운지가 넓어서 재택할 때도 집중이 잘 돼요. 다음에 이사해도 비슷한 곳으로 가고 싶습니다.', DATE_ADD(NOW(), INTERVAL 222 MINUTE)),
('room_s0156', 'user1', 4, '관리자 응대가 빠른 편이라 좋았습니다. 주변 인프라가 좋아요.', DATE_ADD(NOW(), INTERVAL 267 MINUTE)),
('room_s0157', 'user2', 4, '보안이 잘 되어 있어서 안심돼요.', DATE_ADD(NOW(), INTERVAL 69 MINUTE)),
('room_s0157', 'user1', 4, '보안이 잘 되어 있어서 안심돼요. 재방문 의사 있어요.', DATE_ADD(NOW(), INTERVAL 458 MINUTE)),
('room_s0158', 'user1', 3, '가격 대비 무난합니다. 큰 불만은 없어요.', DATE_ADD(NOW(), INTERVAL 566 MINUTE)),
('room_s0158', 'user2', 5, '출퇴근 동선이 좋아서 선택했는데 정말 편해요. 주변에 편의점/카페가 많고, 밤에도 비교적 안전한 분위기입니다. 관리비 내역도 투명하게 안내해줘서 신뢰가 갔습니다.', DATE_ADD(NOW(), INTERVAL 328 MINUTE)),
('room_s0159', 'user2', 4, '옵션이 알차고 전반적으로 만족합니다.', DATE_ADD(NOW(), INTERVAL 304 MINUTE)),
('room_s0159', 'user1', 5, '채광이 좋아서 식물 키우기에도 좋고, 방음도 생각보다 괜찮습니다. 공용 라운지가 넓어서 재택할 때도 집중이 잘 돼요. 다음에 이사해도 비슷한 곳으로 가고 싶습니다.', DATE_ADD(NOW(), INTERVAL 203 MINUTE)),
('room_s0160', 'user2', 3, '위치는 좋은데 수납이 생각보다 적어요. 재방문 의사 있어요.', DATE_ADD(NOW(), INTERVAL 703 MINUTE)),
('room_s0160', 'user1', 4, '공용공간이 잘 관리되고 있어요.', DATE_ADD(NOW(), INTERVAL 694 MINUTE)),
('room_s0161', 'user2', 3, '전체적으로 괜찮았는데 환기가 조금 아쉬워요.', DATE_ADD(NOW(), INTERVAL 491 MINUTE)),
('room_s0162', 'user2', 3, '엘리베이터 대기가 가끔 길어요.', DATE_ADD(NOW(), INTERVAL 392 MINUTE)),
('room_s0163', 'user1', 5, '출퇴근 동선이 좋아서 선택했는데 정말 편해요. 주변에 편의점/카페가 많고, 밤에도 비교적 안전한 분위기입니다. 관리비 내역도 투명하게 안내해줘서 신뢰가 갔습니다.', DATE_ADD(NOW(), INTERVAL 209 MINUTE)),
('room_s0163', 'user2', 5, '입주 전 청소가 잘 되어 있었고, 가구/가전 상태도 전반적으로 양호했습니다. 특히 수압이 좋아서 샤워할 때 불편함이 없었어요. 공용주방도 주기적으로 관리되는 느낌이라 만족합니다.', DATE_ADD(NOW(), INTERVAL 487 MINUTE)),
('room_s0164', 'user1', 3, '방은 깔끔했는데 공용세탁실 사용 시간이 겹치면 대기해야 하는 경우가 있어요. 관리 측면은 괜찮지만 입주민이 많아서 생활 리듬이 예민한 분은 참고하면 좋겠습니다.', DATE_ADD(NOW(), INTERVAL 515 MINUTE)),
('room_s0164', 'user2', 5, '역이랑 가까워서 출퇴근이 편합니다. 환기만 잘하면 좋아요.', DATE_ADD(NOW(), INTERVAL 180 MINUTE)),
('room_s0165', 'user1', 5, '채광이 좋아서 낮에도 환해요. 방 상태 깔끔했습니다.', DATE_ADD(NOW(), INTERVAL 42 MINUTE)),
('room_s0165', 'user2', 3, '전체적으로 괜찮았는데 환기가 조금 아쉬워요. 주변 인프라가 좋아요.', DATE_ADD(NOW(), INTERVAL 153 MINUTE)),
('room_s0166', 'user1', 5, '역이랑 가까워서 출퇴근이 편합니다.', DATE_ADD(NOW(), INTERVAL 8 MINUTE)),
('room_s0167', 'user2', 5, '역이랑 가까워서 출퇴근이 편합니다.', DATE_ADD(NOW(), INTERVAL 326 MINUTE)),
('room_s0167', 'user1', 3, '가격 대비 무난합니다. 큰 불만은 없어요.', DATE_ADD(NOW(), INTERVAL 419 MINUTE)),
('room_s0168', 'user2', 3, '전체적으로 괜찮았는데 환기가 조금 아쉬워요.', DATE_ADD(NOW(), INTERVAL 496 MINUTE)),
('room_s0168', 'user1', 5, '입주 전 청소가 잘 되어 있었고, 가구/가전 상태도 전반적으로 양호했습니다. 특히 수압이 좋아서 샤워할 때 불편함이 없었어요. 공용주방도 주기적으로 관리되는 느낌이라 만족합니다.', DATE_ADD(NOW(), INTERVAL 203 MINUTE)),
('room_s0169', 'user1', 2, '입주 후 며칠 지나서 곰팡이/결로가 보여서 요청했는데 처리까지 시간이 꽤 걸렸습니다. 위치는 괜찮지만 관리 대응이 느린 편이라 아쉬웠어요. 예민하신 분은 계약 전에 꼼꼼히 확인 추천합니다.', DATE_ADD(NOW(), INTERVAL 607 MINUTE)),
('room_s0170', 'user1', 4, '보안이 잘 되어 있어서 안심돼요.', DATE_ADD(NOW(), INTERVAL 417 MINUTE)),
('room_s0170', 'user2', 2, '사진보다 조금 낡은 느낌이라 아쉬웠어요. 관리비는 평균 수준입니다.', DATE_ADD(NOW(), INTERVAL 34 MINUTE)),
('room_s0171', 'user1', 3, '방은 깔끔했는데 공용세탁실 사용 시간이 겹치면 대기해야 하는 경우가 있어요. 관리 측면은 괜찮지만 입주민이 많아서 생활 리듬이 예민한 분은 참고하면 좋겠습니다.', DATE_ADD(NOW(), INTERVAL 610 MINUTE)),
('room_s0171', 'user2', 4, '공용공간이 잘 관리되고 있어요.', DATE_ADD(NOW(), INTERVAL 170 MINUTE)),
('room_s0172', 'user2', 3, '방은 깔끔했는데 공용세탁실 사용 시간이 겹치면 대기해야 하는 경우가 있어요. 관리 측면은 괜찮지만 입주민이 많아서 생활 리듬이 예민한 분은 참고하면 좋겠습니다.', DATE_ADD(NOW(), INTERVAL 330 MINUTE)),
('room_s0172', 'user1', 4, '공용공간이 잘 관리되고 있어요. 주변 인프라가 좋아요.', DATE_ADD(NOW(), INTERVAL 248 MINUTE)),
('room_s0173', 'user2', 3, '가격 대비 무난합니다. 큰 불만은 없어요.', DATE_ADD(NOW(), INTERVAL 555 MINUTE)),
('room_s0173', 'user1', 2, '냄새가 좀 나서 환기를 자주 해야 했어요. 재방문 의사 있어요.', DATE_ADD(NOW(), INTERVAL 214 MINUTE)),
('room_s0174', 'user1', 4, '옵션이 알차고 전반적으로 만족합니다.', DATE_ADD(NOW(), INTERVAL 173 MINUTE)),
('room_s0174', 'user2', 3, '위치는 좋은데 수납이 생각보다 적어요.', DATE_ADD(NOW(), INTERVAL 364 MINUTE)),
('room_s0175', 'user2', 2, '주변이 밤에 조금 시끄럽습니다.', DATE_ADD(NOW(), INTERVAL 567 MINUTE)),
('room_s0177', 'user1', 3, '가격 대비 무난합니다. 큰 불만은 없어요.', DATE_ADD(NOW(), INTERVAL 58 MINUTE)),
('room_s0177', 'user2', 5, '역이랑 가까워서 출퇴근이 편합니다.', DATE_ADD(NOW(), INTERVAL 216 MINUTE)),
('room_s0178', 'user1', 5, '사진이랑 실물이 거의 같았어요. 추천합니다. 주변 인프라가 좋아요.', DATE_ADD(NOW(), INTERVAL 381 MINUTE)),
('room_s0179', 'user1', 5, '사진이랑 실물이 거의 같았어요. 추천합니다.', DATE_ADD(NOW(), INTERVAL 113 MINUTE)),
('room_s0179', 'user2', 1, '사진에서 기대했던 것보다 시설이 노후된 느낌이었습니다. 하자도 몇 군데 있었고 안내가 부족했어요. 다시 선택하라면 고민할 것 같습니다. 환기만 잘하면 좋아요.', DATE_ADD(NOW(), INTERVAL 398 MINUTE)),
('room_s0180', 'user2', 5, '입주 전 청소가 잘 되어 있었고, 가구/가전 상태도 전반적으로 양호했습니다. 특히 수압이 좋아서 샤워할 때 불편함이 없었어요. 공용주방도 주기적으로 관리되는 느낌이라 만족합니다.', DATE_ADD(NOW(), INTERVAL 399 MINUTE)),
('room_s0181', 'user1', 4, '반려동물 가능 매물이라 걱정했는데, 냄새나 소음 관리가 잘 되어 있었습니다. 입주민 매너도 좋은 편이고, 하자 처리 요청하면 빠르게 대응해줘서 만족했어요.', DATE_ADD(NOW(), INTERVAL 670 MINUTE)),
('room_s0181', 'user2', 5, '층간소음이 거의 없고 조용해요.', DATE_ADD(NOW(), INTERVAL 550 MINUTE)),
('room_s0182', 'user1', 5, '출퇴근 동선이 좋아서 선택했는데 정말 편해요. 주변에 편의점/카페가 많고, 밤에도 비교적 안전한 분위기입니다. 관리비 내역도 투명하게 안내해줘서 신뢰가 갔습니다.', DATE_ADD(NOW(), INTERVAL 599 MINUTE)),
('room_s0182', 'user2', 3, '위치는 좋은데 수납이 생각보다 적어요.', DATE_ADD(NOW(), INTERVAL 306 MINUTE)),
('room_s0183', 'user2', 4, '보안이 잘 되어 있어서 안심돼요. 가성비 괜찮아요.', DATE_ADD(NOW(), INTERVAL 103 MINUTE)),
('room_s0184', 'user2', 5, '채광이 좋아서 낮에도 환해요. 방 상태 깔끔했습니다.', DATE_ADD(NOW(), INTERVAL 294 MINUTE)),
('room_s0184', 'user1', 4, '관리자 응대가 빠른 편이라 좋았습니다.', DATE_ADD(NOW(), INTERVAL 348 MINUTE)),
('room_s0185', 'user2', 5, '채광이 좋아서 낮에도 환해요. 방 상태 깔끔했습니다.', DATE_ADD(NOW(), INTERVAL 691 MINUTE)),
('room_s0185', 'user1', 3, '엘리베이터 대기가 가끔 길어요.', DATE_ADD(NOW(), INTERVAL 302 MINUTE)),
('room_s0186', 'user1', 3, '방은 깔끔했는데 공용세탁실 사용 시간이 겹치면 대기해야 하는 경우가 있어요. 관리 측면은 괜찮지만 입주민이 많아서 생활 리듬이 예민한 분은 참고하면 좋겠습니다.', DATE_ADD(NOW(), INTERVAL 275 MINUTE)),
('room_s0186', 'user2', 5, '사진이랑 실물이 거의 같았어요. 추천합니다. 환기만 잘하면 좋아요.', DATE_ADD(NOW(), INTERVAL 552 MINUTE)),
('room_s0187', 'user1', 5, '역이랑 가까워서 출퇴근이 편합니다.', DATE_ADD(NOW(), INTERVAL 121 MINUTE)),
('room_s0187', 'user2', 5, '층간소음이 거의 없고 조용해요.', DATE_ADD(NOW(), INTERVAL 305 MINUTE)),
('room_s0188', 'user2', 4, '반려동물 가능 매물이라 걱정했는데, 냄새나 소음 관리가 잘 되어 있었습니다. 입주민 매너도 좋은 편이고, 하자 처리 요청하면 빠르게 대응해줘서 만족했어요.', DATE_ADD(NOW(), INTERVAL 675 MINUTE)),
('room_s0188', 'user1', 5, '층간소음이 거의 없고 조용해요. 재방문 의사 있어요.', DATE_ADD(NOW(), INTERVAL 421 MINUTE)),
('room_s0189', 'user2', 3, '엘리베이터 대기가 가끔 길어요. 재방문 의사 있어요.', DATE_ADD(NOW(), INTERVAL 432 MINUTE)),
('room_s0189', 'user1', 5, '사진이랑 실물이 거의 같았어요. 추천합니다.', DATE_ADD(NOW(), INTERVAL 256 MINUTE)),
('room_s0190', 'user2', 5, '층간소음이 거의 없고 조용해요. 주변 인프라가 좋아요.', DATE_ADD(NOW(), INTERVAL 139 MINUTE)),
('room_s0190', 'user1', 5, '사진이랑 실물이 거의 같았어요. 추천합니다.', DATE_ADD(NOW(), INTERVAL 628 MINUTE)),
('room_s0191', 'user2', 4, '옵션이 알차고 전반적으로 만족합니다.', DATE_ADD(NOW(), INTERVAL 265 MINUTE)),
('room_s0191', 'user1', 3, '전체적으로 괜찮았는데 환기가 조금 아쉬워요.', DATE_ADD(NOW(), INTERVAL 289 MINUTE)),
('room_s0192', 'user2', 4, '공용공간이 잘 관리되고 있어요.', DATE_ADD(NOW(), INTERVAL 37 MINUTE)),
('room_s0192', 'user1', 3, '가격 대비 무난합니다. 큰 불만은 없어요. 환기만 잘하면 좋아요.', DATE_ADD(NOW(), INTERVAL 330 MINUTE)),
('room_s0193', 'user1', 3, '전체적으로 괜찮았는데 환기가 조금 아쉬워요.', DATE_ADD(NOW(), INTERVAL 714 MINUTE)),
('room_s0194', 'user2', 3, '엘리베이터 대기가 가끔 길어요.', DATE_ADD(NOW(), INTERVAL 467 MINUTE)),
('room_s0194', 'user1', 5, '입주 전 청소가 잘 되어 있었고, 가구/가전 상태도 전반적으로 양호했습니다. 특히 수압이 좋아서 샤워할 때 불편함이 없었어요. 공용주방도 주기적으로 관리되는 느낌이라 만족합니다.', DATE_ADD(NOW(), INTERVAL 47 MINUTE)),
('room_s0195', 'user1', 5, '출퇴근 동선이 좋아서 선택했는데 정말 편해요. 주변에 편의점/카페가 많고, 밤에도 비교적 안전한 분위기입니다. 관리비 내역도 투명하게 안내해줘서 신뢰가 갔습니다.', DATE_ADD(NOW(), INTERVAL 649 MINUTE)),
('room_s0195', 'user2', 4, '보안이 잘 되어 있어서 안심돼요.', DATE_ADD(NOW(), INTERVAL 621 MINUTE)),
('room_s0196', 'user1', 4, '보안이 잘 되어 있어서 안심돼요.', DATE_ADD(NOW(), INTERVAL 151 MINUTE)),
('room_s0196', 'user2', 4, '관리자 응대가 빠른 편이라 좋았습니다.', DATE_ADD(NOW(), INTERVAL 17 MINUTE)),
('room_s0197', 'user2', 3, '전체적으로 괜찮았는데 환기가 조금 아쉬워요.', DATE_ADD(NOW(), INTERVAL 54 MINUTE)),
('room_s0197', 'user1', 4, '보안이 잘 되어 있어서 안심돼요.', DATE_ADD(NOW(), INTERVAL 250 MINUTE)),
('room_s0198', 'user2', 3, '엘리베이터 대기가 가끔 길어요.', DATE_ADD(NOW(), INTERVAL 567 MINUTE)),
('room_s0198', 'user1', 5, '채광이 좋아서 식물 키우기에도 좋고, 방음도 생각보다 괜찮습니다. 공용 라운지가 넓어서 재택할 때도 집중이 잘 돼요. 다음에 이사해도 비슷한 곳으로 가고 싶습니다.', DATE_ADD(NOW(), INTERVAL 445 MINUTE)),
('room_s0199', 'user2', 5, '출퇴근 동선이 좋아서 선택했는데 정말 편해요. 주변에 편의점/카페가 많고, 밤에도 비교적 안전한 분위기입니다. 관리비 내역도 투명하게 안내해줘서 신뢰가 갔습니다.', DATE_ADD(NOW(), INTERVAL 168 MINUTE)),
('room_s0199', 'user1', 5, '사진이랑 실물이 거의 같았어요. 추천합니다.', DATE_ADD(NOW(), INTERVAL 82 MINUTE)),
('room_s0201', 'user2', 3, '전반적으로 만족하지만 아쉬운 점도 있어요. 창문 방향 때문에 겨울엔 약간 춥고, 여름엔 에어컨을 자주 켜야 했습니다. 그래도 위치/옵션 생각하면 가격은 납득되는 편입니다.', DATE_ADD(NOW(), INTERVAL 227 MINUTE)),
('room_s0202', 'user2', 2, '사진보다 조금 낡은 느낌이라 아쉬웠어요.', DATE_ADD(NOW(), INTERVAL 311 MINUTE)),
('room_s0202', 'user1', 2, '입주 후 며칠 지나서 곰팡이/결로가 보여서 요청했는데 처리까지 시간이 꽤 걸렸습니다. 위치는 괜찮지만 관리 대응이 느린 편이라 아쉬웠어요. 예민하신 분은 계약 전에 꼼꼼히 확인 추천합니다.', DATE_ADD(NOW(), INTERVAL 351 MINUTE)),
('room_s0203', 'user1', 2, '냄새가 좀 나서 환기를 자주 해야 했어요. 관리비는 평균 수준입니다.', DATE_ADD(NOW(), INTERVAL 7 MINUTE)),
('room_s0203', 'user2', 2, '사진보다 조금 낡은 느낌이라 아쉬웠어요. 환기만 잘하면 좋아요.', DATE_ADD(NOW(), INTERVAL 683 MINUTE)),
('room_s0204', 'user1', 5, '입주 전 청소가 잘 되어 있었고, 가구/가전 상태도 전반적으로 양호했습니다. 특히 수압이 좋아서 샤워할 때 불편함이 없었어요. 공용주방도 주기적으로 관리되는 느낌이라 만족합니다.', DATE_ADD(NOW(), INTERVAL 70 MINUTE)),
('room_s0205', 'user1', 3, '가격 대비 무난합니다. 큰 불만은 없어요. 관리비는 평균 수준입니다.', DATE_ADD(NOW(), INTERVAL 326 MINUTE)),
('room_s0206', 'user2', 2, '냄새가 좀 나서 환기를 자주 해야 했어요. 환기만 잘하면 좋아요.', DATE_ADD(NOW(), INTERVAL 557 MINUTE)),
('room_s0208', 'user2', 3, '방은 깔끔했는데 공용세탁실 사용 시간이 겹치면 대기해야 하는 경우가 있어요. 관리 측면은 괜찮지만 입주민이 많아서 생활 리듬이 예민한 분은 참고하면 좋겠습니다.', DATE_ADD(NOW(), INTERVAL 372 MINUTE)),
('room_s0208', 'user1', 5, '채광이 좋아서 낮에도 환해요. 방 상태 깔끔했습니다.', DATE_ADD(NOW(), INTERVAL 345 MINUTE)),
('room_s0209', 'user1', 3, '방은 깔끔했는데 공용세탁실 사용 시간이 겹치면 대기해야 하는 경우가 있어요. 관리 측면은 괜찮지만 입주민이 많아서 생활 리듬이 예민한 분은 참고하면 좋겠습니다.', DATE_ADD(NOW(), INTERVAL 219 MINUTE)),
('room_s0209', 'user2', 3, '전반적으로 만족하지만 아쉬운 점도 있어요. 창문 방향 때문에 겨울엔 약간 춥고, 여름엔 에어컨을 자주 켜야 했습니다. 그래도 위치/옵션 생각하면 가격은 납득되는 편입니다.', DATE_ADD(NOW(), INTERVAL 16 MINUTE)),
('room_s0213', 'user2', 1, '사진에서 기대했던 것보다 시설이 노후된 느낌이었습니다. 하자도 몇 군데 있었고 안내가 부족했어요. 다시 선택하라면 고민할 것 같습니다.', DATE_ADD(NOW(), INTERVAL 262 MINUTE)),
('room_s0213', 'user1', 4, '관리자 응대가 빠른 편이라 좋았습니다.', DATE_ADD(NOW(), INTERVAL 468 MINUTE)),
('room_s0214', 'user1', 5, '역이랑 가까워서 출퇴근이 편합니다.', DATE_ADD(NOW(), INTERVAL 613 MINUTE)),
('room_s0215', 'user2', 3, '엘리베이터 대기가 가끔 길어요.', DATE_ADD(NOW(), INTERVAL 473 MINUTE)),
('room_s0216', 'user1', 5, '출퇴근 동선이 좋아서 선택했는데 정말 편해요. 주변에 편의점/카페가 많고, 밤에도 비교적 안전한 분위기입니다. 관리비 내역도 투명하게 안내해줘서 신뢰가 갔습니다.', DATE_ADD(NOW(), INTERVAL 503 MINUTE)),
('room_s0217', 'user2', 3, '방은 깔끔했는데 공용세탁실 사용 시간이 겹치면 대기해야 하는 경우가 있어요. 관리 측면은 괜찮지만 입주민이 많아서 생활 리듬이 예민한 분은 참고하면 좋겠습니다.', DATE_ADD(NOW(), INTERVAL 556 MINUTE)),
('room_s0218', 'user2', 3, '가격 대비 무난합니다. 큰 불만은 없어요. 재방문 의사 있어요.', DATE_ADD(NOW(), INTERVAL 35 MINUTE)),
('room_s0218', 'user1', 2, '주변이 밤에 조금 시끄럽습니다.', DATE_ADD(NOW(), INTERVAL 466 MINUTE)),
('room_s0219', 'user2', 3, '전반적으로 만족하지만 아쉬운 점도 있어요. 창문 방향 때문에 겨울엔 약간 춥고, 여름엔 에어컨을 자주 켜야 했습니다. 그래도 위치/옵션 생각하면 가격은 납득되는 편입니다.', DATE_ADD(NOW(), INTERVAL 627 MINUTE)),
('room_s0219', 'user1', 3, '위치는 좋은데 수납이 생각보다 적어요.', DATE_ADD(NOW(), INTERVAL 167 MINUTE)),
('room_s0220', 'user1', 3, '가격 대비 무난합니다. 큰 불만은 없어요.', DATE_ADD(NOW(), INTERVAL 552 MINUTE)),
('room_s0222', 'user2', 2, '외부 소음이 생각보다 크게 들어옵니다(차량/상권 소리). 창문 닫아도 어느 정도 들려서 수면이 예민한 분은 불편할 수 있어요. 가격이 저렴한 편이라 감안했습니다.', DATE_ADD(NOW(), INTERVAL 250 MINUTE)),
('room_s0223', 'user1', 5, '사진이랑 실물이 거의 같았어요. 추천합니다.', DATE_ADD(NOW(), INTERVAL 584 MINUTE)),
('room_s0223', 'user2', 5, '출퇴근 동선이 좋아서 선택했는데 정말 편해요. 주변에 편의점/카페가 많고, 밤에도 비교적 안전한 분위기입니다. 관리비 내역도 투명하게 안내해줘서 신뢰가 갔습니다.', DATE_ADD(NOW(), INTERVAL 76 MINUTE)),
('room_s0224', 'user1', 3, '가격 대비 무난합니다. 큰 불만은 없어요.', DATE_ADD(NOW(), INTERVAL 638 MINUTE)),
('room_s0224', 'user2', 5, '채광이 좋아서 낮에도 환해요. 방 상태 깔끔했습니다.', DATE_ADD(NOW(), INTERVAL 342 MINUTE)),
('room_s0225', 'user1', 2, '외부 소음이 생각보다 크게 들어옵니다(차량/상권 소리). 창문 닫아도 어느 정도 들려서 수면이 예민한 분은 불편할 수 있어요. 가격이 저렴한 편이라 감안했습니다.', DATE_ADD(NOW(), INTERVAL 123 MINUTE)),
('room_s0225', 'user2', 3, '전체적으로 괜찮았는데 환기가 조금 아쉬워요.', DATE_ADD(NOW(), INTERVAL 102 MINUTE)),
('room_s0226', 'user1', 4, '옵션이 알차고 전반적으로 만족합니다.', DATE_ADD(NOW(), INTERVAL 124 MINUTE)),
('room_s0226', 'user2', 2, '주변이 밤에 조금 시끄럽습니다.', DATE_ADD(NOW(), INTERVAL 623 MINUTE)),
('room_s0227', 'user2', 3, '엘리베이터 대기가 가끔 길어요.', DATE_ADD(NOW(), INTERVAL 150 MINUTE)),
('room_s0228', 'user2', 4, '보안이 잘 되어 있어서 안심돼요.', DATE_ADD(NOW(), INTERVAL 677 MINUTE)),
('room_s0229', 'user2', 2, '외부 소음이 생각보다 크게 들어옵니다(차량/상권 소리). 창문 닫아도 어느 정도 들려서 수면이 예민한 분은 불편할 수 있어요. 가격이 저렴한 편이라 감안했습니다.', DATE_ADD(NOW(), INTERVAL 655 MINUTE)),
('room_s0229', 'user1', 3, '가격 대비 무난합니다. 큰 불만은 없어요.', DATE_ADD(NOW(), INTERVAL 369 MINUTE)),
('room_s0230', 'user2', 4, '관리자 응대가 빠른 편이라 좋았습니다.', DATE_ADD(NOW(), INTERVAL 426 MINUTE)),
('room_s0231', 'user1', 3, '가격 대비 무난합니다. 큰 불만은 없어요.', DATE_ADD(NOW(), INTERVAL 29 MINUTE)),
('room_s0232', 'user2', 5, '출퇴근 동선이 좋아서 선택했는데 정말 편해요. 주변에 편의점/카페가 많고, 밤에도 비교적 안전한 분위기입니다. 관리비 내역도 투명하게 안내해줘서 신뢰가 갔습니다.', DATE_ADD(NOW(), INTERVAL 13 MINUTE)),
('room_s0232', 'user1', 3, '가격 대비 무난합니다. 큰 불만은 없어요.', DATE_ADD(NOW(), INTERVAL 267 MINUTE)),
('room_s0234', 'user1', 4, '관리자 응대가 빠른 편이라 좋았습니다.', DATE_ADD(NOW(), INTERVAL 565 MINUTE)),
('room_s0235', 'user1', 3, '가격 대비 무난합니다. 큰 불만은 없어요.', DATE_ADD(NOW(), INTERVAL 273 MINUTE)),
('room_s0235', 'user2', 3, '전반적으로 만족하지만 아쉬운 점도 있어요. 창문 방향 때문에 겨울엔 약간 춥고, 여름엔 에어컨을 자주 켜야 했습니다. 그래도 위치/옵션 생각하면 가격은 납득되는 편입니다.', DATE_ADD(NOW(), INTERVAL 260 MINUTE)),
('room_s0236', 'user2', 5, '사진이랑 실물이 거의 같았어요. 추천합니다.', DATE_ADD(NOW(), INTERVAL 656 MINUTE)),
('room_s0236', 'user1', 4, '관리자 응대가 빠른 편이라 좋았습니다.', DATE_ADD(NOW(), INTERVAL 218 MINUTE)),
('room_s0237', 'user2', 4, '옵션이 알차고 전반적으로 만족합니다.', DATE_ADD(NOW(), INTERVAL 148 MINUTE)),
('room_s0237', 'user1', 5, '사진이랑 실물이 거의 같았어요. 추천합니다.', DATE_ADD(NOW(), INTERVAL 72 MINUTE)),
('room_s0238', 'user2', 1, '관리 상태가 들쭉날쭉해서 별로였어요.', DATE_ADD(NOW(), INTERVAL 547 MINUTE)),
('room_s0238', 'user1', 5, '채광이 좋아서 낮에도 환해요. 방 상태 깔끔했습니다.', DATE_ADD(NOW(), INTERVAL 253 MINUTE)),
('room_s0239', 'user1', 4, '옵션이 알차고 전반적으로 만족합니다.', DATE_ADD(NOW(), INTERVAL 79 MINUTE)),
('room_s0239', 'user2', 3, '위치는 좋은데 수납이 생각보다 적어요. 주변 인프라가 좋아요.', DATE_ADD(NOW(), INTERVAL 159 MINUTE)),
('room_s0240', 'user2', 5, '사진이랑 실물이 거의 같았어요. 추천합니다.', DATE_ADD(NOW(), INTERVAL 680 MINUTE)),
('room_s0241', 'user2', 5, '채광이 좋아서 낮에도 환해요. 방 상태 깔끔했습니다. 주변 인프라가 좋아요.', DATE_ADD(NOW(), INTERVAL 660 MINUTE)),
('room_s0241', 'user1', 2, '냄새가 좀 나서 환기를 자주 해야 했어요.', DATE_ADD(NOW(), INTERVAL 671 MINUTE)),
('room_s0242', 'user1', 1, '관리 상태가 들쭉날쭉해서 별로였어요.', DATE_ADD(NOW(), INTERVAL 264 MINUTE)),
('room_s0243', 'user2', 4, '보안이 잘 되어 있어서 안심돼요. 가성비 괜찮아요.', DATE_ADD(NOW(), INTERVAL 231 MINUTE)),
('room_s0244', 'user1', 2, '사진보다 조금 낡은 느낌이라 아쉬웠어요.', DATE_ADD(NOW(), INTERVAL 292 MINUTE)),
('room_s0244', 'user2', 4, '관리자 응대가 빠른 편이라 좋았습니다. 주변 인프라가 좋아요.', DATE_ADD(NOW(), INTERVAL 596 MINUTE)),
('room_s0245', 'user2', 4, '공용공간이 잘 관리되고 있어요.', DATE_ADD(NOW(), INTERVAL 326 MINUTE)),
('room_s0245', 'user1', 2, '사진보다 조금 낡은 느낌이라 아쉬웠어요.', DATE_ADD(NOW(), INTERVAL 635 MINUTE)),
('room_s0246', 'user1', 5, '채광이 좋아서 낮에도 환해요. 방 상태 깔끔했습니다.', DATE_ADD(NOW(), INTERVAL 634 MINUTE)),
('room_s0247', 'user2', 4, '공용공간이 잘 관리되고 있어요.', DATE_ADD(NOW(), INTERVAL 96 MINUTE)),
('room_s0247', 'user1', 4, '공용공간이 잘 관리되고 있어요.', DATE_ADD(NOW(), INTERVAL 374 MINUTE)),
('room_s0248', 'user1', 3, '엘리베이터 대기가 가끔 길어요.', DATE_ADD(NOW(), INTERVAL 532 MINUTE)),
('room_s0250', 'user1', 3, '전체적으로 괜찮았는데 환기가 조금 아쉬워요. 관리비는 평균 수준입니다.', DATE_ADD(NOW(), INTERVAL 208 MINUTE)),
('room_s0250', 'user2', 2, '주변이 밤에 조금 시끄럽습니다.', DATE_ADD(NOW(), INTERVAL 307 MINUTE)),
('room_s0251', 'user1', 4, '반려동물 가능 매물이라 걱정했는데, 냄새나 소음 관리가 잘 되어 있었습니다. 입주민 매너도 좋은 편이고, 하자 처리 요청하면 빠르게 대응해줘서 만족했어요.', DATE_ADD(NOW(), INTERVAL 616 MINUTE)),
('room_s0252', 'user1', 1, '관리 상태가 들쭉날쭉해서 별로였어요.', DATE_ADD(NOW(), INTERVAL 163 MINUTE)),
('room_s0254', 'user2', 5, '채광이 좋아서 낮에도 환해요. 방 상태 깔끔했습니다.', DATE_ADD(NOW(), INTERVAL 44 MINUTE)),
('room_s0255', 'user2', 5, '채광이 좋아서 낮에도 환해요. 방 상태 깔끔했습니다. 환기만 잘하면 좋아요.', DATE_ADD(NOW(), INTERVAL 570 MINUTE)),
('room_s0255', 'user1', 4, '보안이 잘 되어 있어서 안심돼요.', DATE_ADD(NOW(), INTERVAL 553 MINUTE)),
('room_s0256', 'user2', 2, '냄새가 좀 나서 환기를 자주 해야 했어요.', DATE_ADD(NOW(), INTERVAL 310 MINUTE)),
('room_s0256', 'user1', 5, '층간소음이 거의 없고 조용해요. 재방문 의사 있어요.', DATE_ADD(NOW(), INTERVAL 641 MINUTE)),
('room_s0257', 'user1', 5, '역이랑 가까워서 출퇴근이 편합니다.', DATE_ADD(NOW(), INTERVAL 551 MINUTE)),
('room_s0257', 'user2', 3, '위치는 좋은데 수납이 생각보다 적어요. 주변 인프라가 좋아요.', DATE_ADD(NOW(), INTERVAL 333 MINUTE)),
('room_s0258', 'user1', 5, '층간소음이 거의 없고 조용해요.', DATE_ADD(NOW(), INTERVAL 124 MINUTE)),
('room_s0258', 'user2', 3, '엘리베이터 대기가 가끔 길어요. 재방문 의사 있어요.', DATE_ADD(NOW(), INTERVAL 216 MINUTE)),
('room_s0259', 'user1', 5, '역이랑 가까워서 출퇴근이 편합니다.', DATE_ADD(NOW(), INTERVAL 170 MINUTE)),
('room_s0259', 'user2', 4, '반려동물 가능 매물이라 걱정했는데, 냄새나 소음 관리가 잘 되어 있었습니다. 입주민 매너도 좋은 편이고, 하자 처리 요청하면 빠르게 대응해줘서 만족했어요.', DATE_ADD(NOW(), INTERVAL 32 MINUTE)),
('room_s0260', 'user2', 5, '역이랑 가까워서 출퇴근이 편합니다.', DATE_ADD(NOW(), INTERVAL 129 MINUTE)),
('room_s0260', 'user1', 3, '가격 대비 무난합니다. 큰 불만은 없어요. 주변 인프라가 좋아요.', DATE_ADD(NOW(), INTERVAL 59 MINUTE)),
('room_s0261', 'user2', 4, '반려동물 가능 매물이라 걱정했는데, 냄새나 소음 관리가 잘 되어 있었습니다. 입주민 매너도 좋은 편이고, 하자 처리 요청하면 빠르게 대응해줘서 만족했어요.', DATE_ADD(NOW(), INTERVAL 682 MINUTE)),
('room_s0261', 'user1', 1, '관리 상태가 들쭉날쭉해서 별로였어요.', DATE_ADD(NOW(), INTERVAL 519 MINUTE)),
('room_s0262', 'user1', 4, '관리자 응대가 빠른 편이라 좋았습니다.', DATE_ADD(NOW(), INTERVAL 562 MINUTE)),
('room_s0262', 'user2', 4, '보안이 잘 되어 있어서 안심돼요.', DATE_ADD(NOW(), INTERVAL 41 MINUTE)),
('room_s0263', 'user1', 2, '주변이 밤에 조금 시끄럽습니다. 재방문 의사 있어요.', DATE_ADD(NOW(), INTERVAL 193 MINUTE)),
('room_s0263', 'user2', 5, '채광이 좋아서 낮에도 환해요. 방 상태 깔끔했습니다. 환기만 잘하면 좋아요.', DATE_ADD(NOW(), INTERVAL 214 MINUTE)),
('room_s0264', 'user1', 3, '전반적으로 만족하지만 아쉬운 점도 있어요. 창문 방향 때문에 겨울엔 약간 춥고, 여름엔 에어컨을 자주 켜야 했습니다. 그래도 위치/옵션 생각하면 가격은 납득되는 편입니다.', DATE_ADD(NOW(), INTERVAL 274 MINUTE)),
('room_s0264', 'user2', 5, '채광이 좋아서 식물 키우기에도 좋고, 방음도 생각보다 괜찮습니다. 공용 라운지가 넓어서 재택할 때도 집중이 잘 돼요. 다음에 이사해도 비슷한 곳으로 가고 싶습니다.', DATE_ADD(NOW(), INTERVAL 323 MINUTE)),
('room_s0265', 'user1', 4, '옵션이 알차고 전반적으로 만족합니다. 주변 인프라가 좋아요.', DATE_ADD(NOW(), INTERVAL 475 MINUTE)),
('room_s0265', 'user2', 4, '보안이 잘 되어 있어서 안심돼요.', DATE_ADD(NOW(), INTERVAL 32 MINUTE)),
('room_s0266', 'user2', 5, '출퇴근 동선이 좋아서 선택했는데 정말 편해요. 주변에 편의점/카페가 많고, 밤에도 비교적 안전한 분위기입니다. 관리비 내역도 투명하게 안내해줘서 신뢰가 갔습니다.', DATE_ADD(NOW(), INTERVAL 28 MINUTE)),
('room_s0267', 'user2', 4, '옵션이 알차고 전반적으로 만족합니다.', DATE_ADD(NOW(), INTERVAL 436 MINUTE)),
('room_s0268', 'user2', 4, '관리자 응대가 빠른 편이라 좋았습니다. 관리비는 평균 수준입니다.', DATE_ADD(NOW(), INTERVAL 206 MINUTE)),
('room_s0268', 'user1', 4, '공용공간이 잘 관리되고 있어요.', DATE_ADD(NOW(), INTERVAL 494 MINUTE)),
('room_s0269', 'user1', 5, '채광이 좋아서 식물 키우기에도 좋고, 방음도 생각보다 괜찮습니다. 공용 라운지가 넓어서 재택할 때도 집중이 잘 돼요. 다음에 이사해도 비슷한 곳으로 가고 싶습니다.', DATE_ADD(NOW(), INTERVAL 11 MINUTE)),
('room_s0269', 'user2', 3, '위치는 좋은데 수납이 생각보다 적어요.', DATE_ADD(NOW(), INTERVAL 254 MINUTE)),
('room_s0270', 'user2', 3, '가격 대비 무난합니다. 큰 불만은 없어요.', DATE_ADD(NOW(), INTERVAL 128 MINUTE)),
('room_s0270', 'user1', 2, '사진보다 조금 낡은 느낌이라 아쉬웠어요.', DATE_ADD(NOW(), INTERVAL 401 MINUTE)),
('room_s0271', 'user2', 5, '채광이 좋아서 낮에도 환해요. 방 상태 깔끔했습니다.', DATE_ADD(NOW(), INTERVAL 427 MINUTE)),
('room_s0271', 'user1', 4, '옵션이 알차고 전반적으로 만족합니다.', DATE_ADD(NOW(), INTERVAL 380 MINUTE)),
('room_s0272', 'user1', 4, '보안이 잘 되어 있어서 안심돼요.', DATE_ADD(NOW(), INTERVAL 542 MINUTE)),
('room_s0272', 'user2', 4, '옵션이 알차고 전반적으로 만족합니다.', DATE_ADD(NOW(), INTERVAL 674 MINUTE)),
('room_s0273', 'user1', 5, '채광이 좋아서 낮에도 환해요. 방 상태 깔끔했습니다.', DATE_ADD(NOW(), INTERVAL 675 MINUTE)),
('room_s0273', 'user2', 5, '역이랑 가까워서 출퇴근이 편합니다.', DATE_ADD(NOW(), INTERVAL 443 MINUTE)),
('room_s0274', 'user2', 1, '사진에서 기대했던 것보다 시설이 노후된 느낌이었습니다. 하자도 몇 군데 있었고 안내가 부족했어요. 다시 선택하라면 고민할 것 같습니다.', DATE_ADD(NOW(), INTERVAL 368 MINUTE)),
('room_s0275', 'user1', 5, '층간소음이 거의 없고 조용해요. 관리비는 평균 수준입니다.', DATE_ADD(NOW(), INTERVAL 703 MINUTE)),
('room_s0275', 'user2', 5, '채광이 좋아서 낮에도 환해요. 방 상태 깔끔했습니다.', DATE_ADD(NOW(), INTERVAL 357 MINUTE)),
('room_s0276', 'user1', 5, '층간소음이 거의 없고 조용해요.', DATE_ADD(NOW(), INTERVAL 29 MINUTE)),
('room_s0276', 'user2', 5, '역이랑 가까워서 출퇴근이 편합니다.', DATE_ADD(NOW(), INTERVAL 566 MINUTE)),
('room_s0277', 'user1', 5, '입주 전 청소가 잘 되어 있었고, 가구/가전 상태도 전반적으로 양호했습니다. 특히 수압이 좋아서 샤워할 때 불편함이 없었어요. 공용주방도 주기적으로 관리되는 느낌이라 만족합니다.', DATE_ADD(NOW(), INTERVAL 627 MINUTE)),
('room_s0277', 'user2', 1, '사진에서 기대했던 것보다 시설이 노후된 느낌이었습니다. 하자도 몇 군데 있었고 안내가 부족했어요. 다시 선택하라면 고민할 것 같습니다.', DATE_ADD(NOW(), INTERVAL 657 MINUTE)),
('room_s0278', 'user2', 1, '사진에서 기대했던 것보다 시설이 노후된 느낌이었습니다. 하자도 몇 군데 있었고 안내가 부족했어요. 다시 선택하라면 고민할 것 같습니다.', DATE_ADD(NOW(), INTERVAL 435 MINUTE)),
('room_s0279', 'user2', 4, '공용공간이 잘 관리되고 있어요.', DATE_ADD(NOW(), INTERVAL 383 MINUTE)),
('room_s0279', 'user1', 4, '공용공간이 잘 관리되고 있어요.', DATE_ADD(NOW(), INTERVAL 719 MINUTE)),
('room_s0280', 'user1', 5, '사진이랑 실물이 거의 같았어요. 추천합니다.', DATE_ADD(NOW(), INTERVAL 453 MINUTE)),
('room_s0280', 'user2', 3, '전체적으로 괜찮았는데 환기가 조금 아쉬워요.', DATE_ADD(NOW(), INTERVAL 263 MINUTE)),
('room_s0281', 'user1', 4, '공용공간이 잘 관리되고 있어요. 재방문 의사 있어요.', DATE_ADD(NOW(), INTERVAL 539 MINUTE)),
('room_s0282', 'user2', 3, '전체적으로 괜찮았는데 환기가 조금 아쉬워요.', DATE_ADD(NOW(), INTERVAL 623 MINUTE)),
('room_s0282', 'user1', 3, '가격 대비 무난합니다. 큰 불만은 없어요. 환기만 잘하면 좋아요.', DATE_ADD(NOW(), INTERVAL 567 MINUTE)),
('room_s0283', 'user2', 4, '반려동물 가능 매물이라 걱정했는데, 냄새나 소음 관리가 잘 되어 있었습니다. 입주민 매너도 좋은 편이고, 하자 처리 요청하면 빠르게 대응해줘서 만족했어요.', DATE_ADD(NOW(), INTERVAL 131 MINUTE)),
('room_s0284', 'user2', 5, '층간소음이 거의 없고 조용해요.', DATE_ADD(NOW(), INTERVAL 592 MINUTE)),
('room_s0285', 'user2', 3, '위치는 좋은데 수납이 생각보다 적어요.', DATE_ADD(NOW(), INTERVAL 259 MINUTE)),
('room_s0285', 'user1', 5, '층간소음이 거의 없고 조용해요.', DATE_ADD(NOW(), INTERVAL 478 MINUTE)),
('room_s0286', 'user1', 1, '사진에서 기대했던 것보다 시설이 노후된 느낌이었습니다. 하자도 몇 군데 있었고 안내가 부족했어요. 다시 선택하라면 고민할 것 같습니다.', DATE_ADD(NOW(), INTERVAL 473 MINUTE)),
('room_s0286', 'user2', 4, '옵션이 알차고 전반적으로 만족합니다.', DATE_ADD(NOW(), INTERVAL 576 MINUTE)),
('room_s0287', 'user2', 4, '관리자 응대가 빠른 편이라 좋았습니다.', DATE_ADD(NOW(), INTERVAL 579 MINUTE)),
('room_s0287', 'user1', 5, '층간소음이 거의 없고 조용해요.', DATE_ADD(NOW(), INTERVAL 376 MINUTE)),
('room_s0288', 'user1', 4, '반려동물 가능 매물이라 걱정했는데, 냄새나 소음 관리가 잘 되어 있었습니다. 입주민 매너도 좋은 편이고, 하자 처리 요청하면 빠르게 대응해줘서 만족했어요.', DATE_ADD(NOW(), INTERVAL 229 MINUTE)),
('room_s0288', 'user2', 4, '반려동물 가능 매물이라 걱정했는데, 냄새나 소음 관리가 잘 되어 있었습니다. 입주민 매너도 좋은 편이고, 하자 처리 요청하면 빠르게 대응해줘서 만족했어요.', DATE_ADD(NOW(), INTERVAL 440 MINUTE)),
('room_s0289', 'user2', 3, '위치는 좋은데 수납이 생각보다 적어요. 환기만 잘하면 좋아요.', DATE_ADD(NOW(), INTERVAL 631 MINUTE)),
('room_s0290', 'user2', 2, '사진보다 조금 낡은 느낌이라 아쉬웠어요.', DATE_ADD(NOW(), INTERVAL 171 MINUTE)),
('room_s0290', 'user1', 2, '냄새가 좀 나서 환기를 자주 해야 했어요. 관리비는 평균 수준입니다.', DATE_ADD(NOW(), INTERVAL 438 MINUTE)),
('room_s0291', 'user2', 4, '옵션이 알차고 전반적으로 만족합니다.', DATE_ADD(NOW(), INTERVAL 531 MINUTE)),
('room_s0291', 'user1', 5, '입주 전 청소가 잘 되어 있었고, 가구/가전 상태도 전반적으로 양호했습니다. 특히 수압이 좋아서 샤워할 때 불편함이 없었어요. 공용주방도 주기적으로 관리되는 느낌이라 만족합니다.', DATE_ADD(NOW(), INTERVAL 373 MINUTE)),
('room_s0292', 'user2', 5, '사진이랑 실물이 거의 같았어요. 추천합니다. 관리비는 평균 수준입니다.', DATE_ADD(NOW(), INTERVAL 92 MINUTE)),
('room_s0292', 'user1', 5, '출퇴근 동선이 좋아서 선택했는데 정말 편해요. 주변에 편의점/카페가 많고, 밤에도 비교적 안전한 분위기입니다. 관리비 내역도 투명하게 안내해줘서 신뢰가 갔습니다.', DATE_ADD(NOW(), INTERVAL 471 MINUTE)),
('room_s0293', 'user1', 3, '위치는 좋은데 수납이 생각보다 적어요.', DATE_ADD(NOW(), INTERVAL 81 MINUTE)),
('room_s0293', 'user2', 5, '채광이 좋아서 식물 키우기에도 좋고, 방음도 생각보다 괜찮습니다. 공용 라운지가 넓어서 재택할 때도 집중이 잘 돼요. 다음에 이사해도 비슷한 곳으로 가고 싶습니다.', DATE_ADD(NOW(), INTERVAL 432 MINUTE)),
('room_s0294', 'user2', 3, '가격 대비 무난합니다. 큰 불만은 없어요.', DATE_ADD(NOW(), INTERVAL 611 MINUTE)),
('room_s0294', 'user1', 3, '위치는 좋은데 수납이 생각보다 적어요.', DATE_ADD(NOW(), INTERVAL 495 MINUTE)),
('room_s0295', 'user1', 5, '사진이랑 실물이 거의 같았어요. 추천합니다.', DATE_ADD(NOW(), INTERVAL 696 MINUTE)),
('room_s0295', 'user2', 4, '엘리베이터 대기가 가끔 길어요. 가성비 괜찮아요.', DATE_ADD(NOW(), INTERVAL 304 MINUTE)),
('room_s0296', 'user1', 5, '채광이 좋아서 식물 키우기에도 좋고, 방음도 생각보다 괜찮습니다. 공용 라운지가 넓어서 재택할 때도 집중이 잘 돼요. 다음에 이사해도 비슷한 곳으로 가고 싶습니다.', DATE_ADD(NOW(), INTERVAL 127 MINUTE)),
('room_s0296', 'user2', 1, '사진에서 기대했던 것보다 시설이 노후된 느낌이었습니다. 하자도 몇 군데 있었고 안내가 부족했어요. 다시 선택하라면 고민할 것 같습니다. 환기만 잘하면 좋아요.', DATE_ADD(NOW(), INTERVAL 523 MINUTE)),
('room_s0297', 'user1', 3, '엘리베이터 대기가 가끔 길어요.', DATE_ADD(NOW(), INTERVAL 250 MINUTE)),
('room_s0297', 'user2', 4, '주변이 밤에 조금 시끄럽습니다. 가성비 괜찮아요.', DATE_ADD(NOW(), INTERVAL 578 MINUTE)),
('room_s0298', 'user1', 5, '사진이랑 실물이 거의 같았어요. 추천합니다. 관리비는 평균 수준입니다.', DATE_ADD(NOW(), INTERVAL 70 MINUTE)),
('room_s0298', 'user2', 5, '층간소음이 거의 없고 조용해요. 재방문 의사 있어요.', DATE_ADD(NOW(), INTERVAL 514 MINUTE)),
('room_s0299', 'user1', 5, '입주 전 청소가 잘 되어 있었고, 가구/가전 상태도 전반적으로 양호했습니다. 특히 수압이 좋아서 샤워할 때 불편함이 없었어요. 공용주방도 주기적으로 관리되는 느낌이라 만족합니다.', DATE_ADD(NOW(), INTERVAL 506 MINUTE)),
('room_s0299', 'user2', 5, '입주 전 청소가 잘 되어 있었고, 가구/가전 상태도 전반적으로 양호했습니다. 특히 수압이 좋아서 샤워할 때 불편함이 없었어요. 공용주방도 주기적으로 관리되는 느낌이라 만족합니다.', DATE_ADD(NOW(), INTERVAL 501 MINUTE)),
('room_s0300', 'user2', 5, '층간소음이 거의 없고 조용해요.', DATE_ADD(NOW(), INTERVAL 443 MINUTE)),
('room_s0300', 'user1', 5, '역이랑 가까워서 출퇴근이 편합니다.', DATE_ADD(NOW(), INTERVAL 473 MINUTE));

-- 10. 게시판 유형 (tb_board_type)
INSERT INTO `tb_board_type` (`board_type_no`, `board_type_name`) 
VALUES 
('N1', '공지사항'),
('Q1', 'Q&A'),
('E1', '이벤트'),
('I1', '정책・정보');

-- 11. 게시글 (tb_posts)
INSERT INTO `tb_posts` (`post_no`, `board_type_no`, `user_no`, `post_title`, `post_content`, `post_comment_yn`, `post_files_yn`) 
VALUES 
(1, 'N1', 'lessor1', '우리집오피스텔 주차장 공사 안내', '3월 15일부터 17일까지 주차장 바닥 공사를 진행합니다.', 0, 1),
(2, 'Q1', 'user1', '계약 연장 관련 문의', '계약 연장을 하고 싶은데 절차가 어떻게 되나요?', 1, 0),
(3, 'E1', 'lessor1', '봄맞이 신규 입주 이벤트', '3월 신규 계약자 첫 달 월세 10% 할인!', 0, 0);

-- 12. 댓글 (tb_comments)
INSERT INTO `tb_comments` (`comment_no`, `post_no`, `user_no`, `comment_content`) 
VALUES 
(1, 2, 'lessor1', '안녕하세요, 마이페이지의 계약 상세에서 연장 신청 버튼을 눌러주시면 됩니다.');

-- 13. 첨부파일 (tb_files)
-- INSERT INTO `tb_files` (`file_no`, `post_no`, `original_file_name`, `updated_file_name`) 
-- VALUES 
-- (1, 1, '공사안내문.pdf', 'uuid-file-1.pdf');

-- 14. 배너 이미지 (tb_banner_images)
INSERT INTO `tb_banner_images` (`banner_image_no`, `post_no`, `original_file_name`, `updated_file_name`) 
VALUES 
(1, 3, 'spring_event.png', 'uuid-banner-1.png');

-- 15. 부대시설 카테고리 (tb_fm_category)
INSERT INTO `tb_fm_category` (`facility_code`, `facility_type`, `facility_options`) 
VALUES 
(1, '라운지', '{"wifi": true, "coffee": true}'),
(2, '세탁실', '{"washer": true, "dryer": true}'),
(3, '운동시설', '{"treadmill": true, "weights": true}'),
(4, '공용주방', '{"stove": true, "oven": true, "microwave": true, "cookware": true, "diningTable": true}'),
(5, '회의실', '{"whiteboard": true, "display": true, "hdmi": true, "videoCall": true}'),
(6, '요가룸', '{"yogaMat": true, "mirror": true, "speaker": true}'),
(7, '미디어룸', '{"projector": true, "surround": true, "streaming": true, "beanbag": true}'),
(8, '게임룸', '{"console": true, "boardGames": true, "arcade": false}'),
(9, '카페라운지', '{"coffeeMachine": true, "snacks": true, "wifi": true, "charging": true}'),
(10, '코워킹존', '{"desk": true, "monitor": true, "printer": true, "wifi": true}');

-- 16. 부대시설 목록 (tb_fm_list)
-- facility_status는 NOT NULL이라 반드시 명시
INSERT INTO `tb_fm_list` (`facility_no`, `house_no`, `facility_code`, `facility_name`, `facility_option_info`, `facility_location`, `facility_open_time`, `facility_close_time`, `facility_status`, `facility_rsvn_required_yn`, `max_rsvn_per_day`, `facility_rsvn_unit_minutes`, `facility_max_duration_minutes`, `facility_created_at`, `facility_capacity`) 
VALUES 
('fac1', 'house1', 3, '입주민 전용 헬스장', '{"treadmill": true, "weights": true}', 1, '06:00:00', '23:00:00', 'AVAILABLE', 0, NULL, NULL, NULL, '2026-01-01 00:00:01', 30),
('fac2', 'house1', 1, '공용 스터디 라운지', '{"wifi": true, "coffee": true}', 2, '00:00:00', '23:59:00', 'AVAILABLE', 0, NULL, NULL, NULL, '2026-01-01 00:00:02', 10),
('fac_house1_7', 'house1', 7, '미디어 감상실', '{"projector": true, "surround": true, "streaming": true, "beanbag": true}', 4, '10:00:00', '23:59:00', 'AVAILABLE', 1, 1, 60, 180, NOW(), 8),
('fac_house1_6', 'house1', 6, '요가/스트레칭룸', '{"yogaMat": true, "mirror": true, "speaker": true}', 2, '07:00:00', '23:00:00', 'AVAILABLE', 1, 1, 30, 90, NOW(), 9),
('fac_house2_7', 'house2', 7, '미디어 감상실', '{"projector": true, "surround": true, "streaming": true, "beanbag": true}', 3, '10:00:00', '23:59:00', 'AVAILABLE', 1, 1, 60, 180, NOW(), 6),
('fac_house2_9', 'house2', 9, '카페 라운지', '{"coffeeMachine": true, "snacks": true, "wifi": true, "charging": true}', 4, '00:00:00', '23:59:00', 'AVAILABLE', 0, NULL, NULL, NULL, NOW(), 13),
('fac_house2_10', 'house2', 10, '코워킹 스페이스', '{"desk": true, "monitor": true, "printer": true, "wifi": true}', 2, '00:00:00', '23:59:00', 'AVAILABLE', 0, NULL, NULL, NULL, NOW(), 60),
('fac_house2_4', 'house2', 4, '공용 키친', '{"stove": true, "oven": true, "microwave": true, "cookware": true, "diningTable": true}', 4, '06:00:00', '23:59:00', 'AVAILABLE', 0, NULL, NULL, NULL, NOW(), 21),
('fac_house2_6', 'house2', 6, '요가/스트레칭룸', '{"yogaMat": true, "mirror": true, "speaker": true}', 2, '07:00:00', '23:00:00', 'AVAILABLE', 1, 1, 30, 90, NOW(), 7),
('fac_house3_10', 'house3', 10, '코워킹 스페이스', '{"desk": true, "monitor": true, "printer": true, "wifi": true}', 3, '00:00:00', '23:59:00', 'AVAILABLE', 0, NULL, NULL, NULL, NOW(), 57),
('fac_house3_8', 'house3', 8, '게임&플레이룸', '{"console": true, "boardGames": true, "arcade": false}', 10, '10:00:00', '23:59:00', 'AVAILABLE', 1, 1, 60, 180, NOW(), 12),
('fac_house4_7', 'house4', 7, '미디어 감상실', '{"projector": true, "surround": true, "streaming": true, "beanbag": true}', 3, '10:00:00', '23:59:00', 'AVAILABLE', 1, 1, 60, 180, NOW(), 13),
('fac_house4_8', 'house4', 8, '게임&플레이룸', '{"console": true, "boardGames": true, "arcade": false}', 4, '10:00:00', '23:59:00', 'AVAILABLE', 1, 1, 60, 180, NOW(), 9),
('fac_house4_6', 'house4', 6, '요가/스트레칭룸', '{"yogaMat": true, "mirror": true, "speaker": true}', 1, '07:00:00', '23:00:00', 'AVAILABLE', 1, 1, 30, 90, NOW(), 14),
('fac_house4_10', 'house4', 10, '코워킹 스페이스', '{"desk": true, "monitor": true, "printer": true, "wifi": true}', 6, '00:00:00', '23:59:00', 'AVAILABLE', 0, NULL, NULL, NULL, NOW(), 30),
('fac_house5_5', 'house5', 5, '입주민 회의실', '{"whiteboard": true, "display": true, "hdmi": true, "videoCall": true}', 6, '09:00:00', '22:00:00', 'AVAILABLE', 1, 2, 30, 120, NOW(), 6),
('fac_house5_6', 'house5', 6, '요가/스트레칭룸', '{"yogaMat": true, "mirror": true, "speaker": true}', 2, '07:00:00', '23:00:00', 'AVAILABLE', 1, 1, 30, 90, NOW(), 11),
('fac_house5_10', 'house5', 10, '코워킹 스페이스', '{"desk": true, "monitor": true, "printer": true, "wifi": true}', 8, '00:00:00', '23:59:00', 'AVAILABLE', 0, NULL, NULL, NULL, NOW(), 69),
('fac_house5_4', 'house5', 4, '공용 키친', '{"stove": true, "oven": true, "microwave": true, "cookware": true, "diningTable": true}', 2, '06:00:00', '23:59:00', 'AVAILABLE', 0, NULL, NULL, NULL, NOW(), 27),
('fac_house5_9', 'house5', 9, '카페 라운지', '{"coffeeMachine": true, "snacks": true, "wifi": true, "charging": true}', 4, '00:00:00', '23:59:00', 'AVAILABLE', 0, NULL, NULL, NULL, NOW(), 19),
('fac_house5_8', 'house5', 8, '게임&플레이룸', '{"console": true, "boardGames": true, "arcade": false}', 8, '10:00:00', '23:59:00', 'AVAILABLE', 1, 1, 60, 180, NOW(), 11),
('fac_house6_4', 'house6', 4, '공용 키친', '{"stove": true, "oven": true, "microwave": true, "cookware": true, "diningTable": true}', 4, '06:00:00', '23:59:00', 'AVAILABLE', 0, NULL, NULL, NULL, NOW(), 30),
('fac_house6_10', 'house6', 10, '코워킹 스페이스', '{"desk": true, "monitor": true, "printer": true, "wifi": true}', 1, '00:00:00', '23:59:00', 'AVAILABLE', 0, NULL, NULL, NULL, NOW(), 45),
('fac_house6_8', 'house6', 8, '게임&플레이룸', '{"console": true, "boardGames": true, "arcade": false}', 6, '10:00:00', '23:59:00', 'AVAILABLE', 1, 1, 60, 180, NOW(), 8),
('fac_house6_6', 'house6', 6, '요가/스트레칭룸', '{"yogaMat": true, "mirror": true, "speaker": true}', 7, '07:00:00', '23:00:00', 'AVAILABLE', 1, 1, 30, 90, NOW(), 9),
('fac_house6_5', 'house6', 5, '입주민 회의실', '{"whiteboard": true, "display": true, "hdmi": true, "videoCall": true}', 9, '09:00:00', '22:00:00', 'AVAILABLE', 1, 2, 30, 120, NOW(), 11),
('fac_house7_9', 'house7', 9, '카페 라운지', '{"coffeeMachine": true, "snacks": true, "wifi": true, "charging": true}', 7, '00:00:00', '23:59:00', 'AVAILABLE', 0, NULL, NULL, NULL, NOW(), 24),
('fac_house7_10', 'house7', 10, '코워킹 스페이스', '{"desk": true, "monitor": true, "printer": true, "wifi": true}', 2, '00:00:00', '23:59:00', 'AVAILABLE', 0, NULL, NULL, NULL, NOW(), 55),
('fac_house7_8', 'house7', 8, '게임&플레이룸', '{"console": true, "boardGames": true, "arcade": false}', 5, '10:00:00', '23:59:00', 'AVAILABLE', 1, 1, 60, 180, NOW(), 6),
('fac_house7_5', 'house7', 5, '입주민 회의실', '{"whiteboard": true, "display": true, "hdmi": true, "videoCall": true}', 1, '09:00:00', '22:00:00', 'AVAILABLE', 1, 2, 30, 120, NOW(), 6),
('fac_house7_4', 'house7', 4, '공용 키친', '{"stove": true, "oven": true, "microwave": true, "cookware": true, "diningTable": true}', 3, '06:00:00', '23:59:00', 'AVAILABLE', 0, NULL, NULL, NULL, NOW(), 25),
('fac_house8_5', 'house8', 5, '입주민 회의실', '{"whiteboard": true, "display": true, "hdmi": true, "videoCall": true}', 6, '09:00:00', '22:00:00', 'AVAILABLE', 1, 2, 30, 120, NOW(), 13),
('fac_house8_6', 'house8', 6, '요가/스트레칭룸', '{"yogaMat": true, "mirror": true, "speaker": true}', 2, '07:00:00', '23:00:00', 'AVAILABLE', 1, 1, 30, 90, NOW(), 10),
('fac_house8_9', 'house8', 9, '카페 라운지', '{"coffeeMachine": true, "snacks": true, "wifi": true, "charging": true}', 3, '00:00:00', '23:59:00', 'AVAILABLE', 0, NULL, NULL, NULL, NOW(), 58),
('fac_house8_4', 'house8', 4, '공용 키친', '{"stove": true, "oven": true, "microwave": true, "cookware": true, "diningTable": true}', 2, '06:00:00', '23:59:00', 'AVAILABLE', 0, NULL, NULL, NULL, NOW(), 25),
('fac_house8_7', 'house8', 7, '미디어 감상실', '{"projector": true, "surround": true, "streaming": true, "beanbag": true}', 4, '10:00:00', '23:59:00', 'AVAILABLE', 1, 1, 60, 180, NOW(), 16),
('fac_house9_7', 'house9', 7, '미디어 감상실', '{"projector": true, "surround": true, "streaming": true, "beanbag": true}', 2, '10:00:00', '23:59:00', 'AVAILABLE', 1, 1, 60, 180, NOW(), 8),
('fac_house9_9', 'house9', 9, '카페 라운지', '{"coffeeMachine": true, "snacks": true, "wifi": true, "charging": true}', 3, '00:00:00', '23:59:00', 'AVAILABLE', 0, NULL, NULL, NULL, NOW(), 16),
('fac_house9_4', 'house9', 4, '공용 키친', '{"stove": true, "oven": true, "microwave": true, "cookware": true, "diningTable": true}', 1, '06:00:00', '23:59:00', 'AVAILABLE', 0, NULL, NULL, NULL, NOW(), 20),
('fac_house10_10', 'house10', 10, '코워킹 스페이스', '{"desk": true, "monitor": true, "printer": true, "wifi": true}', 3, '00:00:00', '23:59:00', 'AVAILABLE', 0, NULL, NULL, NULL, NOW(), 13),
('fac_house10_5', 'house10', 5, '입주민 회의실', '{"whiteboard": true, "display": true, "hdmi": true, "videoCall": true}', 7, '09:00:00', '22:00:00', 'AVAILABLE', 1, 2, 30, 120, NOW(), 8),
('fac_house10_6', 'house10', 6, '요가/스트레칭룸', '{"yogaMat": true, "mirror": true, "speaker": true}', 9, '07:00:00', '23:00:00', 'AVAILABLE', 1, 1, 30, 90, NOW(), 7),
('fac_house10_9', 'house10', 9, '카페 라운지', '{"coffeeMachine": true, "snacks": true, "wifi": true, "charging": true}', 5, '00:00:00', '23:59:00', 'AVAILABLE', 0, NULL, NULL, NULL, NOW(), 15),
('fac_house_s001_4', 'house_s001', 4, '공용 키친', '{"stove": true, "oven": true, "microwave": true, "cookware": true, "diningTable": true}', 10, '06:00:00', '23:59:00', 'AVAILABLE', 0, NULL, NULL, NULL, NOW(), 19),
('fac_house_s002_5', 'house_s002', 5, '입주민 회의실', '{"whiteboard": true, "display": true, "hdmi": true, "videoCall": true}', 4, '09:00:00', '22:00:00', 'AVAILABLE', 1, 2, 30, 120, NOW(), 15),
('fac_house_s002_10', 'house_s002', 10, '코워킹 스페이스', '{"desk": true, "monitor": true, "printer": true, "wifi": true}', 9, '00:00:00', '23:59:00', 'AVAILABLE', 0, NULL, NULL, NULL, NOW(), 23),
('fac_house_s003_7', 'house_s003', 7, '미디어 감상실', '{"projector": true, "surround": true, "streaming": true, "beanbag": true}', 3, '10:00:00', '23:59:00', 'AVAILABLE', 1, 1, 60, 180, NOW(), 13),
('fac_house_s003_10', 'house_s003', 10, '코워킹 스페이스', '{"desk": true, "monitor": true, "printer": true, "wifi": true}', 4, '00:00:00', '23:59:00', 'AVAILABLE', 0, NULL, NULL, NULL, NOW(), 63),
('fac_house_s003_8', 'house_s003', 8, '게임&플레이룸', '{"console": true, "boardGames": true, "arcade": false}', 3, '10:00:00', '23:59:00', 'AVAILABLE', 1, 1, 60, 180, NOW(), 11),
('fac_house_s004_9', 'house_s004', 9, '카페 라운지', '{"coffeeMachine": true, "snacks": true, "wifi": true, "charging": true}', 4, '00:00:00', '23:59:00', 'AVAILABLE', 0, NULL, NULL, NULL, NOW(), 44),
('fac_house_s004_6', 'house_s004', 6, '요가/스트레칭룸', '{"yogaMat": true, "mirror": true, "speaker": true}', 12, '07:00:00', '23:00:00', 'AVAILABLE', 1, 1, 30, 90, NOW(), 8),
('fac_house_s004_4', 'house_s004', 4, '공용 키친', '{"stove": true, "oven": true, "microwave": true, "cookware": true, "diningTable": true}', 3, '06:00:00', '23:59:00', 'AVAILABLE', 0, NULL, NULL, NULL, NOW(), 16),
('fac_house_s004_5', 'house_s004', 5, '입주민 회의실', '{"whiteboard": true, "display": true, "hdmi": true, "videoCall": true}', 3, '09:00:00', '22:00:00', 'AVAILABLE', 1, 2, 30, 120, NOW(), 7),
('fac_house_s004_7', 'house_s004', 7, '미디어 감상실', '{"projector": true, "surround": true, "streaming": true, "beanbag": true}', 9, '10:00:00', '23:59:00', 'AVAILABLE', 1, 1, 60, 180, NOW(), 14),
('fac_house_s005_7', 'house_s005', 7, '미디어 감상실', '{"projector": true, "surround": true, "streaming": true, "beanbag": true}', 5, '10:00:00', '23:59:00', 'AVAILABLE', 1, 1, 60, 180, NOW(), 11),
('fac_house_s005_9', 'house_s005', 9, '카페 라운지', '{"coffeeMachine": true, "snacks": true, "wifi": true, "charging": true}', 8, '00:00:00', '23:59:00', 'AVAILABLE', 0, NULL, NULL, NULL, NOW(), 60),
('fac_house_s005_10', 'house_s005', 10, '코워킹 스페이스', '{"desk": true, "monitor": true, "printer": true, "wifi": true}', 7, '00:00:00', '23:59:00', 'AVAILABLE', 0, NULL, NULL, NULL, NOW(), 17),
('fac_house_s005_5', 'house_s005', 5, '입주민 회의실', '{"whiteboard": true, "display": true, "hdmi": true, "videoCall": true}', 7, '09:00:00', '22:00:00', 'AVAILABLE', 1, 2, 30, 120, NOW(), 10),
('fac_house_s005_4', 'house_s005', 4, '공용 키친', '{"stove": true, "oven": true, "microwave": true, "cookware": true, "diningTable": true}', 6, '06:00:00', '23:59:00', 'AVAILABLE', 0, NULL, NULL, NULL, NOW(), 10),
('fac_house_s005_8', 'house_s005', 8, '게임&플레이룸', '{"console": true, "boardGames": true, "arcade": false}', 4, '10:00:00', '23:59:00', 'AVAILABLE', 1, 1, 60, 180, NOW(), 8),
('fac_house_s006_6', 'house_s006', 6, '요가/스트레칭룸', '{"yogaMat": true, "mirror": true, "speaker": true}', 3, '07:00:00', '23:00:00', 'AVAILABLE', 1, 1, 30, 90, NOW(), 10),
('fac_house_s006_5', 'house_s006', 5, '입주민 회의실', '{"whiteboard": true, "display": true, "hdmi": true, "videoCall": true}', 7, '09:00:00', '22:00:00', 'AVAILABLE', 1, 2, 30, 120, NOW(), 13),
('fac_house_s006_9', 'house_s006', 9, '카페 라운지', '{"coffeeMachine": true, "snacks": true, "wifi": true, "charging": true}', 3, '00:00:00', '23:59:00', 'AVAILABLE', 0, NULL, NULL, NULL, NOW(), 45),
('fac_house_s006_7', 'house_s006', 7, '미디어 감상실', '{"projector": true, "surround": true, "streaming": true, "beanbag": true}', 7, '10:00:00', '23:59:00', 'AVAILABLE', 1, 1, 60, 180, NOW(), 13),
('fac_house_s006_4', 'house_s006', 4, '공용 키친', '{"stove": true, "oven": true, "microwave": true, "cookware": true, "diningTable": true}', 2, '06:00:00', '23:59:00', 'AVAILABLE', 0, NULL, NULL, NULL, NOW(), 17),
('fac_house_s006_8', 'house_s006', 8, '게임&플레이룸', '{"console": true, "boardGames": true, "arcade": false}', 2, '10:00:00', '23:59:00', 'AVAILABLE', 1, 1, 60, 180, NOW(), 8),
('fac_house_s007_9', 'house_s007', 9, '카페 라운지', '{"coffeeMachine": true, "snacks": true, "wifi": true, "charging": true}', 4, '00:00:00', '23:59:00', 'AVAILABLE', 0, NULL, NULL, NULL, NOW(), 36),
('fac_house_s007_4', 'house_s007', 4, '공용 키친', '{"stove": true, "oven": true, "microwave": true, "cookware": true, "diningTable": true}', 10, '06:00:00', '23:59:00', 'AVAILABLE', 0, NULL, NULL, NULL, NOW(), 28),
('fac_house_s007_7', 'house_s007', 7, '미디어 감상실', '{"projector": true, "surround": true, "streaming": true, "beanbag": true}', 5, '10:00:00', '23:59:00', 'AVAILABLE', 1, 1, 60, 180, NOW(), 15),
('fac_house_s007_5', 'house_s007', 5, '입주민 회의실', '{"whiteboard": true, "display": true, "hdmi": true, "videoCall": true}', 11, '09:00:00', '22:00:00', 'AVAILABLE', 1, 2, 30, 120, NOW(), 16),
('fac_house_s007_8', 'house_s007', 8, '게임&플레이룸', '{"console": true, "boardGames": true, "arcade": false}', 4, '10:00:00', '23:59:00', 'AVAILABLE', 1, 1, 60, 180, NOW(), 13),
('fac_house_s007_10', 'house_s007', 10, '코워킹 스페이스', '{"desk": true, "monitor": true, "printer": true, "wifi": true}', 3, '00:00:00', '23:59:00', 'AVAILABLE', 0, NULL, NULL, NULL, NOW(), 41),
('fac_house_s008_8', 'house_s008', 8, '게임&플레이룸', '{"console": true, "boardGames": true, "arcade": false}', 8, '10:00:00', '23:59:00', 'AVAILABLE', 1, 1, 60, 180, NOW(), 12),
('fac_house_s008_9', 'house_s008', 9, '카페 라운지', '{"coffeeMachine": true, "snacks": true, "wifi": true, "charging": true}', 1, '00:00:00', '23:59:00', 'AVAILABLE', 0, NULL, NULL, NULL, NOW(), 39),
('fac_house_s009_8', 'house_s009', 8, '게임&플레이룸', '{"console": true, "boardGames": true, "arcade": false}', 2, '10:00:00', '23:59:00', 'AVAILABLE', 1, 1, 60, 180, NOW(), 11),
('fac_house_s009_10', 'house_s009', 10, '코워킹 스페이스', '{"desk": true, "monitor": true, "printer": true, "wifi": true}', 3, '00:00:00', '23:59:00', 'AVAILABLE', 0, NULL, NULL, NULL, NOW(), 12),
('fac_house_s009_6', 'house_s009', 6, '요가/스트레칭룸', '{"yogaMat": true, "mirror": true, "speaker": true}', 1, '07:00:00', '23:00:00', 'AVAILABLE', 1, 1, 30, 90, NOW(), 14),
('fac_house_s009_5', 'house_s009', 5, '입주민 회의실', '{"whiteboard": true, "display": true, "hdmi": true, "videoCall": true}', 5, '09:00:00', '22:00:00', 'AVAILABLE', 1, 2, 30, 120, NOW(), 6),
('fac_house_s009_4', 'house_s009', 4, '공용 키친', '{"stove": true, "oven": true, "microwave": true, "cookware": true, "diningTable": true}', 4, '06:00:00', '23:59:00', 'AVAILABLE', 0, NULL, NULL, NULL, NOW(), 30),
('fac_house_s009_9', 'house_s009', 9, '카페 라운지', '{"coffeeMachine": true, "snacks": true, "wifi": true, "charging": true}', 7, '00:00:00', '23:59:00', 'AVAILABLE', 0, NULL, NULL, NULL, NOW(), 24),
('fac_house_s010_10', 'house_s010', 10, '코워킹 스페이스', '{"desk": true, "monitor": true, "printer": true, "wifi": true}', 2, '00:00:00', '23:59:00', 'AVAILABLE', 0, NULL, NULL, NULL, NOW(), 39),
('fac_house_s010_5', 'house_s010', 5, '입주민 회의실', '{"whiteboard": true, "display": true, "hdmi": true, "videoCall": true}', 4, '09:00:00', '22:00:00', 'AVAILABLE', 1, 2, 30, 120, NOW(), 15),
('fac_house_s010_6', 'house_s010', 6, '요가/스트레칭룸', '{"yogaMat": true, "mirror": true, "speaker": true}', 2, '07:00:00', '23:00:00', 'AVAILABLE', 1, 1, 30, 90, NOW(), 9),
('fac_house_s010_8', 'house_s010', 8, '게임&플레이룸', '{"console": true, "boardGames": true, "arcade": false}', 1, '10:00:00', '23:59:00', 'AVAILABLE', 1, 1, 60, 180, NOW(), 14),
('fac_house_s010_7', 'house_s010', 7, '미디어 감상실', '{"projector": true, "surround": true, "streaming": true, "beanbag": true}', 5, '10:00:00', '23:59:00', 'AVAILABLE', 1, 1, 60, 180, NOW(), 16),
('fac_house_s010_9', 'house_s010', 9, '카페 라운지', '{"coffeeMachine": true, "snacks": true, "wifi": true, "charging": true}', 5, '00:00:00', '23:59:00', 'AVAILABLE', 0, NULL, NULL, NULL, NOW(), 47),
('fac_house_s011_8', 'house_s011', 8, '게임&플레이룸', '{"console": true, "boardGames": true, "arcade": false}', 7, '10:00:00', '23:59:00', 'AVAILABLE', 1, 1, 60, 180, NOW(), 11),
('fac_house_s011_4', 'house_s011', 4, '공용 키친', '{"stove": true, "oven": true, "microwave": true, "cookware": true, "diningTable": true}', 8, '06:00:00', '23:59:00', 'AVAILABLE', 0, NULL, NULL, NULL, NOW(), 19),
('fac_house_s011_5', 'house_s011', 5, '입주민 회의실', '{"whiteboard": true, "display": true, "hdmi": true, "videoCall": true}', 10, '09:00:00', '22:00:00', 'AVAILABLE', 1, 2, 30, 120, NOW(), 13),
('fac_house_s012_9', 'house_s012', 9, '카페 라운지', '{"coffeeMachine": true, "snacks": true, "wifi": true, "charging": true}', 1, '00:00:00', '23:59:00', 'AVAILABLE', 0, NULL, NULL, NULL, NOW(), 45),
('fac_house_s012_6', 'house_s012', 6, '요가/스트레칭룸', '{"yogaMat": true, "mirror": true, "speaker": true}', 7, '07:00:00', '23:00:00', 'AVAILABLE', 1, 1, 30, 90, NOW(), 8),
('fac_house_s012_4', 'house_s012', 4, '공용 키친', '{"stove": true, "oven": true, "microwave": true, "cookware": true, "diningTable": true}', 1, '06:00:00', '23:59:00', 'AVAILABLE', 0, NULL, NULL, NULL, NOW(), 13),
('fac_house_s012_7', 'house_s012', 7, '미디어 감상실', '{"projector": true, "surround": true, "streaming": true, "beanbag": true}', 6, '10:00:00', '23:59:00', 'AVAILABLE', 1, 1, 60, 180, NOW(), 17),
('fac_house_s012_8', 'house_s012', 8, '게임&플레이룸', '{"console": true, "boardGames": true, "arcade": false}', 3, '10:00:00', '23:59:00', 'AVAILABLE', 1, 1, 60, 180, NOW(), 11),
('fac_house_s012_10', 'house_s012', 10, '코워킹 스페이스', '{"desk": true, "monitor": true, "printer": true, "wifi": true}', 4, '00:00:00', '23:59:00', 'AVAILABLE', 0, NULL, NULL, NULL, NOW(), 28),
('fac_house_s012_5', 'house_s012', 5, '입주민 회의실', '{"whiteboard": true, "display": true, "hdmi": true, "videoCall": true}', 7, '09:00:00', '22:00:00', 'AVAILABLE', 1, 2, 30, 120, NOW(), 5),
('fac_house_s013_8', 'house_s013', 8, '게임&플레이룸', '{"console": true, "boardGames": true, "arcade": false}', 8, '10:00:00', '23:59:00', 'AVAILABLE', 1, 1, 60, 180, NOW(), 9),
('fac_house_s014_5', 'house_s014', 5, '입주민 회의실', '{"whiteboard": true, "display": true, "hdmi": true, "videoCall": true}', 6, '09:00:00', '22:00:00', 'AVAILABLE', 1, 2, 30, 120, NOW(), 13),
('fac_house_s014_8', 'house_s014', 8, '게임&플레이룸', '{"console": true, "boardGames": true, "arcade": false}', 9, '10:00:00', '23:59:00', 'AVAILABLE', 1, 1, 60, 180, NOW(), 6),
('fac_house_s014_7', 'house_s014', 7, '미디어 감상실', '{"projector": true, "surround": true, "streaming": true, "beanbag": true}', 3, '10:00:00', '23:59:00', 'AVAILABLE', 1, 1, 60, 180, NOW(), 16),
('fac_house_s014_9', 'house_s014', 9, '카페 라운지', '{"coffeeMachine": true, "snacks": true, "wifi": true, "charging": true}', 4, '00:00:00', '23:59:00', 'AVAILABLE', 0, NULL, NULL, NULL, NOW(), 54),
('fac_house_s014_6', 'house_s014', 6, '요가/스트레칭룸', '{"yogaMat": true, "mirror": true, "speaker": true}', 13, '07:00:00', '23:00:00', 'AVAILABLE', 1, 1, 30, 90, NOW(), 7),
('fac_house_s015_9', 'house_s015', 9, '카페 라운지', '{"coffeeMachine": true, "snacks": true, "wifi": true, "charging": true}', 9, '00:00:00', '23:59:00', 'AVAILABLE', 0, NULL, NULL, NULL, NOW(), 35),
('fac_house_s015_8', 'house_s015', 8, '게임&플레이룸', '{"console": true, "boardGames": true, "arcade": false}', 6, '10:00:00', '23:59:00', 'AVAILABLE', 1, 1, 60, 180, NOW(), 7),
('fac_house_s015_6', 'house_s015', 6, '요가/스트레칭룸', '{"yogaMat": true, "mirror": true, "speaker": true}', 6, '07:00:00', '23:00:00', 'AVAILABLE', 1, 1, 30, 90, NOW(), 13),
('fac_house_s015_4', 'house_s015', 4, '공용 키친', '{"stove": true, "oven": true, "microwave": true, "cookware": true, "diningTable": true}', 6, '06:00:00', '23:59:00', 'AVAILABLE', 0, NULL, NULL, NULL, NOW(), 19),
('fac_house_s015_7', 'house_s015', 7, '미디어 감상실', '{"projector": true, "surround": true, "streaming": true, "beanbag": true}', 12, '10:00:00', '23:59:00', 'AVAILABLE', 1, 1, 60, 180, NOW(), 9),
('fac_house_s015_5', 'house_s015', 5, '입주민 회의실', '{"whiteboard": true, "display": true, "hdmi": true, "videoCall": true}', 11, '09:00:00', '22:00:00', 'AVAILABLE', 1, 2, 30, 120, NOW(), 10),
('fac_house_s015_10', 'house_s015', 10, '코워킹 스페이스', '{"desk": true, "monitor": true, "printer": true, "wifi": true}', 3, '00:00:00', '23:59:00', 'AVAILABLE', 0, NULL, NULL, NULL, NOW(), 59),
('fac_house_s016_10', 'house_s016', 10, '코워킹 스페이스', '{"desk": true, "monitor": true, "printer": true, "wifi": true}', 11, '00:00:00', '23:59:00', 'AVAILABLE', 0, NULL, NULL, NULL, NOW(), 38),
('fac_house_s016_4', 'house_s016', 4, '공용 키친', '{"stove": true, "oven": true, "microwave": true, "cookware": true, "diningTable": true}', 11, '06:00:00', '23:59:00', 'AVAILABLE', 0, NULL, NULL, NULL, NOW(), 30),
('fac_house_s016_5', 'house_s016', 5, '입주민 회의실', '{"whiteboard": true, "display": true, "hdmi": true, "videoCall": true}', 1, '09:00:00', '22:00:00', 'AVAILABLE', 1, 2, 30, 120, NOW(), 4),
('fac_house_s017_7', 'house_s017', 7, '미디어 감상실', '{"projector": true, "surround": true, "streaming": true, "beanbag": true}', 3, '10:00:00', '23:59:00', 'AVAILABLE', 1, 1, 60, 180, NOW(), 18),
('fac_house_s017_9', 'house_s017', 9, '카페 라운지', '{"coffeeMachine": true, "snacks": true, "wifi": true, "charging": true}', 4, '00:00:00', '23:59:00', 'AVAILABLE', 0, NULL, NULL, NULL, NOW(), 27),
('fac_house_s017_10', 'house_s017', 10, '코워킹 스페이스', '{"desk": true, "monitor": true, "printer": true, "wifi": true}', 12, '00:00:00', '23:59:00', 'AVAILABLE', 0, NULL, NULL, NULL, NOW(), 17),
('fac_house_s017_8', 'house_s017', 8, '게임&플레이룸', '{"console": true, "boardGames": true, "arcade": false}', 9, '10:00:00', '23:59:00', 'AVAILABLE', 1, 1, 60, 180, NOW(), 9),
('fac_house_s017_5', 'house_s017', 5, '입주민 회의실', '{"whiteboard": true, "display": true, "hdmi": true, "videoCall": true}', 10, '09:00:00', '22:00:00', 'AVAILABLE', 1, 2, 30, 120, NOW(), 11),
('fac_house_s018_4', 'house_s018', 4, '공용 키친', '{"stove": true, "oven": true, "microwave": true, "cookware": true, "diningTable": true}', 10, '06:00:00', '23:59:00', 'AVAILABLE', 0, NULL, NULL, NULL, NOW(), 14),
('fac_house_s018_7', 'house_s018', 7, '미디어 감상실', '{"projector": true, "surround": true, "streaming": true, "beanbag": true}', 4, '10:00:00', '23:59:00', 'AVAILABLE', 1, 1, 60, 180, NOW(), 11),
('fac_house_s019_9', 'house_s019', 9, '카페 라운지', '{"coffeeMachine": true, "snacks": true, "wifi": true, "charging": true}', 2, '00:00:00', '23:59:00', 'AVAILABLE', 0, NULL, NULL, NULL, NOW(), 19),
('fac_house_s019_6', 'house_s019', 6, '요가/스트레칭룸', '{"yogaMat": true, "mirror": true, "speaker": true}', 6, '07:00:00', '23:00:00', 'AVAILABLE', 1, 1, 30, 90, NOW(), 10),
('fac_house_s020_10', 'house_s020', 10, '코워킹 스페이스', '{"desk": true, "monitor": true, "printer": true, "wifi": true}', 1, '00:00:00', '23:59:00', 'AVAILABLE', 0, NULL, NULL, NULL, NOW(), 39),
('fac_house_s020_5', 'house_s020', 5, '입주민 회의실', '{"whiteboard": true, "display": true, "hdmi": true, "videoCall": true}', 13, '09:00:00', '22:00:00', 'AVAILABLE', 1, 2, 30, 120, NOW(), 5),
('fac_house_s020_7', 'house_s020', 7, '미디어 감상실', '{"projector": true, "surround": true, "streaming": true, "beanbag": true}', 12, '10:00:00', '23:59:00', 'AVAILABLE', 1, 1, 60, 180, NOW(), 16),
('fac_house_s020_6', 'house_s020', 6, '요가/스트레칭룸', '{"yogaMat": true, "mirror": true, "speaker": true}', 13, '07:00:00', '23:00:00', 'AVAILABLE', 1, 1, 30, 90, NOW(), 9),
('fac_house_s020_9', 'house_s020', 9, '카페 라운지', '{"coffeeMachine": true, "snacks": true, "wifi": true, "charging": true}', 8, '00:00:00', '23:59:00', 'AVAILABLE', 0, NULL, NULL, NULL, NOW(), 41),
('fac_house_s020_8', 'house_s020', 8, '게임&플레이룸', '{"console": true, "boardGames": true, "arcade": false}', 9, '10:00:00', '23:59:00', 'AVAILABLE', 1, 1, 60, 180, NOW(), 12),
('fac_house_s021_5', 'house_s021', 5, '입주민 회의실', '{"whiteboard": true, "display": true, "hdmi": true, "videoCall": true}', 6, '09:00:00', '22:00:00', 'AVAILABLE', 1, 2, 30, 120, NOW(), 5),
('fac_house_s021_4', 'house_s021', 4, '공용 키친', '{"stove": true, "oven": true, "microwave": true, "cookware": true, "diningTable": true}', 1, '06:00:00', '23:59:00', 'AVAILABLE', 0, NULL, NULL, NULL, NOW(), 15),
('fac_house_s021_9', 'house_s021', 9, '카페 라운지', '{"coffeeMachine": true, "snacks": true, "wifi": true, "charging": true}', 1, '00:00:00', '23:59:00', 'AVAILABLE', 0, NULL, NULL, NULL, NOW(), 44),
('fac_house_s021_6', 'house_s021', 6, '요가/스트레칭룸', '{"yogaMat": true, "mirror": true, "speaker": true}', 2, '07:00:00', '23:00:00', 'AVAILABLE', 1, 1, 30, 90, NOW(), 11),
('fac_house_s022_10', 'house_s022', 10, '코워킹 스페이스', '{"desk": true, "monitor": true, "printer": true, "wifi": true}', 3, '00:00:00', '23:59:00', 'AVAILABLE', 0, NULL, NULL, NULL, NOW(), 51),
('fac_house_s022_4', 'house_s022', 4, '공용 키친', '{"stove": true, "oven": true, "microwave": true, "cookware": true, "diningTable": true}', 3, '06:00:00', '23:59:00', 'AVAILABLE', 0, NULL, NULL, NULL, NOW(), 29),
('fac_house_s022_7', 'house_s022', 7, '미디어 감상실', '{"projector": true, "surround": true, "streaming": true, "beanbag": true}', 4, '10:00:00', '23:59:00', 'AVAILABLE', 1, 1, 60, 180, NOW(), 12),
('fac_house_s022_6', 'house_s022', 6, '요가/스트레칭룸', '{"yogaMat": true, "mirror": true, "speaker": true}', 6, '07:00:00', '23:00:00', 'AVAILABLE', 1, 1, 30, 90, NOW(), 7),
('fac_house_s022_5', 'house_s022', 5, '입주민 회의실', '{"whiteboard": true, "display": true, "hdmi": true, "videoCall": true}', 8, '09:00:00', '22:00:00', 'AVAILABLE', 1, 2, 30, 120, NOW(), 15),
('fac_house_s022_8', 'house_s022', 8, '게임&플레이룸', '{"console": true, "boardGames": true, "arcade": false}', 7, '10:00:00', '23:59:00', 'AVAILABLE', 1, 1, 60, 180, NOW(), 13),
('fac_house_s023_10', 'house_s023', 10, '코워킹 스페이스', '{"desk": true, "monitor": true, "printer": true, "wifi": true}', 3, '00:00:00', '23:59:00', 'AVAILABLE', 0, NULL, NULL, NULL, NOW(), 63),
('fac_house_s023_6', 'house_s023', 6, '요가/스트레칭룸', '{"yogaMat": true, "mirror": true, "speaker": true}', 4, '07:00:00', '23:00:00', 'AVAILABLE', 1, 1, 30, 90, NOW(), 11),
('fac_house_s024_5', 'house_s024', 5, '입주민 회의실', '{"whiteboard": true, "display": true, "hdmi": true, "videoCall": true}', 4, '09:00:00', '22:00:00', 'AVAILABLE', 1, 2, 30, 120, NOW(), 8),
('fac_house_s024_8', 'house_s024', 8, '게임&플레이룸', '{"console": true, "boardGames": true, "arcade": false}', 2, '10:00:00', '23:59:00', 'AVAILABLE', 1, 1, 60, 180, NOW(), 6),
('fac_house_s024_4', 'house_s024', 4, '공용 키친', '{"stove": true, "oven": true, "microwave": true, "cookware": true, "diningTable": true}', 2, '06:00:00', '23:59:00', 'AVAILABLE', 0, NULL, NULL, NULL, NOW(), 11),
('fac_house_s025_9', 'house_s025', 9, '카페 라운지', '{"coffeeMachine": true, "snacks": true, "wifi": true, "charging": true}', 8, '00:00:00', '23:59:00', 'AVAILABLE', 0, NULL, NULL, NULL, NOW(), 58),
('fac_house_s025_7', 'house_s025', 7, '미디어 감상실', '{"projector": true, "surround": true, "streaming": true, "beanbag": true}', 4, '10:00:00', '23:59:00', 'AVAILABLE', 1, 1, 60, 180, NOW(), 13),
('fac_house_s026_4', 'house_s026', 4, '공용 키친', '{"stove": true, "oven": true, "microwave": true, "cookware": true, "diningTable": true}', 4, '06:00:00', '23:59:00', 'AVAILABLE', 0, NULL, NULL, NULL, NOW(), 27),
('fac_house_s026_7', 'house_s026', 7, '미디어 감상실', '{"projector": true, "surround": true, "streaming": true, "beanbag": true}', 5, '10:00:00', '23:59:00', 'AVAILABLE', 1, 1, 60, 180, NOW(), 6),
('fac_house_s026_5', 'house_s026', 5, '입주민 회의실', '{"whiteboard": true, "display": true, "hdmi": true, "videoCall": true}', 3, '09:00:00', '22:00:00', 'AVAILABLE', 1, 2, 30, 120, NOW(), 10),
('fac_house_s027_5', 'house_s027', 5, '입주민 회의실', '{"whiteboard": true, "display": true, "hdmi": true, "videoCall": true}', 7, '09:00:00', '22:00:00', 'AVAILABLE', 1, 2, 30, 120, NOW(), 9),
('fac_house_s028_7', 'house_s028', 7, '미디어 감상실', '{"projector": true, "surround": true, "streaming": true, "beanbag": true}', 9, '10:00:00', '23:59:00', 'AVAILABLE', 1, 1, 60, 180, NOW(), 12),
('fac_house_s028_8', 'house_s028', 8, '게임&플레이룸', '{"console": true, "boardGames": true, "arcade": false}', 9, '10:00:00', '23:59:00', 'AVAILABLE', 1, 1, 60, 180, NOW(), 11),
('fac_house_s029_5', 'house_s029', 5, '입주민 회의실', '{"whiteboard": true, "display": true, "hdmi": true, "videoCall": true}', 8, '09:00:00', '22:00:00', 'AVAILABLE', 1, 2, 30, 120, NOW(), 15),
('fac_house_s029_6', 'house_s029', 6, '요가/스트레칭룸', '{"yogaMat": true, "mirror": true, "speaker": true}', 2, '07:00:00', '23:00:00', 'AVAILABLE', 1, 1, 30, 90, NOW(), 13),
('fac_house_s029_9', 'house_s029', 9, '카페 라운지', '{"coffeeMachine": true, "snacks": true, "wifi": true, "charging": true}', 7, '00:00:00', '23:59:00', 'AVAILABLE', 0, NULL, NULL, NULL, NOW(), 26),
('fac_house_s029_7', 'house_s029', 7, '미디어 감상실', '{"projector": true, "surround": true, "streaming": true, "beanbag": true}', 6, '10:00:00', '23:59:00', 'AVAILABLE', 1, 1, 60, 180, NOW(), 15),
('fac_house_s029_8', 'house_s029', 8, '게임&플레이룸', '{"console": true, "boardGames": true, "arcade": false}', 10, '10:00:00', '23:59:00', 'AVAILABLE', 1, 1, 60, 180, NOW(), 8),
('fac_house_s029_4', 'house_s029', 4, '공용 키친', '{"stove": true, "oven": true, "microwave": true, "cookware": true, "diningTable": true}', 4, '06:00:00', '23:59:00', 'AVAILABLE', 0, NULL, NULL, NULL, NOW(), 24),
('fac_house_s029_10', 'house_s029', 10, '코워킹 스페이스', '{"desk": true, "monitor": true, "printer": true, "wifi": true}', 9, '00:00:00', '23:59:00', 'AVAILABLE', 0, NULL, NULL, NULL, NOW(), 28),
('fac_house_s030_10', 'house_s030', 10, '코워킹 스페이스', '{"desk": true, "monitor": true, "printer": true, "wifi": true}', 6, '00:00:00', '23:59:00', 'AVAILABLE', 0, NULL, NULL, NULL, NOW(), 30),
('fac_house_s030_8', 'house_s030', 8, '게임&플레이룸', '{"console": true, "boardGames": true, "arcade": false}', 8, '10:00:00', '23:59:00', 'AVAILABLE', 1, 1, 60, 180, NOW(), 8),
('fac_house_s030_6', 'house_s030', 6, '요가/스트레칭룸', '{"yogaMat": true, "mirror": true, "speaker": true}', 5, '07:00:00', '23:00:00', 'AVAILABLE', 1, 1, 30, 90, NOW(), 11),
('fac_house_s030_4', 'house_s030', 4, '공용 키친', '{"stove": true, "oven": true, "microwave": true, "cookware": true, "diningTable": true}', 7, '06:00:00', '23:59:00', 'AVAILABLE', 0, NULL, NULL, NULL, NOW(), 26),
('fac_house_s030_9', 'house_s030', 9, '카페 라운지', '{"coffeeMachine": true, "snacks": true, "wifi": true, "charging": true}', 8, '00:00:00', '23:59:00', 'AVAILABLE', 0, NULL, NULL, NULL, NOW(), 22);

-- 17. 부대시설 사진 (tb_fm_images)
INSERT INTO `tb_fm_images` (`facility_image_no`, `facility_no`, `facility_original_image_name`, `facility_stored_image_name`) 
VALUES 
(1, 'fac1', 'gym_main.jpg', 'uuid-fac1-img1.jpg');
INSERT INTO `tb_fm_images` (`facility_no`, `facility_original_image_name`, `facility_stored_image_name`)
VALUES
('fac1', 'facility_3_운동시설.png', '1231f10f-2b8c-455c-a2e7-58694f239f16.png'),
('fac2', 'facility_1_라운지.png', '171beb6d-d5ea-4952-855d-3a3d6f437475.png'),
('fac_house1_7', 'facility_7_미디어룸.png', '66b5898d-555a-48f3-9463-cdbb92a466d7.png'),
('fac_house1_6', 'facility_6_요가룸.png', '9b334914-8d23-4c93-82fa-12aab4dbe7eb.png'),
('fac_house2_7', 'facility_7_미디어룸.png', '5b36f99e-44ac-49f3-8ab9-4ca7d627cfa9.png'),
('fac_house2_9', 'facility_9_카페라운지.png', 'f8937b0a-03ff-4a85-a0b8-7aa50930f25e.png'),
('fac_house2_10', 'facility_10_코워킹존.png', '6403cf1c-5c46-460a-b80d-899770c44fad.png'),
('fac_house2_4', 'facility_4_공용주방.png', 'b79a8313-d8ee-4705-bf51-a3b491b737d9.png'),
('fac_house2_6', 'facility_6_요가룸.png', 'a9af7bbc-7b71-4189-94db-e64500c40b56.png'),
('fac_house3_10', 'facility_10_코워킹존.png', 'c58d0973-ae54-4b29-a784-34ff359eb615.png'),
('fac_house3_8', 'facility_8_게임룸.png', '9ed30922-6be4-42f4-8488-1bf40a135ab4.png'),
('fac_house4_7', 'facility_7_미디어룸.png', '72573212-8c9b-4474-800f-493696c12c48.png'),
('fac_house4_8', 'facility_8_게임룸.png', 'ccfd8b89-29d2-4980-9c5b-8b65dfa21d73.png'),
('fac_house4_6', 'facility_6_요가룸.png', 'e3877d35-2b14-492a-9828-296d0f9d1142.png'),
('fac_house4_10', 'facility_10_코워킹존.png', 'cbfac460-ebff-4958-b861-96db3dced95d.png'),
('fac_house5_5', 'facility_5_회의실.png', 'cf47df68-8ec6-4c03-b133-7a1259ef8d8d.png'),
('fac_house5_6', 'facility_6_요가룸.png', 'cce0c76d-cbe3-4841-875a-848fada2bc52.png'),
('fac_house5_10', 'facility_10_코워킹존.png', 'bccb962f-9fa1-42e8-978e-9420e64c741f.png'),
('fac_house5_4', 'facility_4_공용주방.png', '91f2498a-ec9a-4ea6-8f0e-0b5887b3f532.png'),
('fac_house5_9', 'facility_9_카페라운지.png', 'fad75c77-079a-40ec-9a8b-e5fab8eddc34.png'),
('fac_house5_8', 'facility_8_게임룸.png', 'efa8e782-3364-4fa6-b19b-c2d82aadd267.png'),
('fac_house6_4', 'facility_4_공용주방.png', '353d524c-6305-4098-aa01-dde5d594c416.png'),
('fac_house6_10', 'facility_10_코워킹존.png', 'cc51fdbb-6d39-4c6b-b98b-6932e860a6a0.png'),
('fac_house6_8', 'facility_8_게임룸.png', 'df57d3b1-c42b-49cd-aeb7-4251a88cbf0c.png'),
('fac_house6_6', 'facility_6_요가룸.png', 'dd1c3d15-078b-4537-941a-0c827940b35e.png'),
('fac_house6_5', 'facility_5_회의실.png', 'f303bb6b-726d-4cf9-a480-4ec15e46600f.png'),
('fac_house7_9', 'facility_9_카페라운지.png', '54f540be-0484-4288-9ec3-d1c9fa819a3b.png'),
('fac_house7_10', 'facility_10_코워킹존.png', 'e385dcd6-e9b3-422b-942e-a20f984ad791.png'),
('fac_house7_8', 'facility_8_게임룸.png', 'aaa70b8d-e274-4bdf-aa71-2e26df39e97b.png'),
('fac_house7_5', 'facility_5_회의실.png', '9dfa1947-f6dd-4d8f-b32d-8fedb5aa1085.png'),
('fac_house7_4', 'facility_4_공용주방.png', 'ca8c12fb-90c4-4d55-8bfc-1a12d6f9f986.png'),
('fac_house8_5', 'facility_5_회의실.png', '50739be6-750f-48dc-a5e6-8b24124f2798.png'),
('fac_house8_6', 'facility_6_요가룸.png', '2615f1f8-11ee-42ec-853a-b8fb8846b75c.png'),
('fac_house8_9', 'facility_9_카페라운지.png', '98d0889a-748e-459b-b5a2-5f0abe64020e.png'),
('fac_house8_4', 'facility_4_공용주방.png', '6083e10c-de9a-4168-a360-0785d33671d0.png'),
('fac_house8_7', 'facility_7_미디어룸.png', '875e8dd7-aa8f-422b-959e-0daf918dfdf6.png'),
('fac_house9_7', 'facility_7_미디어룸.png', 'fcfe79c4-0fef-4516-a4fb-797495b50b92.png'),
('fac_house9_9', 'facility_9_카페라운지.png', '3bb79c98-431c-4c90-b22e-4dc4482bc177.png'),
('fac_house9_4', 'facility_4_공용주방.png', '7734e24d-77b7-4e20-9722-f7c70c58e91b.png'),
('fac_house10_10', 'facility_10_코워킹존.png', 'd666c13f-ff95-411a-8193-e86f870646a8.png'),
('fac_house10_5', 'facility_5_회의실.png', 'a2b65490-32af-4589-a7e8-34d5fc4c8f41.png'),
('fac_house10_6', 'facility_6_요가룸.png', 'c7136755-4404-417e-a5ca-68e66b7fb5f6.png'),
('fac_house10_9', 'facility_9_카페라운지.png', 'b15be898-3bba-4ace-ad18-341c8368bbae.png'),
('fac_house_s001_4', 'facility_4_공용주방.png', 'dab095a6-423f-4083-af3c-d64e559f6212.png'),
('fac_house_s002_5', 'facility_5_회의실.png', '68717146-e0f9-44a0-bf2e-3387660e7d2a.png'),
('fac_house_s002_10', 'facility_10_코워킹존.png', 'de73d7ef-1bb5-4a60-9cf8-6931d30b6886.png'),
('fac_house_s003_7', 'facility_7_미디어룸.png', '83113964-96ee-4d53-b5c0-62b15a371085.png'),
('fac_house_s003_10', 'facility_10_코워킹존.png', '95d6cbdc-cbb3-4099-aaca-d71da62e1d7b.png'),
('fac_house_s003_8', 'facility_8_게임룸.png', '87206ab5-4126-4e8c-a75d-f00a68f311de.png'),
('fac_house_s004_9', 'facility_9_카페라운지.png', '1d5fe151-c95f-4d38-a952-4b913c0a0265.png'),
('fac_house_s004_6', 'facility_6_요가룸.png', 'a60e2bbf-e771-45d1-a3c2-56a37b0d0e8d.png'),
('fac_house_s004_4', 'facility_4_공용주방.png', '9bcc7ab2-073d-45a1-9dec-6434769f96e2.png'),
('fac_house_s004_5', 'facility_5_회의실.png', '826256da-cd2f-4b9c-a176-855944612b8c.png'),
('fac_house_s004_7', 'facility_7_미디어룸.png', 'e8aa321b-ec0e-49b9-9d19-82b7a7146796.png'),
('fac_house_s005_7', 'facility_7_미디어룸.png', '23b6812a-ccf6-46a9-bec2-d272a4abebd2.png'),
('fac_house_s005_9', 'facility_9_카페라운지.png', 'f12f2472-bc37-4650-90ba-8671d8059fa1.png'),
('fac_house_s005_10', 'facility_10_코워킹존.png', '0715a67d-8a1f-4ed4-9911-fb6e28798ce6.png'),
('fac_house_s005_5', 'facility_5_회의실.png', '886ee546-522a-490b-9269-c0d0724160d2.png'),
('fac_house_s005_4', 'facility_4_공용주방.png', 'a8944a74-efde-4cf1-96b2-71f1e2299140.png'),
('fac_house_s005_8', 'facility_8_게임룸.png', '9552dd39-184d-41f2-a2a1-ddc02fe7ec1f.png'),
('fac_house_s006_6', 'facility_6_요가룸.png', '81534bb0-b7c1-4349-9aff-091b865240e2.png'),
('fac_house_s006_5', 'facility_5_회의실.png', '128ede67-c4af-402c-8b44-15b44ae92175.png'),
('fac_house_s006_9', 'facility_9_카페라운지.png', '326e57cc-3f80-4dfe-970a-b464ed0fb48c.png'),
('fac_house_s006_7', 'facility_7_미디어룸.png', '5d6d64c9-3a8e-4fb9-b40f-c1fbcdb494cd.png'),
('fac_house_s006_4', 'facility_4_공용주방.png', 'aac1ada8-fb0e-4f46-815e-afe40154192d.png'),
('fac_house_s006_8', 'facility_8_게임룸.png', 'a8d59dfb-830a-483e-97c6-528ef151be04.png'),
('fac_house_s007_9', 'facility_9_카페라운지.png', '6d87cd5c-6281-4c7a-b446-8a68c1448f3b.png'),
('fac_house_s007_4', 'facility_4_공용주방.png', 'eaa43a50-478a-4c73-aced-f1ef6a032b98.png'),
('fac_house_s007_7', 'facility_7_미디어룸.png', '60931a4e-63b0-4c24-944a-e6f8a8b6ce04.png'),
('fac_house_s007_5', 'facility_5_회의실.png', 'bcb8277e-1914-415d-b677-724052862371.png'),
('fac_house_s007_8', 'facility_8_게임룸.png', '485bac03-e83d-42c9-81b9-2aa5f13396c1.png'),
('fac_house_s007_10', 'facility_10_코워킹존.png', '8e02c2aa-982c-4552-a470-edf3c4dc05c0.png'),
('fac_house_s008_8', 'facility_8_게임룸.png', 'c1abd053-7c3d-49ba-b4b2-4e0a6f39a3d1.png'),
('fac_house_s008_9', 'facility_9_카페라운지.png', '20883a54-cfb0-48b1-b6b5-3c829ad637d5.png'),
('fac_house_s009_8', 'facility_8_게임룸.png', 'dc0e2ceb-d200-48d1-a337-6973b0db3f99.png'),
('fac_house_s009_10', 'facility_10_코워킹존.png', 'acc5135a-e7e2-4faf-acfa-c7c9f96291c2.png'),
('fac_house_s009_6', 'facility_6_요가룸.png', '0dba89e9-6326-4023-996d-f9a696e92004.png'),
('fac_house_s009_5', 'facility_5_회의실.png', 'dabc1cfc-f690-43c5-8bd9-73d516b057fd.png'),
('fac_house_s009_4', 'facility_4_공용주방.png', '05cb909f-6ea1-4421-99e2-941e3e40e665.png'),
('fac_house_s009_9', 'facility_9_카페라운지.png', '14933339-d599-4d4b-9ca9-e9d8f95650a7.png'),
('fac_house_s010_10', 'facility_10_코워킹존.png', 'e22cc334-115b-4ba4-a835-aff0fe503ef3.png'),
('fac_house_s010_5', 'facility_5_회의실.png', '4e3f819c-67d3-4d09-bea5-5966e08fe365.png'),
('fac_house_s010_6', 'facility_6_요가룸.png', '86280764-8cfc-402d-8920-a2370c7adfb7.png'),
('fac_house_s010_8', 'facility_8_게임룸.png', 'f9b2a47b-3b02-48b9-8653-418d2a68e189.png'),
('fac_house_s010_7', 'facility_7_미디어룸.png', '7f4fc5fe-e16a-478d-90cc-5203d560d732.png'),
('fac_house_s010_9', 'facility_9_카페라운지.png', 'dfb0814a-0a8b-4a0c-b0f5-13c5e666ae37.png'),
('fac_house_s011_8', 'facility_8_게임룸.png', '8f0882d9-047b-4de3-8ba0-99ace0dfe901.png'),
('fac_house_s011_4', 'facility_4_공용주방.png', '1672d7e3-cd3d-4e5c-89b5-52c94a497b31.png'),
('fac_house_s011_5', 'facility_5_회의실.png', '0823b399-feac-489f-8143-f9180de77f8b.png'),
('fac_house_s012_9', 'facility_9_카페라운지.png', '17f7df07-e5ed-49dd-a70f-1087dbb17507.png'),
('fac_house_s012_6', 'facility_6_요가룸.png', '9834d1ba-c05c-4dfa-b6fa-8237d841bfb6.png'),
('fac_house_s012_4', 'facility_4_공용주방.png', 'caa6894f-6863-41b9-bed9-e8f4bdb6514d.png'),
('fac_house_s012_7', 'facility_7_미디어룸.png', '534a8899-bd70-4069-8e2a-5bb75bd65feb.png'),
('fac_house_s012_8', 'facility_8_게임룸.png', 'a1facee8-644b-4222-b58c-87cb6641bfed.png'),
('fac_house_s012_10', 'facility_10_코워킹존.png', '4f73b8be-1d29-4813-8780-55eded62d818.png'),
('fac_house_s012_5', 'facility_5_회의실.png', 'fbea34a3-cd97-4f46-b139-a0ef07946fcc.png'),
('fac_house_s013_8', 'facility_8_게임룸.png', 'ba5c9e06-b248-4341-8e7c-727210296577.png'),
('fac_house_s014_5', 'facility_5_회의실.png', '73248238-bd22-4bbb-af62-b19392dc9577.png'),
('fac_house_s014_8', 'facility_8_게임룸.png', 'ed6af9d3-3570-4857-b189-e32193b4be8c.png'),
('fac_house_s014_7', 'facility_7_미디어룸.png', '982b30b0-ac12-4b01-8e8d-975cf7fa5338.png'),
('fac_house_s014_9', 'facility_9_카페라운지.png', '969145ff-5074-4ba5-8cc0-d4765b56f0f8.png'),
('fac_house_s014_6', 'facility_6_요가룸.png', 'cd56dfe3-0c09-48f2-9f2d-2448ae0b536b.png'),
('fac_house_s015_9', 'facility_9_카페라운지.png', 'aafe7a7f-65bd-4af3-8b17-a7ed83e9efaf.png'),
('fac_house_s015_8', 'facility_8_게임룸.png', 'd71492f6-cc85-4b37-ad97-ace68bca7546.png'),
('fac_house_s015_6', 'facility_6_요가룸.png', 'a3b0edf0-eb97-4238-a501-a91e891f4769.png'),
('fac_house_s015_4', 'facility_4_공용주방.png', '6de962e0-4259-4068-9b07-1a92629d41c8.png'),
('fac_house_s015_7', 'facility_7_미디어룸.png', 'b8b4037b-e5e8-48fa-bc98-43ccbd88f113.png'),
('fac_house_s015_5', 'facility_5_회의실.png', '846d1c3d-468f-4d80-a399-d14a0157591a.png'),
('fac_house_s015_10', 'facility_10_코워킹존.png', '50e93ace-3b73-45d6-adfa-a00308626564.png'),
('fac_house_s016_10', 'facility_10_코워킹존.png', 'b99e5aec-73e3-495c-8db0-7ae9f3fa3b36.png'),
('fac_house_s016_4', 'facility_4_공용주방.png', '87bad6ea-93d5-4008-a3a5-3e18eafc1a2f.png'),
('fac_house_s016_5', 'facility_5_회의실.png', 'd1a234f7-9858-4871-82bd-1f260df22f1a.png'),
('fac_house_s017_7', 'facility_7_미디어룸.png', '924e5da7-d563-462f-b3f0-7f9002c6f3ca.png'),
('fac_house_s017_9', 'facility_9_카페라운지.png', 'f56a914a-d682-4d34-8b9b-411d40a6ea9b.png'),
('fac_house_s017_10', 'facility_10_코워킹존.png', 'a7785050-0620-4f21-8f6a-23e460bc08cf.png'),
('fac_house_s017_8', 'facility_8_게임룸.png', '195436e1-baf4-4a6d-b5be-0c5d8c7b4a64.png'),
('fac_house_s017_5', 'facility_5_회의실.png', '09b3f8ec-4a3b-4325-9c5c-0b24a77df222.png'),
('fac_house_s018_4', 'facility_4_공용주방.png', '3aabe703-2acc-43de-8d9b-847c2840ab86.png'),
('fac_house_s018_7', 'facility_7_미디어룸.png', '32573726-592d-47de-b96d-bd7547851553.png'),
('fac_house_s019_9', 'facility_9_카페라운지.png', '12d6ce0b-f356-4834-8d63-a38c729a2818.png'),
('fac_house_s019_6', 'facility_6_요가룸.png', 'baa8116c-c660-4d5b-adf5-0f138c947a59.png'),
('fac_house_s020_10', 'facility_10_코워킹존.png', '4dd575a7-2f26-4482-a00a-e5e86e7faf73.png'),
('fac_house_s020_5', 'facility_5_회의실.png', '8dd0697f-55b3-4e58-a854-4daddc0f1234.png'),
('fac_house_s020_7', 'facility_7_미디어룸.png', 'f2aee1b7-0f2f-4388-a07c-e6812a5ccb3a.png'),
('fac_house_s020_6', 'facility_6_요가룸.png', '2977c383-29e1-4e7a-918b-9435d1ea555f.png'),
('fac_house_s020_9', 'facility_9_카페라운지.png', 'b0eea7df-b208-424c-8f8c-3c9a14537ea2.png'),
('fac_house_s020_8', 'facility_8_게임룸.png', 'f083a203-f15d-44f2-adc2-e02eab4db40e.png'),
('fac_house_s021_5', 'facility_5_회의실.png', 'a50018b7-fa22-4c5d-89dd-091b6717f694.png'),
('fac_house_s021_4', 'facility_4_공용주방.png', '51d552e5-0c0c-4264-9d44-4f52c64ccd69.png'),
('fac_house_s021_9', 'facility_9_카페라운지.png', 'a9f461b7-0fb8-42dc-afcd-855e938b59ab.png'),
('fac_house_s021_6', 'facility_6_요가룸.png', 'f3648604-2974-4acc-af17-dd67bc124a58.png'),
('fac_house_s022_10', 'facility_10_코워킹존.png', '9b7ab496-4a27-4eae-aa75-016ca282634f.png'),
('fac_house_s022_4', 'facility_4_공용주방.png', '296998ef-24fc-4138-ace3-8e97ff240a85.png'),
('fac_house_s022_7', 'facility_7_미디어룸.png', '9aa94a71-86b5-4bad-82ca-aac4547bab53.png'),
('fac_house_s022_6', 'facility_6_요가룸.png', '2778cf68-b198-4352-a87a-876c63e411a1.png'),
('fac_house_s022_5', 'facility_5_회의실.png', '1b695353-90e4-4f9f-9ccc-bf3f33bc515f.png'),
('fac_house_s022_8', 'facility_8_게임룸.png', '6f3fdc0c-f43f-457e-9ee6-0d5dfa781537.png'),
('fac_house_s023_10', 'facility_10_코워킹존.png', 'd176a241-c924-4289-9773-8f7a92e92d5c.png'),
('fac_house_s023_6', 'facility_6_요가룸.png', 'a9167608-9aec-44a3-a33f-ff5145ceb2fd.png'),
('fac_house_s024_5', 'facility_5_회의실.png', 'c9777771-34f0-4455-ad57-63524d147bb5.png'),
('fac_house_s024_8', 'facility_8_게임룸.png', 'baca3782-6712-4f3e-8d1b-61448096d414.png'),
('fac_house_s024_4', 'facility_4_공용주방.png', '196a0966-11f1-481f-8729-899c3d7be97f.png'),
('fac_house_s025_9', 'facility_9_카페라운지.png', '887e7005-6c9e-46c4-8d39-325954aea04f.png'),
('fac_house_s025_7', 'facility_7_미디어룸.png', '24d2d50a-ca73-42b4-97a6-060d084e0d02.png'),
('fac_house_s026_4', 'facility_4_공용주방.png', 'f2e2f61b-fa57-46ad-bafa-6d6dba847424.png'),
('fac_house_s026_7', 'facility_7_미디어룸.png', '772818db-9020-458c-9d94-9ccb0106214a.png'),
('fac_house_s026_5', 'facility_5_회의실.png', '3682c861-ffa0-42b8-bacf-e1cc48524032.png'),
('fac_house_s027_5', 'facility_5_회의실.png', '45151492-68df-40a6-97ac-14fa2ba162d6.png'),
('fac_house_s028_7', 'facility_7_미디어룸.png', '206e1753-26f6-4e87-952a-fe597b2c3c57.png'),
('fac_house_s028_8', 'facility_8_게임룸.png', 'd59125d2-258a-4474-bc70-aaeef805f123.png'),
('fac_house_s029_5', 'facility_5_회의실.png', '0a18787b-0e71-4ac1-8f61-3d618bd64cbb.png'),
('fac_house_s029_6', 'facility_6_요가룸.png', '50132348-07c3-4b6e-a777-7eca353bf5aa.png'),
('fac_house_s029_9', 'facility_9_카페라운지.png', '4190bd63-694e-42cb-97bc-ba9e35e4161b.png'),
('fac_house_s029_7', 'facility_7_미디어룸.png', '3210c7b7-d148-490e-9472-d0904cfbbdfc.png'),
('fac_house_s029_8', 'facility_8_게임룸.png', '479d4084-a2c8-4016-b177-fd3953ec4890.png'),
('fac_house_s029_4', 'facility_4_공용주방.png', '91fc3371-851a-4ace-b05b-ff4110af2dd6.png'),
('fac_house_s029_10', 'facility_10_코워킹존.png', '9c8b330c-bbc9-45a4-b085-2c80fc082217.png'),
('fac_house_s030_10', 'facility_10_코워킹존.png', '5573c6d9-e58d-4179-82c7-2b6041993290.png'),
('fac_house_s030_8', 'facility_8_게임룸.png', '18870567-00d2-411f-82ba-211a7f57f781.png'),
('fac_house_s030_6', 'facility_6_요가룸.png', 'd406e304-c117-4a7e-bce0-ec173c3970f7.png'),
('fac_house_s030_4', 'facility_4_공용주방.png', '58898bce-a913-45da-bf3b-4a5e89cc2d8e.png'),
('fac_house_s030_9', 'facility_9_카페라운지.png', 'e033c457-8ee9-4252-929d-e107eef819c8.png');


-- 18. 부대시설 예약 (tb_fm_rsvn)
INSERT INTO `tb_fm_rsvn` (`rsvn_no`, `facility_no`, `user_no`, `rsvn_name`, `rsvn_phone`, `rsvn_date`, `rsvn_start_time`, `rsvn_end_time`, `rsvn_status`, `rsvn_created_at`) 
VALUES 
('rsvn1', 'fac_house1_6', 'user1', '박일번', '010-2222-2222', '2026-02-27', '19:00:00', '21:00:00', 'APPROVED', '2026-02-10 00:00:01');
